Folder Path,File Count,Folder Count,.adt,.anim,.blob,.blp,.bls,.db,.dbc,.delete,.m2,.mp3,.not,.skin,.test,.trs,.txt,.uvw,.wav,.wdl,.wdt,.wfx,.what,.wmo,.wtf,[NO_EXTENSION]
C:\Users\ehsra\Documents\GitHub\WMVxTOPNG\ModelsTree,5,20,0,0,0,0,0,0,0,0,0,0,0,0,0,0,2,0,0,0,0,0,0,0,0,3
C:\Users\ehsra\Documents\GitHub\WMVxTOPNG\ModelsTree\Cameras,40,0,0,0,0,0,0,0,0,0,20,0,0,20,0,0,0,0,0,0,0,0,0,0,0,0
C:\Users\ehsra\Documents\GitHub\WMVxTOPNG\ModelsTree\Character,0,21,0,0,0,0,0,0,0,0,0,0,0,0,0,0,0,0,0,0,0,0,0,0,0,0
C:\Users\ehsra\Documents\GitHub\WMVxTOPNG\ModelsTree\Character\BloodElf,13,2,0,0,0,13,0,0,0,0,0,0,0,0,0,0,0,0,0,0,0,0,0,0,0,0
C:\Users\ehsra\Documents\GitHub\WMVxTOPNG\ModelsTree\Character\BloodElf\Female,515,0,0,45,0,464,0,0,0,0,1,0,0,4,0,0,1,0,0,0,0,0,0,0,0,0
C:\Users\ehsra\Documents\GitHub\WMVxTOPNG\ModelsTree\Character\BloodElf\Male,519,0,0,46,0,468,0,0,0,0,1,0,0,4,0,0,0,0,0,0,0,0,0,0,0,0
C:\Users\ehsra\Documents\GitHub\WMVxTOPNG\ModelsTree\Character\BROKEN,10,2,0,0,0,10,0,0,0,0,0,0,0,0,0,0,0,0,0,0,0,0,0,0,0,0
C:\Users\ehsra\Documents\GitHub\WMVxTOPNG\ModelsTree\Character\BROKEN\Female,44,0,0,42,0,0,0,0,0,0,1,0,0,1,0,0,0,0,0,0,0,0,0,0,0,0
C:\Users\ehsra\Documents\GitHub\WMVxTOPNG\ModelsTree\Character\BROKEN\Male,73,0,0,45,0,25,0,0,0,0,1,0,0,2,0,0,0,0,0,0,0,0,0,0,0,0
C:\Users\ehsra\Documents\GitHub\WMVxTOPNG\ModelsTree\Character\Draenei,10,2,0,0,0,10,0,0,0,0,0,0,0,0,0,0,0,0,0,0,0,0,0,0,0,0
C:\Users\ehsra\Documents\GitHub\WMVxTOPNG\ModelsTree\Character\Draenei\Female,640,0,0,88,0,543,0,0,0,0,1,0,0,8,0,0,0,0,0,0,0,0,0,0,0,0
C:\Users\ehsra\Documents\GitHub\WMVxTOPNG\ModelsTree\Character\Draenei\Male,723,0,0,88,0,626,0,0,0,0,1,0,0,8,0,0,0,0,0,0,0,0,0,0,0,0
C:\Users\ehsra\Documents\GitHub\WMVxTOPNG\ModelsTree\Character\Dwarf,247,2,0,0,0,247,0,0,0,0,0,0,0,0,0,0,0,0,0,0,0,0,0,0,0,0
C:\Users\ehsra\Documents\GitHub\WMVxTOPNG\ModelsTree\Character\Dwarf\Female,479,0,0,44,0,430,0,0,0,0,1,0,0,4,0,0,0,0,0,0,0,0,0,0,0,0
C:\Users\ehsra\Documents\GitHub\WMVxTOPNG\ModelsTree\Character\Dwarf\Male,478,0,0,46,0,427,0,0,0,0,1,0,0,4,0,0,0,0,0,0,0,0,0,0,0,0
C:\Users\ehsra\Documents\GitHub\WMVxTOPNG\ModelsTree\Character\FelOrc,0,2,0,0,0,0,0,0,0,0,0,0,0,0,0,0,0,0,0,0,0,0,0,0,0,0
C:\Users\ehsra\Documents\GitHub\WMVxTOPNG\ModelsTree\Character\FelOrc\Female,51,0,0,46,0,2,0,0,0,0,1,0,0,2,0,0,0,0,0,0,0,0,0,0,0,0
C:\Users\ehsra\Documents\GitHub\WMVxTOPNG\ModelsTree\Character\FelOrc\Male,159,0,0,138,0,12,0,0,0,0,3,0,0,6,0,0,0,0,0,0,0,0,0,0,0,0
C:\Users\ehsra\Documents\GitHub\WMVxTOPNG\ModelsTree\Character\ForestTroll,190,1,0,0,0,190,0,0,0,0,0,0,0,0,0,0,0,0,0,0,0,0,0,0,0,0
C:\Users\ehsra\Documents\GitHub\WMVxTOPNG\ModelsTree\Character\ForestTroll\Male,129,0,0,48,0,78,0,0,0,0,1,0,0,2,0,0,0,0,0,0,0,0,0,0,0,0
C:\Users\ehsra\Documents\GitHub\WMVxTOPNG\ModelsTree\Character\Gnome,348,2,0,0,0,348,0,0,0,0,0,0,0,0,0,0,0,0,0,0,0,0,0,0,0,0
C:\Users\ehsra\Documents\GitHub\WMVxTOPNG\ModelsTree\Character\Gnome\Female,232,0,0,46,0,182,0,0,0,0,1,0,0,3,0,0,0,0,0,0,0,0,0,0,0,0
C:\Users\ehsra\Documents\GitHub\WMVxTOPNG\ModelsTree\Character\Gnome\Male,233,0,0,47,0,182,0,0,0,0,1,0,0,3,0,0,0,0,0,0,0,0,0,0,0,0
C:\Users\ehsra\Documents\GitHub\WMVxTOPNG\ModelsTree\Character\Goblin,0,2,0,0,0,0,0,0,0,0,0,0,0,0,0,0,0,0,0,0,0,0,0,0,0,0
C:\Users\ehsra\Documents\GitHub\WMVxTOPNG\ModelsTree\Character\Goblin\Female,45,0,0,36,0,6,0,0,0,0,1,0,0,2,0,0,0,0,0,0,0,0,0,0,0,0
C:\Users\ehsra\Documents\GitHub\WMVxTOPNG\ModelsTree\Character\Goblin\Male,42,0,0,32,0,6,0,0,0,0,1,0,0,3,0,0,0,0,0,0,0,0,0,0,0,0
C:\Users\ehsra\Documents\GitHub\WMVxTOPNG\ModelsTree\Character\Human,364,2,0,0,0,364,0,0,0,0,0,0,0,0,0,0,0,0,0,0,0,0,0,0,0,0
C:\Users\ehsra\Documents\GitHub\WMVxTOPNG\ModelsTree\Character\Human\Female,805,0,0,135,0,662,0,0,0,0,1,0,0,7,0,0,0,0,0,0,0,0,0,0,0,0
C:\Users\ehsra\Documents\GitHub\WMVxTOPNG\ModelsTree\Character\Human\Male,588,0,0,47,0,537,0,0,0,0,1,0,0,3,0,0,0,0,0,0,0,0,0,0,0,0
C:\Users\ehsra\Documents\GitHub\WMVxTOPNG\ModelsTree\Character\IceTroll,6,1,0,0,0,6,0,0,0,0,0,0,0,0,0,0,0,0,0,0,0,0,0,0,0,0
C:\Users\ehsra\Documents\GitHub\WMVxTOPNG\ModelsTree\Character\IceTroll\Male,71,0,0,48,0,20,0,0,0,0,1,0,0,2,0,0,0,0,0,0,0,0,0,0,0,0
C:\Users\ehsra\Documents\GitHub\WMVxTOPNG\ModelsTree\Character\Naga_,0,2,0,0,0,0,0,0,0,0,0,0,0,0,0,0,0,0,0,0,0,0,0,0,0,0
C:\Users\ehsra\Documents\GitHub\WMVxTOPNG\ModelsTree\Character\Naga_\Female,36,0,0,1,0,30,0,0,0,0,1,0,0,4,0,0,0,0,0,0,0,0,0,0,0,0
C:\Users\ehsra\Documents\GitHub\WMVxTOPNG\ModelsTree\Character\Naga_\Male,42,0,0,2,0,35,0,0,0,0,1,0,0,4,0,0,0,0,0,0,0,0,0,0,0,0
C:\Users\ehsra\Documents\GitHub\WMVxTOPNG\ModelsTree\Character\NightElf,409,2,0,0,0,409,0,0,0,0,0,0,0,0,0,0,0,0,0,0,0,0,0,0,0,0
C:\Users\ehsra\Documents\GitHub\WMVxTOPNG\ModelsTree\Character\NightElf\Female,428,0,0,44,0,379,0,0,0,0,1,0,0,4,0,0,0,0,0,0,0,0,0,0,0,0
C:\Users\ehsra\Documents\GitHub\WMVxTOPNG\ModelsTree\Character\NightElf\Male,421,0,0,42,0,376,0,0,0,0,1,0,0,2,0,0,0,0,0,0,0,0,0,0,0,0
C:\Users\ehsra\Documents\GitHub\WMVxTOPNG\ModelsTree\Character\NorthrendSkeleton,0,1,0,0,0,0,0,0,0,0,0,0,0,0,0,0,0,0,0,0,0,0,0,0,0,0
C:\Users\ehsra\Documents\GitHub\WMVxTOPNG\ModelsTree\Character\NorthrendSkeleton\Male,14,0,0,3,0,8,0,0,0,0,1,0,0,2,0,0,0,0,0,0,0,0,0,0,0,0
C:\Users\ehsra\Documents\GitHub\WMVxTOPNG\ModelsTree\Character\Orc,286,2,0,0,0,286,0,0,0,0,0,0,0,0,0,0,0,0,0,0,0,0,0,0,0,0
C:\Users\ehsra\Documents\GitHub\WMVxTOPNG\ModelsTree\Character\Orc\Female,427,0,0,44,0,380,0,0,0,0,1,0,0,2,0,0,0,0,0,0,0,0,0,0,0,0
C:\Users\ehsra\Documents\GitHub\WMVxTOPNG\ModelsTree\Character\Orc\Male,517,0,0,94,0,416,0,0,0,0,1,0,0,6,0,0,0,0,0,0,0,0,0,0,0,0
C:\Users\ehsra\Documents\GitHub\WMVxTOPNG\ModelsTree\Character\Scourge,73,2,0,0,0,73,0,0,0,0,0,0,0,0,0,0,0,0,0,0,0,0,0,0,0,0
C:\Users\ehsra\Documents\GitHub\WMVxTOPNG\ModelsTree\Character\Scourge\Female,185,0,0,43,0,138,0,0,0,0,1,0,0,3,0,0,0,0,0,0,0,0,0,0,0,0
C:\Users\ehsra\Documents\GitHub\WMVxTOPNG\ModelsTree\Character\Scourge\Male,183,0,0,46,0,133,0,0,0,0,1,0,0,3,0,0,0,0,0,0,0,0,0,0,0,0
C:\Users\ehsra\Documents\GitHub\WMVxTOPNG\ModelsTree\Character\Skeleton,0,2,0,0,0,0,0,0,0,0,0,0,0,0,0,0,0,0,0,0,0,0,0,0,0,0
C:\Users\ehsra\Documents\GitHub\WMVxTOPNG\ModelsTree\Character\Skeleton\Female,2,0,0,0,0,0,0,0,0,0,1,0,0,1,0,0,0,0,0,0,0,0,0,0,0,0
C:\Users\ehsra\Documents\GitHub\WMVxTOPNG\ModelsTree\Character\Skeleton\Male,66,0,0,45,0,18,0,0,0,0,1,0,0,2,0,0,0,0,0,0,0,0,0,0,0,0
C:\Users\ehsra\Documents\GitHub\WMVxTOPNG\ModelsTree\Character\Taunka,0,1,0,0,0,0,0,0,0,0,0,0,0,0,0,0,0,0,0,0,0,0,0,0,0,0
C:\Users\ehsra\Documents\GitHub\WMVxTOPNG\ModelsTree\Character\Taunka\Male,73,0,0,45,0,24,0,0,0,0,1,0,0,3,0,0,0,0,0,0,0,0,0,0,0,0
C:\Users\ehsra\Documents\GitHub\WMVxTOPNG\ModelsTree\Character\Tauren,6,2,0,0,0,6,0,0,0,0,0,0,0,0,0,0,0,0,0,0,0,0,0,0,0,0
C:\Users\ehsra\Documents\GitHub\WMVxTOPNG\ModelsTree\Character\Tauren\Female,229,0,0,43,0,182,0,0,0,0,1,0,0,3,0,0,0,0,0,0,0,0,0,0,0,0
C:\Users\ehsra\Documents\GitHub\WMVxTOPNG\ModelsTree\Character\Tauren\Male,524,0,0,45,0,475,0,0,0,0,1,0,0,3,0,0,0,0,0,0,0,0,0,0,0,0
C:\Users\ehsra\Documents\GitHub\WMVxTOPNG\ModelsTree\Character\Troll,247,2,0,0,0,247,0,0,0,0,0,0,0,0,0,0,0,0,0,0,0,0,0,0,0,0
C:\Users\ehsra\Documents\GitHub\WMVxTOPNG\ModelsTree\Character\Troll\Female,290,0,0,46,0,241,0,0,0,0,1,0,0,2,0,0,0,0,0,0,0,0,0,0,0,0
C:\Users\ehsra\Documents\GitHub\WMVxTOPNG\ModelsTree\Character\Troll\Male,250,0,0,48,0,198,0,0,0,0,1,0,0,3,0,0,0,0,0,0,0,0,0,0,0,0
C:\Users\ehsra\Documents\GitHub\WMVxTOPNG\ModelsTree\Character\TUSKARR,7,1,0,0,0,7,0,0,0,0,0,0,0,0,0,0,0,0,0,0,0,0,0,0,0,0
C:\Users\ehsra\Documents\GitHub\WMVxTOPNG\ModelsTree\Character\TUSKARR\MALE,56,0,0,11,0,42,0,0,0,0,1,0,0,2,0,0,0,0,0,0,0,0,0,0,0,0
C:\Users\ehsra\Documents\GitHub\WMVxTOPNG\ModelsTree\Character\Vrykul,65,1,0,0,0,65,0,0,0,0,0,0,0,0,0,0,0,0,0,0,0,0,0,0,0,0
C:\Users\ehsra\Documents\GitHub\WMVxTOPNG\ModelsTree\Character\Vrykul\Male,57,1,0,18,0,35,0,0,0,0,1,0,0,3,0,0,0,0,0,0,0,0,0,0,0,0
C:\Users\ehsra\Documents\GitHub\WMVxTOPNG\ModelsTree\Character\Vrykul\Male\TEXTURES,1,0,0,0,0,1,0,0,0,0,0,0,0,0,0,0,0,0,0,0,0,0,0,0,0,0
C:\Users\ehsra\Documents\GitHub\WMVxTOPNG\ModelsTree\Creature,0,638,0,0,0,0,0,0,0,0,0,0,0,0,0,0,0,0,0,0,0,0,0,0,0,0
C:\Users\ehsra\Documents\GitHub\WMVxTOPNG\ModelsTree\Creature\ABYSSALILLIDAN,6,0,0,0,0,3,0,0,0,0,1,0,0,2,0,0,0,0,0,0,0,0,0,0,0,0
C:\Users\ehsra\Documents\GitHub\WMVxTOPNG\ModelsTree\Creature\AbyssalOutland,9,0,0,0,0,6,0,0,0,0,1,0,0,2,0,0,0,0,0,0,0,0,0,0,0,0
C:\Users\ehsra\Documents\GitHub\WMVxTOPNG\ModelsTree\Creature\AirElemental,7,0,0,0,0,4,0,0,0,0,1,0,0,2,0,0,0,0,0,0,0,0,0,0,0,0
C:\Users\ehsra\Documents\GitHub\WMVxTOPNG\ModelsTree\Creature\Akama,50,0,0,44,0,3,0,0,0,0,1,0,0,2,0,0,0,0,0,0,0,0,0,0,0,0
C:\Users\ehsra\Documents\GitHub\WMVxTOPNG\ModelsTree\Creature\Alexstrasza,69,0,0,53,0,6,0,0,0,0,2,0,0,8,0,0,0,0,0,0,0,0,0,0,0,0
C:\Users\ehsra\Documents\GitHub\WMVxTOPNG\ModelsTree\Creature\AlglontheObserver,25,0,0,18,0,2,0,0,0,0,1,0,0,4,0,0,0,0,0,0,0,0,0,0,0,0
C:\Users\ehsra\Documents\GitHub\WMVxTOPNG\ModelsTree\Creature\AllianceBomb,2,0,0,0,0,0,0,0,0,0,1,0,0,1,0,0,0,0,0,0,0,0,0,0,0,0
C:\Users\ehsra\Documents\GitHub\WMVxTOPNG\ModelsTree\Creature\AllianceBrassCannon,2,0,0,0,0,0,0,0,0,0,1,0,0,1,0,0,0,0,0,0,0,0,0,0,0,0
C:\Users\ehsra\Documents\GitHub\WMVxTOPNG\ModelsTree\Creature\ALLIANCERIDER,5,0,0,0,0,2,0,0,0,0,1,0,0,2,0,0,0,0,0,0,0,0,0,0,0,0
C:\Users\ehsra\Documents\GitHub\WMVxTOPNG\ModelsTree\Creature\Ancientofarcane,6,0,0,0,0,3,0,0,0,0,1,0,0,2,0,0,0,0,0,0,0,0,0,0,0,0
C:\Users\ehsra\Documents\GitHub\WMVxTOPNG\ModelsTree\Creature\AncientOfLore,4,0,0,0,0,1,0,0,0,0,1,0,0,2,0,0,0,0,0,0,0,0,0,0,0,0
C:\Users\ehsra\Documents\GitHub\WMVxTOPNG\ModelsTree\Creature\AncientOfWar,6,0,0,0,0,3,0,0,0,0,1,0,0,2,0,0,0,0,0,0,0,0,0,0,0,0
C:\Users\ehsra\Documents\GitHub\WMVxTOPNG\ModelsTree\Creature\ANCIENTPROTECTOR,9,0,0,0,0,6,0,0,0,0,1,0,0,2,0,0,0,0,0,0,0,0,0,0,0,0
C:\Users\ehsra\Documents\GitHub\WMVxTOPNG\ModelsTree\Creature\AncientProtectorCrystalSong,14,0,0,0,0,9,0,0,0,0,1,0,0,4,0,0,0,0,0,0,0,0,0,0,0,0
C:\Users\ehsra\Documents\GitHub\WMVxTOPNG\ModelsTree\Creature\Anduin,51,0,0,47,0,1,0,0,0,0,1,0,0,2,0,0,0,0,0,0,0,0,0,0,0,0
C:\Users\ehsra\Documents\GitHub\WMVxTOPNG\ModelsTree\Creature\Anubisath,5,0,0,0,0,2,0,0,0,0,1,0,0,2,0,0,0,0,0,0,0,0,0,0,0,0
C:\Users\ehsra\Documents\GitHub\WMVxTOPNG\ModelsTree\Creature\Arakkoa,99,0,0,54,0,33,0,0,0,0,3,0,0,9,0,0,0,0,0,0,0,0,0,0,0,0
C:\Users\ehsra\Documents\GitHub\WMVxTOPNG\ModelsTree\Creature\ArcaneGolem,14,0,0,3,0,7,0,0,0,0,2,0,0,2,0,0,0,0,0,0,0,0,0,0,0,0
C:\Users\ehsra\Documents\GitHub\WMVxTOPNG\ModelsTree\Creature\ARCANETITAN,5,0,0,0,0,2,0,0,0,0,1,0,0,2,0,0,0,0,0,0,0,0,0,0,0,0
C:\Users\ehsra\Documents\GitHub\WMVxTOPNG\ModelsTree\Creature\ArcaneVoidwraith,6,0,0,0,0,3,0,0,0,0,1,0,0,2,0,0,0,0,0,0,0,0,0,0,0,0
C:\Users\ehsra\Documents\GitHub\WMVxTOPNG\ModelsTree\Creature\ArcticCondor,11,0,0,5,0,3,0,0,0,0,1,0,0,2,0,0,0,0,0,0,0,0,0,0,0,0
C:\Users\ehsra\Documents\GitHub\WMVxTOPNG\ModelsTree\Creature\Arthas,50,0,0,45,0,2,0,0,0,0,1,0,0,2,0,0,0,0,0,0,0,0,0,0,0,0
C:\Users\ehsra\Documents\GitHub\WMVxTOPNG\ModelsTree\Creature\ARTHASLICHKING,41,0,0,25,0,5,0,0,0,0,2,0,0,9,0,0,0,0,0,0,0,0,0,0,0,0
C:\Users\ehsra\Documents\GitHub\WMVxTOPNG\ModelsTree\Creature\ARTHASUNDEAD,50,0,0,45,0,2,0,0,0,0,1,0,0,2,0,0,0,0,0,0,0,0,0,0,0,0
C:\Users\ehsra\Documents\GitHub\WMVxTOPNG\ModelsTree\Creature\BabyBeholder,5,0,0,0,0,2,0,0,0,0,1,0,0,2,0,0,0,0,0,0,0,0,0,0,0,0
C:\Users\ehsra\Documents\GitHub\WMVxTOPNG\ModelsTree\Creature\BabyCrocodile,7,0,0,0,0,4,0,0,0,0,1,0,0,2,0,0,0,0,0,0,0,0,0,0,0,0
C:\Users\ehsra\Documents\GitHub\WMVxTOPNG\ModelsTree\Creature\BabyElekk,6,0,0,0,0,4,0,0,0,0,1,0,0,1,0,0,0,0,0,0,0,0,0,0,0,0
C:\Users\ehsra\Documents\GitHub\WMVxTOPNG\ModelsTree\Creature\BabyHawkstrider,5,0,0,0,0,3,0,0,0,0,1,0,0,1,0,0,0,0,0,0,0,0,0,0,0,0
C:\Users\ehsra\Documents\GitHub\WMVxTOPNG\ModelsTree\Creature\BabyLich,7,0,0,1,0,1,0,0,0,0,1,0,0,4,0,0,0,0,0,0,0,0,0,0,0,0
C:\Users\ehsra\Documents\GitHub\WMVxTOPNG\ModelsTree\Creature\BAND,38,0,0,0,0,17,0,0,0,0,6,0,0,15,0,0,0,0,0,0,0,0,0,0,0,0
C:\Users\ehsra\Documents\GitHub\WMVxTOPNG\ModelsTree\Creature\Banshee,10,0,0,0,0,5,0,0,0,0,1,0,0,4,0,0,0,0,0,0,0,0,0,0,0,0
C:\Users\ehsra\Documents\GitHub\WMVxTOPNG\ModelsTree\Creature\BASILISK,17,0,0,0,0,14,0,0,0,0,1,0,0,2,0,0,0,0,0,0,0,0,0,0,0,0
C:\Users\ehsra\Documents\GitHub\WMVxTOPNG\ModelsTree\Creature\BasiliskOutland,7,0,0,0,0,4,0,0,0,0,1,0,0,2,0,0,0,0,0,0,0,0,0,0,0,0
C:\Users\ehsra\Documents\GitHub\WMVxTOPNG\ModelsTree\Creature\bear,48,0,0,28,0,12,0,0,0,0,3,0,0,5,0,0,0,0,0,0,0,0,0,0,0,0
C:\Users\ehsra\Documents\GitHub\WMVxTOPNG\ModelsTree\Creature\BearCub,21,0,0,6,0,12,0,0,0,0,1,0,0,2,0,0,0,0,0,0,0,0,0,0,0,0
C:\Users\ehsra\Documents\GitHub\WMVxTOPNG\ModelsTree\Creature\BearGod,8,0,0,2,0,3,0,0,0,0,1,0,0,2,0,0,0,0,0,0,0,0,0,0,0,0
C:\Users\ehsra\Documents\GitHub\WMVxTOPNG\ModelsTree\Creature\bearmount,22,0,0,11,0,8,0,0,0,0,1,0,0,2,0,0,0,0,0,0,0,0,0,0,0,0
C:\Users\ehsra\Documents\GitHub\WMVxTOPNG\ModelsTree\Creature\bearmountALT,17,0,0,11,0,3,0,0,0,0,1,0,0,2,0,0,0,0,0,0,0,0,0,0,0,0
C:\Users\ehsra\Documents\GitHub\WMVxTOPNG\ModelsTree\Creature\BEHOLDER,11,0,0,0,0,7,0,0,0,0,1,0,0,3,0,0,0,0,0,0,0,0,0,0,0,0
C:\Users\ehsra\Documents\GitHub\WMVxTOPNG\ModelsTree\Creature\BlackHole,2,0,0,0,0,0,0,0,0,0,1,0,0,1,0,0,0,0,0,0,0,0,0,0,0,0
C:\Users\ehsra\Documents\GitHub\WMVxTOPNG\ModelsTree\Creature\BloodElfFemaleKid,6,0,0,2,0,1,0,0,0,0,1,0,0,2,0,0,0,0,0,0,0,0,0,0,0,0
C:\Users\ehsra\Documents\GitHub\WMVxTOPNG\ModelsTree\Creature\BloodElfGuard,48,0,0,39,0,6,0,0,0,0,1,0,0,2,0,0,0,0,0,0,0,0,0,0,0,0
C:\Users\ehsra\Documents\GitHub\WMVxTOPNG\ModelsTree\Creature\BLOODELFMALEKID,6,0,0,2,0,1,0,0,0,0,1,0,0,2,0,0,0,0,0,0,0,0,0,0,0,0
C:\Users\ehsra\Documents\GitHub\WMVxTOPNG\ModelsTree\Creature\BloodQueen,51,0,0,42,0,4,0,0,0,0,1,0,0,4,0,0,0,0,0,0,0,0,0,0,0,0
C:\Users\ehsra\Documents\GitHub\WMVxTOPNG\ModelsTree\Creature\Boar,15,0,0,0,0,9,0,0,0,0,2,0,0,4,0,0,0,0,0,0,0,0,0,0,0,0
C:\Users\ehsra\Documents\GitHub\WMVxTOPNG\ModelsTree\Creature\BODYOFKATHUNE,8,0,0,0,0,3,0,0,0,0,1,0,0,4,0,0,0,0,0,0,0,0,0,0,0,0
C:\Users\ehsra\Documents\GitHub\WMVxTOPNG\ModelsTree\Creature\BogBeast,17,0,0,0,0,14,0,0,0,0,1,0,0,2,0,0,0,0,0,0,0,0,0,0,0,0
C:\Users\ehsra\Documents\GitHub\WMVxTOPNG\ModelsTree\Creature\BoneGolem,6,0,0,1,0,2,0,0,0,0,1,0,0,2,0,0,0,0,0,0,0,0,0,0,0,0
C:\Users\ehsra\Documents\GitHub\WMVxTOPNG\ModelsTree\Creature\BoneGuard,8,0,0,0,0,3,0,0,0,0,1,0,0,4,0,0,0,0,0,0,0,0,0,0,0,0
C:\Users\ehsra\Documents\GitHub\WMVxTOPNG\ModelsTree\Creature\BoneSpider,13,0,0,0,0,10,0,0,0,0,1,0,0,2,0,0,0,0,0,0,0,0,0,0,0,0
C:\Users\ehsra\Documents\GitHub\WMVxTOPNG\ModelsTree\Creature\BONEWORM,8,0,0,0,0,5,0,0,0,0,1,0,0,2,0,0,0,0,0,0,0,0,0,0,0,0
C:\Users\ehsra\Documents\GitHub\WMVxTOPNG\ModelsTree\Creature\Broom,2,0,0,0,0,0,0,0,0,0,1,0,0,1,0,0,0,0,0,0,0,0,0,0,0,0
C:\Users\ehsra\Documents\GitHub\WMVxTOPNG\ModelsTree\Creature\BROOMMOUNT,3,0,0,0,0,1,0,0,0,0,1,0,0,1,0,0,0,0,0,0,0,0,0,0,0,0
C:\Users\ehsra\Documents\GitHub\WMVxTOPNG\ModelsTree\Creature\Brutallus,12,0,0,5,0,4,0,0,0,0,1,0,0,2,0,0,0,0,0,0,0,0,0,0,0,0
C:\Users\ehsra\Documents\GitHub\WMVxTOPNG\ModelsTree\Creature\CarrionBird,13,0,0,0,0,10,0,0,0,0,1,0,0,2,0,0,0,0,0,0,0,0,0,0,0,0
C:\Users\ehsra\Documents\GitHub\WMVxTOPNG\ModelsTree\Creature\CarrionBirdOutland,13,0,0,0,0,10,0,0,0,0,1,0,0,2,0,0,0,0,0,0,0,0,0,0,0,0
C:\Users\ehsra\Documents\GitHub\WMVxTOPNG\ModelsTree\Creature\Cat,28,0,0,12,0,10,0,0,0,0,2,0,0,4,0,0,0,0,0,0,0,0,0,0,0,0
C:\Users\ehsra\Documents\GitHub\WMVxTOPNG\ModelsTree\Creature\CelestialDragonWyrm,4,0,0,0,0,0,0,0,0,0,1,0,0,3,0,0,0,0,0,0,0,0,0,0,0,0
C:\Users\ehsra\Documents\GitHub\WMVxTOPNG\ModelsTree\Creature\CelestialHorse,11,0,0,0,0,3,0,0,0,0,2,0,0,6,0,0,0,0,0,0,0,0,0,0,0,0
C:\Users\ehsra\Documents\GitHub\WMVxTOPNG\ModelsTree\Creature\Centaur,41,0,0,0,0,26,0,0,0,0,4,0,0,11,0,0,0,0,0,0,0,0,0,0,0,0
C:\Users\ehsra\Documents\GitHub\WMVxTOPNG\ModelsTree\Creature\CHICKEN,6,0,0,0,0,4,0,0,0,0,1,0,0,1,0,0,0,0,0,0,0,0,0,0,0,0
C:\Users\ehsra\Documents\GitHub\WMVxTOPNG\ModelsTree\Creature\ChickenMount,8,0,0,0,0,1,0,0,0,0,3,0,0,4,0,0,0,0,0,0,0,0,0,0,0,0
C:\Users\ehsra\Documents\GitHub\WMVxTOPNG\ModelsTree\Creature\Chimera,12,0,0,0,0,8,0,0,0,0,1,0,0,3,0,0,0,0,0,0,0,0,0,0,0,0
C:\Users\ehsra\Documents\GitHub\WMVxTOPNG\ModelsTree\Creature\ChimeraOutland,13,0,0,0,0,10,0,0,0,0,1,0,0,2,0,0,0,0,0,0,0,0,0,0,0,0
C:\Users\ehsra\Documents\GitHub\WMVxTOPNG\ModelsTree\Creature\ChineseDragon,17,0,0,0,0,11,0,0,0,0,2,0,0,4,0,0,0,0,0,0,0,0,0,0,0,0
C:\Users\ehsra\Documents\GitHub\WMVxTOPNG\ModelsTree\Creature\ClawofKathune,6,0,0,0,0,4,0,0,0,0,1,0,0,1,0,0,0,0,0,0,0,0,0,0,0,0
C:\Users\ehsra\Documents\GitHub\WMVxTOPNG\ModelsTree\Creature\CleftHoove,9,0,0,0,0,6,0,0,0,0,1,0,0,2,0,0,0,0,0,0,0,0,0,0,0,0
C:\Users\ehsra\Documents\GitHub\WMVxTOPNG\ModelsTree\Creature\ClockworkGiant,21,0,0,2,0,7,0,0,0,0,3,0,0,9,0,0,0,0,0,0,0,0,0,0,0,0
C:\Users\ehsra\Documents\GitHub\WMVxTOPNG\ModelsTree\Creature\ClockworkGnome,263,0,0,235,0,13,0,0,0,0,5,0,0,10,0,0,0,0,0,0,0,0,0,0,0,0
C:\Users\ehsra\Documents\GitHub\WMVxTOPNG\ModelsTree\Creature\Cloud,5,0,0,0,0,1,0,0,0,0,2,0,0,2,0,0,0,0,0,0,0,0,0,0,0,0
C:\Users\ehsra\Documents\GitHub\WMVxTOPNG\ModelsTree\Creature\COCKATRICE,19,0,0,0,0,15,0,0,0,0,2,0,0,2,0,0,0,0,0,0,0,0,0,0,0,0
C:\Users\ehsra\Documents\GitHub\WMVxTOPNG\ModelsTree\Creature\COCKROACH,3,0,0,0,0,1,0,0,0,0,1,0,0,1,0,0,0,0,0,0,0,0,0,0,0,0
C:\Users\ehsra\Documents\GitHub\WMVxTOPNG\ModelsTree\Creature\Cocoon,4,0,0,0,0,1,0,0,0,0,1,0,0,2,0,0,0,0,0,0,0,0,0,0,0,0
C:\Users\ehsra\Documents\GitHub\WMVxTOPNG\ModelsTree\Creature\ColdWraith,7,0,0,0,0,4,0,0,0,0,1,0,0,2,0,0,0,0,0,0,0,0,0,0,0,0
C:\Users\ehsra\Documents\GitHub\WMVxTOPNG\ModelsTree\Creature\Cow,6,0,0,0,0,3,0,0,0,0,1,0,0,2,0,0,0,0,0,0,0,0,0,0,0,0
C:\Users\ehsra\Documents\GitHub\WMVxTOPNG\ModelsTree\Creature\CRAB,13,0,0,0,0,7,0,0,0,0,2,0,0,4,0,0,0,0,0,0,0,0,0,0,0,0
C:\Users\ehsra\Documents\GitHub\WMVxTOPNG\ModelsTree\Creature\CrackElf,54,0,0,46,0,4,0,0,0,0,1,0,0,3,0,0,0,0,0,0,0,0,0,0,0,0
C:\Users\ehsra\Documents\GitHub\WMVxTOPNG\ModelsTree\Creature\CRATECREATURE,5,0,0,0,0,1,0,0,0,0,2,0,0,2,0,0,0,0,0,0,0,0,0,0,0,0
C:\Users\ehsra\Documents\GitHub\WMVxTOPNG\ModelsTree\Creature\Crawler,15,0,0,0,0,12,0,0,0,0,1,0,0,2,0,0,0,0,0,0,0,0,0,0,0,0
C:\Users\ehsra\Documents\GitHub\WMVxTOPNG\ModelsTree\Creature\CrawlerElite,6,0,0,0,0,3,0,0,0,0,1,0,0,2,0,0,0,0,0,0,0,0,0,0,0,0
C:\Users\ehsra\Documents\GitHub\WMVxTOPNG\ModelsTree\Creature\Crocodile,7,0,0,0,0,4,0,0,0,0,1,0,0,2,0,0,0,0,0,0,0,0,0,0,0,0
C:\Users\ehsra\Documents\GitHub\WMVxTOPNG\ModelsTree\Creature\CryptFiend,8,0,0,2,0,3,0,0,0,0,1,0,0,2,0,0,0,0,0,0,0,0,0,0,0,0
C:\Users\ehsra\Documents\GitHub\WMVxTOPNG\ModelsTree\Creature\CRYPTLORD,20,0,0,2,0,9,0,0,0,0,3,0,0,6,0,0,0,0,0,0,0,0,0,0,0,0
C:\Users\ehsra\Documents\GitHub\WMVxTOPNG\ModelsTree\Creature\CryptScarab,3,0,0,0,0,0,0,0,0,0,1,0,0,2,0,0,0,0,0,0,0,0,0,0,0,0
C:\Users\ehsra\Documents\GitHub\WMVxTOPNG\ModelsTree\Creature\CrystalDryad,8,0,0,0,0,3,0,0,0,0,1,0,0,4,0,0,0,0,0,0,0,0,0,0,0,0
C:\Users\ehsra\Documents\GitHub\WMVxTOPNG\ModelsTree\Creature\CrystalPortal,2,0,0,0,0,0,0,0,0,0,1,0,0,1,0,0,0,0,0,0,0,0,0,0,0,0
C:\Users\ehsra\Documents\GitHub\WMVxTOPNG\ModelsTree\Creature\CRYSTALSATYR,7,0,0,0,0,4,0,0,0,0,1,0,0,2,0,0,0,0,0,0,0,0,0,0,0,0
C:\Users\ehsra\Documents\GitHub\WMVxTOPNG\ModelsTree\Creature\Cupid,5,0,0,0,0,2,0,0,0,0,1,0,0,2,0,0,0,0,0,0,0,0,0,0,0,0
C:\Users\ehsra\Documents\GitHub\WMVxTOPNG\ModelsTree\Creature\DarkHound,9,0,0,0,0,6,0,0,0,0,1,0,0,2,0,0,0,0,0,0,0,0,0,0,0,0
C:\Users\ehsra\Documents\GitHub\WMVxTOPNG\ModelsTree\Creature\DeathKnightMount,9,0,0,0,0,6,0,0,0,0,1,0,0,2,0,0,0,0,0,0,0,0,0,0,0,0
C:\Users\ehsra\Documents\GitHub\WMVxTOPNG\ModelsTree\Creature\Deer,5,0,0,0,0,2,0,0,0,0,1,0,0,2,0,0,0,0,0,0,0,0,0,0,0,0
C:\Users\ehsra\Documents\GitHub\WMVxTOPNG\ModelsTree\Creature\DemolisherCannonball,3,0,0,0,0,1,0,0,0,0,1,0,0,1,0,0,0,0,0,0,0,0,0,0,0,0
C:\Users\ehsra\Documents\GitHub\WMVxTOPNG\ModelsTree\Creature\DemolisherVehicle,8,0,0,0,0,5,0,0,0,0,1,0,0,2,0,0,0,0,0,0,0,0,0,0,0,0
C:\Users\ehsra\Documents\GitHub\WMVxTOPNG\ModelsTree\Creature\DemonForm,14,0,0,8,0,1,0,0,0,0,1,0,0,4,0,0,0,0,0,0,0,0,0,0,0,0
C:\Users\ehsra\Documents\GitHub\WMVxTOPNG\ModelsTree\Creature\demonhunter,10,0,0,3,0,3,0,0,0,0,1,0,0,3,0,0,0,0,0,0,0,0,0,0,0,0
C:\Users\ehsra\Documents\GitHub\WMVxTOPNG\ModelsTree\Creature\diablo,4,0,0,0,0,1,0,0,0,0,1,0,0,2,0,0,0,0,0,0,0,0,0,0,0,0
C:\Users\ehsra\Documents\GitHub\WMVxTOPNG\ModelsTree\Creature\Diemetradon,7,0,0,0,0,4,0,0,0,0,1,0,0,2,0,0,0,0,0,0,0,0,0,0,0,0
C:\Users\ehsra\Documents\GitHub\WMVxTOPNG\ModelsTree\Creature\DireFurbolg,19,0,0,11,0,5,0,0,0,0,1,0,0,2,0,0,0,0,0,0,0,0,0,0,0,0
C:\Users\ehsra\Documents\GitHub\WMVxTOPNG\ModelsTree\Creature\Direwolf,60,0,0,3,0,48,0,0,0,0,3,0,0,6,0,0,0,0,0,0,0,0,0,0,0,0
C:\Users\ehsra\Documents\GitHub\WMVxTOPNG\ModelsTree\Creature\DoomGuard,11,0,0,4,0,4,0,0,0,0,1,0,0,2,0,0,0,0,0,0,0,0,0,0,0,0
C:\Users\ehsra\Documents\GitHub\WMVxTOPNG\ModelsTree\Creature\DoomGuardOutland,19,0,0,4,0,12,0,0,0,0,1,0,0,2,0,0,0,0,0,0,0,0,0,0,0,0
C:\Users\ehsra\Documents\GitHub\WMVxTOPNG\ModelsTree\Creature\DRAENEIFEMALEKID,6,0,0,2,0,1,0,0,0,0,1,0,0,2,0,0,0,0,0,0,0,0,0,0,0,0
C:\Users\ehsra\Documents\GitHub\WMVxTOPNG\ModelsTree\Creature\DRAENEIMALEKID,6,0,0,2,0,1,0,0,0,0,1,0,0,2,0,0,0,0,0,0,0,0,0,0,0,0
C:\Users\ehsra\Documents\GitHub\WMVxTOPNG\ModelsTree\Creature\Dragon,166,0,0,72,0,37,0,0,0,0,9,0,0,48,0,0,0,0,0,0,0,0,0,0,0,0
C:\Users\ehsra\Documents\GitHub\WMVxTOPNG\ModelsTree\Creature\DragonDarkshade,17,0,0,6,0,6,0,0,0,0,1,0,0,4,0,0,0,0,0,0,0,0,0,0,0,0
C:\Users\ehsra\Documents\GitHub\WMVxTOPNG\ModelsTree\Creature\DragonFootSoldier,16,0,0,2,0,11,0,0,0,0,1,0,0,2,0,0,0,0,0,0,0,0,0,0,0,0
C:\Users\ehsra\Documents\GitHub\WMVxTOPNG\ModelsTree\Creature\DragonFootSoldierDarkshade,6,0,0,1,0,2,0,0,0,0,1,0,0,2,0,0,0,0,0,0,0,0,0,0,0,0
C:\Users\ehsra\Documents\GitHub\WMVxTOPNG\ModelsTree\Creature\DragonHawk,17,0,0,0,0,9,0,0,0,0,2,0,0,6,0,0,0,0,0,0,0,0,0,0,0,0
C:\Users\ehsra\Documents\GitHub\WMVxTOPNG\ModelsTree\Creature\DragonhawkGod,7,0,0,2,0,2,0,0,0,0,1,0,0,2,0,0,0,0,0,0,0,0,0,0,0,0
C:\Users\ehsra\Documents\GitHub\WMVxTOPNG\ModelsTree\Creature\DragonKalecgos,14,0,0,6,0,3,0,0,0,0,1,0,0,4,0,0,0,0,0,0,0,0,0,0,0,0
C:\Users\ehsra\Documents\GitHub\WMVxTOPNG\ModelsTree\Creature\dragonkite,7,0,0,0,0,4,0,0,0,0,1,0,0,2,0,0,0,0,0,0,0,0,0,0,0,0
C:\Users\ehsra\Documents\GitHub\WMVxTOPNG\ModelsTree\Creature\DragonRedCrystal,26,0,0,12,0,4,0,0,0,0,2,0,0,8,0,0,0,0,0,0,0,0,0,0,0,0
C:\Users\ehsra\Documents\GitHub\WMVxTOPNG\ModelsTree\Creature\DragonSpawn,44,0,0,0,0,21,0,0,0,0,5,0,0,18,0,0,0,0,0,0,0,0,0,0,0,0
C:\Users\ehsra\Documents\GitHub\WMVxTOPNG\ModelsTree\Creature\DRAGONSPAWNARMOREDDARKSHADE,11,0,0,0,0,7,0,0,0,0,1,0,0,3,0,0,0,0,0,0,0,0,0,0,0,0
C:\Users\ehsra\Documents\GitHub\WMVxTOPNG\ModelsTree\Creature\DragonSpawnCaster,20,0,0,0,0,16,0,0,0,0,1,0,0,3,0,0,0,0,0,0,0,0,0,0,0,0
C:\Users\ehsra\Documents\GitHub\WMVxTOPNG\ModelsTree\Creature\DragonSpawnCasterDarkshade,6,0,0,0,0,2,0,0,0,0,1,0,0,3,0,0,0,0,0,0,0,0,0,0,0,0
C:\Users\ehsra\Documents\GitHub\WMVxTOPNG\ModelsTree\Creature\DRAGONSPAWNDARKSHADE,6,0,0,0,0,2,0,0,0,0,1,0,0,3,0,0,0,0,0,0,0,0,0,0,0,0
C:\Users\ehsra\Documents\GitHub\WMVxTOPNG\ModelsTree\Creature\DragonSpawnNexus,6,0,0,0,0,2,0,0,0,0,1,0,0,3,0,0,0,0,0,0,0,0,0,0,0,0
C:\Users\ehsra\Documents\GitHub\WMVxTOPNG\ModelsTree\Creature\DragonSpawnOverlordDarkshade,11,0,0,0,0,6,0,0,0,0,1,0,0,4,0,0,0,0,0,0,0,0,0,0,0,0
C:\Users\ehsra\Documents\GitHub\WMVxTOPNG\ModelsTree\Creature\DragonWhelp,16,0,0,0,0,10,0,0,0,0,2,0,0,4,0,0,0,0,0,0,0,0,0,0,0,0
C:\Users\ehsra\Documents\GitHub\WMVxTOPNG\ModelsTree\Creature\DragonWhelpDarkshade,4,0,0,0,0,1,0,0,0,0,1,0,0,2,0,0,0,0,0,0,0,0,0,0,0,0
C:\Users\ehsra\Documents\GitHub\WMVxTOPNG\ModelsTree\Creature\DRAGONWHELPOUTLAND,9,0,0,0,0,6,0,0,0,0,1,0,0,2,0,0,0,0,0,0,0,0,0,0,0,0
C:\Users\ehsra\Documents\GitHub\WMVxTOPNG\ModelsTree\Creature\DRAGONWHELPOUTLANDCUTE,9,0,0,0,0,6,0,0,0,0,1,0,0,2,0,0,0,0,0,0,0,0,0,0,0,0
C:\Users\ehsra\Documents\GitHub\WMVxTOPNG\ModelsTree\Creature\Drake,56,0,0,8,0,33,0,0,0,0,3,0,0,12,0,0,0,0,0,0,0,0,0,0,0,0
C:\Users\ehsra\Documents\GitHub\WMVxTOPNG\ModelsTree\Creature\Drakeadon,7,0,0,0,0,3,0,0,0,0,1,0,0,3,0,0,0,0,0,0,0,0,0,0,0,0
C:\Users\ehsra\Documents\GitHub\WMVxTOPNG\ModelsTree\Creature\DrakeDarkshade,11,0,0,0,0,6,0,0,0,0,1,0,0,4,0,0,0,0,0,0,0,0,0,0,0,0
C:\Users\ehsra\Documents\GitHub\WMVxTOPNG\ModelsTree\Creature\DrakeMount,49,0,0,6,0,34,0,0,0,0,1,0,0,8,0,0,0,0,0,0,0,0,0,0,0,0
C:\Users\ehsra\Documents\GitHub\WMVxTOPNG\ModelsTree\Creature\Dreadlord,12,0,0,3,0,4,0,0,0,0,1,0,0,4,0,0,0,0,0,0,0,0,0,0,0,0
C:\Users\ehsra\Documents\GitHub\WMVxTOPNG\ModelsTree\Creature\DruidBear,68,0,0,44,0,12,0,0,0,0,4,0,0,8,0,0,0,0,0,0,0,0,0,0,0,0
C:\Users\ehsra\Documents\GitHub\WMVxTOPNG\ModelsTree\Creature\DRUIDCAT,33,0,0,17,0,10,0,0,0,0,2,0,0,4,0,0,0,0,0,0,0,0,0,0,0,0
C:\Users\ehsra\Documents\GitHub\WMVxTOPNG\ModelsTree\Creature\DruidCatTauren,29,0,0,17,0,6,0,0,0,0,2,0,0,4,0,0,0,0,0,0,0,0,0,0,0,0
C:\Users\ehsra\Documents\GitHub\WMVxTOPNG\ModelsTree\Creature\DruidOwlbear,57,0,0,46,0,5,0,0,0,0,2,0,0,4,0,0,0,0,0,0,0,0,0,0,0,0
C:\Users\ehsra\Documents\GitHub\WMVxTOPNG\ModelsTree\Creature\DRYAD,12,0,0,0,0,7,0,0,0,0,1,0,0,4,0,0,0,0,0,0,0,0,0,0,0,0
C:\Users\ehsra\Documents\GitHub\WMVxTOPNG\ModelsTree\Creature\Dryder,6,0,0,1,0,2,0,0,0,0,1,0,0,2,0,0,0,0,0,0,0,0,0,0,0,0
C:\Users\ehsra\Documents\GitHub\WMVxTOPNG\ModelsTree\Creature\DwarfMaleWarriorLight,17,0,0,6,0,3,0,0,0,0,2,0,0,6,0,0,0,0,0,0,0,0,0,0,0,0
C:\Users\ehsra\Documents\GitHub\WMVxTOPNG\ModelsTree\Creature\Eagle,12,0,0,5,0,4,0,0,0,0,1,0,0,2,0,0,0,0,0,0,0,0,0,0,0,0
C:\Users\ehsra\Documents\GitHub\WMVxTOPNG\ModelsTree\Creature\EagleGod,53,0,0,48,0,2,0,0,0,0,1,0,0,2,0,0,0,0,0,0,0,0,0,0,0,0
C:\Users\ehsra\Documents\GitHub\WMVxTOPNG\ModelsTree\Creature\EarthenDwarf,54,0,0,46,0,5,0,0,0,0,1,0,0,2,0,0,0,0,0,0,0,0,0,0,0,0
C:\Users\ehsra\Documents\GitHub\WMVxTOPNG\ModelsTree\Creature\Egg,7,0,0,0,0,5,0,0,0,0,1,0,0,1,0,0,0,0,0,0,0,0,0,0,0,0
C:\Users\ehsra\Documents\GitHub\WMVxTOPNG\ModelsTree\Creature\ELEKK,19,0,0,0,0,14,0,0,0,0,2,0,0,3,0,0,0,0,0,0,0,0,0,0,0,0
C:\Users\ehsra\Documents\GitHub\WMVxTOPNG\ModelsTree\Creature\ELEMENTALEARTH,14,0,0,0,0,11,0,0,0,0,1,0,0,2,0,0,0,0,0,0,0,0,0,0,0,0
C:\Users\ehsra\Documents\GitHub\WMVxTOPNG\ModelsTree\Creature\Ent,33,0,0,19,0,9,0,0,0,0,1,0,0,4,0,0,0,0,0,0,0,0,0,0,0,0
C:\Users\ehsra\Documents\GitHub\WMVxTOPNG\ModelsTree\Creature\EpicDruidFlightAlliance,6,0,0,2,0,1,0,0,0,0,1,0,0,2,0,0,0,0,0,0,0,0,0,0,0,0
C:\Users\ehsra\Documents\GitHub\WMVxTOPNG\ModelsTree\Creature\EpicDruidFlightHorde,6,0,0,2,0,1,0,0,0,0,1,0,0,2,0,0,0,0,0,0,0,0,0,0,0,0
C:\Users\ehsra\Documents\GitHub\WMVxTOPNG\ModelsTree\Creature\EREDAR,83,0,0,64,0,11,0,0,0,0,2,0,0,6,0,0,0,0,0,0,0,0,0,0,0,0
C:\Users\ehsra\Documents\GitHub\WMVxTOPNG\ModelsTree\Creature\EredarFemale,54,0,0,44,0,6,0,0,0,0,1,0,0,3,0,0,0,0,0,0,0,0,0,0,0,0
C:\Users\ehsra\Documents\GitHub\WMVxTOPNG\ModelsTree\Creature\ETHERIAL,17,0,0,3,0,9,0,0,0,0,1,0,0,4,0,0,0,0,0,0,0,0,0,0,0,0
C:\Users\ehsra\Documents\GitHub\WMVxTOPNG\ModelsTree\Creature\EtherialRobe,13,0,0,3,0,6,0,0,0,0,1,0,0,3,0,0,0,0,0,0,0,0,0,0,0,0
C:\Users\ehsra\Documents\GitHub\WMVxTOPNG\ModelsTree\Creature\EYEOFKATHUNE,7,0,0,0,0,5,0,0,0,0,1,0,0,1,0,0,0,0,0,0,0,0,0,0,0,0
C:\Users\ehsra\Documents\GitHub\WMVxTOPNG\ModelsTree\Creature\EyeStalkofKathune,4,0,0,0,0,2,0,0,0,0,1,0,0,1,0,0,0,0,0,0,0,0,0,0,0,0
C:\Users\ehsra\Documents\GitHub\WMVxTOPNG\ModelsTree\Creature\FacelessGeneral,8,0,0,1,0,2,0,0,0,0,1,0,0,4,0,0,0,0,0,0,0,0,0,0,0,0
C:\Users\ehsra\Documents\GitHub\WMVxTOPNG\ModelsTree\Creature\FACELESSONE,13,0,0,3,0,5,0,0,0,0,1,0,0,4,0,0,0,0,0,0,0,0,0,0,0,0
C:\Users\ehsra\Documents\GitHub\WMVxTOPNG\ModelsTree\Creature\FAERIEDRAGON,10,0,0,0,0,4,0,0,0,0,2,0,0,4,0,0,0,0,0,0,0,0,0,0,0,0
C:\Users\ehsra\Documents\GitHub\WMVxTOPNG\ModelsTree\Creature\FELBAT,19,0,0,0,0,10,0,0,0,0,3,0,0,6,0,0,0,0,0,0,0,0,0,0,0,0
C:\Users\ehsra\Documents\GitHub\WMVxTOPNG\ModelsTree\Creature\FelBeast,17,0,0,6,0,3,0,0,0,0,2,0,0,6,0,0,0,0,0,0,0,0,0,0,0,0
C:\Users\ehsra\Documents\GitHub\WMVxTOPNG\ModelsTree\Creature\FelBeastShadowmoon,5,0,0,0,0,1,0,0,0,0,1,0,0,3,0,0,0,0,0,0,0,0,0,0,0,0
C:\Users\ehsra\Documents\GitHub\WMVxTOPNG\ModelsTree\Creature\FelBoar,8,0,0,0,0,5,0,0,0,0,1,0,0,2,0,0,0,0,0,0,0,0,0,0,0,0
C:\Users\ehsra\Documents\GitHub\WMVxTOPNG\ModelsTree\Creature\FelCannon,4,0,0,0,0,0,0,0,0,0,2,0,0,2,0,0,0,0,0,0,0,0,0,0,0,0
C:\Users\ehsra\Documents\GitHub\WMVxTOPNG\ModelsTree\Creature\FelElfCasterFemale,54,0,0,45,0,4,0,0,0,0,1,0,0,4,0,0,0,0,0,0,0,0,0,0,0,0
C:\Users\ehsra\Documents\GitHub\WMVxTOPNG\ModelsTree\Creature\FelElfCasterMale,53,0,0,46,0,3,0,0,0,0,1,0,0,3,0,0,0,0,0,0,0,0,0,0,0,0
C:\Users\ehsra\Documents\GitHub\WMVxTOPNG\ModelsTree\Creature\FelElfHunterFemale,52,0,0,45,0,3,0,0,0,0,1,0,0,3,0,0,0,0,0,0,0,0,0,0,0,0
C:\Users\ehsra\Documents\GitHub\WMVxTOPNG\ModelsTree\Creature\FelElfWarriorMale,55,0,0,46,0,5,0,0,0,0,1,0,0,3,0,0,0,0,0,0,0,0,0,0,0,0
C:\Users\ehsra\Documents\GitHub\WMVxTOPNG\ModelsTree\Creature\FelGolem,7,0,0,3,0,2,0,0,0,0,1,0,0,1,0,0,0,0,0,0,0,0,0,0,0,0
C:\Users\ehsra\Documents\GitHub\WMVxTOPNG\ModelsTree\Creature\FelGuard,11,0,0,3,0,5,0,0,0,0,1,0,0,2,0,0,0,0,0,0,0,0,0,0,0,0
C:\Users\ehsra\Documents\GitHub\WMVxTOPNG\ModelsTree\Creature\FELHORSE,4,0,0,0,0,1,0,0,0,0,1,0,0,2,0,0,0,0,0,0,0,0,0,0,0,0
C:\Users\ehsra\Documents\GitHub\WMVxTOPNG\ModelsTree\Creature\Felhound,4,0,0,0,0,1,0,0,0,0,1,0,0,2,0,0,0,0,0,0,0,0,0,0,0,0
C:\Users\ehsra\Documents\GitHub\WMVxTOPNG\ModelsTree\Creature\FELORC,153,0,0,138,0,6,0,0,0,0,3,0,0,6,0,0,0,0,0,0,0,0,0,0,0,0
C:\Users\ehsra\Documents\GitHub\WMVxTOPNG\ModelsTree\Creature\FelOrcAxe,53,0,0,46,0,4,0,0,0,0,1,0,0,2,0,0,0,0,0,0,0,0,0,0,0,0
C:\Users\ehsra\Documents\GitHub\WMVxTOPNG\ModelsTree\Creature\FelOrcBoss,55,0,0,46,0,6,0,0,0,0,1,0,0,2,0,0,0,0,0,0,0,0,0,0,0,0
C:\Users\ehsra\Documents\GitHub\WMVxTOPNG\ModelsTree\Creature\FelOrcDire,5,0,0,0,0,2,0,0,0,0,1,0,0,2,0,0,0,0,0,0,0,0,0,0,0,0
C:\Users\ehsra\Documents\GitHub\WMVxTOPNG\ModelsTree\Creature\FelOrcNetherdrake,26,0,0,12,0,6,0,0,0,0,2,0,0,6,0,0,0,0,0,0,0,0,0,0,0,0
C:\Users\ehsra\Documents\GitHub\WMVxTOPNG\ModelsTree\Creature\FelOrcSword,52,0,0,46,0,3,0,0,0,0,1,0,0,2,0,0,0,0,0,0,0,0,0,0,0,0
C:\Users\ehsra\Documents\GitHub\WMVxTOPNG\ModelsTree\Creature\FELORCWARLORD,53,0,0,46,0,4,0,0,0,0,1,0,0,2,0,0,0,0,0,0,0,0,0,0,0,0
C:\Users\ehsra\Documents\GitHub\WMVxTOPNG\ModelsTree\Creature\FELREAVER,13,0,0,1,0,9,0,0,0,0,1,0,0,2,0,0,0,0,0,0,0,0,0,0,0,0
C:\Users\ehsra\Documents\GitHub\WMVxTOPNG\ModelsTree\Creature\FireDancer,49,0,0,44,0,1,0,0,0,0,1,0,0,3,0,0,0,0,0,0,0,0,0,0,0,0
C:\Users\ehsra\Documents\GitHub\WMVxTOPNG\ModelsTree\Creature\FIREELEMENTAL,8,0,0,0,0,5,0,0,0,0,1,0,0,2,0,0,0,0,0,0,0,0,0,0,0,0
C:\Users\ehsra\Documents\GitHub\WMVxTOPNG\ModelsTree\Creature\firefly,7,0,0,0,0,4,0,0,0,0,1,0,0,2,0,0,0,0,0,0,0,0,0,0,0,0
C:\Users\ehsra\Documents\GitHub\WMVxTOPNG\ModelsTree\Creature\FireSprite,5,0,0,0,0,2,0,0,0,0,1,0,0,2,0,0,0,0,0,0,0,0,0,0,0,0
C:\Users\ehsra\Documents\GitHub\WMVxTOPNG\ModelsTree\Creature\Fish,2,0,0,0,0,0,0,0,0,0,1,0,0,1,0,0,0,0,0,0,0,0,0,0,0,0
C:\Users\ehsra\Documents\GitHub\WMVxTOPNG\ModelsTree\Creature\FlameLeviathan,10,0,0,0,0,4,0,0,0,0,3,0,0,3,0,0,0,0,0,0,0,0,0,0,0,0
C:\Users\ehsra\Documents\GitHub\WMVxTOPNG\ModelsTree\Creature\FleshBeast,6,0,0,0,0,3,0,0,0,0,1,0,0,2,0,0,0,0,0,0,0,0,0,0,0,0
C:\Users\ehsra\Documents\GitHub\WMVxTOPNG\ModelsTree\Creature\FleshGiant,10,0,0,0,0,8,0,0,0,0,1,0,0,1,0,0,0,0,0,0,0,0,0,0,0,0
C:\Users\ehsra\Documents\GitHub\WMVxTOPNG\ModelsTree\Creature\FLESHGOLEM,13,0,0,0,0,10,0,0,0,0,1,0,0,2,0,0,0,0,0,0,0,0,0,0,0,0
C:\Users\ehsra\Documents\GitHub\WMVxTOPNG\ModelsTree\Creature\FLESHTITAN,9,0,0,5,0,2,0,0,0,0,1,0,0,1,0,0,0,0,0,0,0,0,0,0,0,0
C:\Users\ehsra\Documents\GitHub\WMVxTOPNG\ModelsTree\Creature\FlyingBomber,18,0,0,10,0,0,0,0,0,0,4,0,0,4,0,0,0,0,0,0,0,0,0,0,0,0
C:\Users\ehsra\Documents\GitHub\WMVxTOPNG\ModelsTree\Creature\FlyingCarpetMount,8,0,0,0,0,5,0,0,0,0,1,0,0,2,0,0,0,0,0,0,0,0,0,0,0,0
C:\Users\ehsra\Documents\GitHub\WMVxTOPNG\ModelsTree\Creature\FlyingMachineCreature,9,0,0,3,0,3,0,0,0,0,1,0,0,2,0,0,0,0,0,0,0,0,0,0,0,0
C:\Users\ehsra\Documents\GitHub\WMVxTOPNG\ModelsTree\Creature\FlyingMachineCreature_Vehicle,5,0,0,3,0,0,0,0,0,0,1,0,0,1,0,0,0,0,0,0,0,0,0,0,0,0
C:\Users\ehsra\Documents\GitHub\WMVxTOPNG\ModelsTree\Creature\FlyingNerubian,8,0,0,0,0,5,0,0,0,0,1,0,0,2,0,0,0,0,0,0,0,0,0,0,0,0
C:\Users\ehsra\Documents\GitHub\WMVxTOPNG\ModelsTree\Creature\FlyingReindeer,3,0,0,0,0,1,0,0,0,0,1,0,0,1,0,0,0,0,0,0,0,0,0,0,0,0
C:\Users\ehsra\Documents\GitHub\WMVxTOPNG\ModelsTree\Creature\ForceOfNature,16,0,0,0,0,12,0,0,0,0,1,0,0,3,0,0,0,0,0,0,0,0,0,0,0,0
C:\Users\ehsra\Documents\GitHub\WMVxTOPNG\ModelsTree\Creature\ForestTroll,51,0,0,48,0,0,0,0,0,0,1,0,0,2,0,0,0,0,0,0,0,0,0,0,0,0
C:\Users\ehsra\Documents\GitHub\WMVxTOPNG\ModelsTree\Creature\ForsakenCatapult,4,0,0,0,0,1,0,0,0,0,1,0,0,2,0,0,0,0,0,0,0,0,0,0,0,0
C:\Users\ehsra\Documents\GitHub\WMVxTOPNG\ModelsTree\Creature\Freia,5,0,0,0,0,2,0,0,0,0,1,0,0,2,0,0,0,0,0,0,0,0,0,0,0,0
C:\Users\ehsra\Documents\GitHub\WMVxTOPNG\ModelsTree\Creature\Frenzy,5,0,0,0,0,3,0,0,0,0,1,0,0,1,0,0,0,0,0,0,0,0,0,0,0,0
C:\Users\ehsra\Documents\GitHub\WMVxTOPNG\ModelsTree\Creature\FROG,9,0,0,0,0,5,0,0,0,0,2,0,0,2,0,0,0,0,0,0,0,0,0,0,0,0
C:\Users\ehsra\Documents\GitHub\WMVxTOPNG\ModelsTree\Creature\FrostLord,15,0,0,1,0,9,0,0,0,0,2,0,0,3,0,0,0,0,0,0,0,0,0,0,0,0
C:\Users\ehsra\Documents\GitHub\WMVxTOPNG\ModelsTree\Creature\FrostNymph,13,0,0,0,0,10,0,0,0,0,1,0,0,2,0,0,0,0,0,0,0,0,0,0,0,0
C:\Users\ehsra\Documents\GitHub\WMVxTOPNG\ModelsTree\Creature\FROSTSABRE,72,0,0,24,0,39,0,0,0,0,3,0,0,6,0,0,0,0,0,0,0,0,0,0,0,0
C:\Users\ehsra\Documents\GitHub\WMVxTOPNG\ModelsTree\Creature\FrostVrykulMale,31,0,0,18,0,9,0,0,0,0,1,0,0,3,0,0,0,0,0,0,0,0,0,0,0,0
C:\Users\ehsra\Documents\GitHub\WMVxTOPNG\ModelsTree\Creature\FROSTWURM,27,0,0,12,0,5,0,0,0,0,2,0,0,8,0,0,0,0,0,0,0,0,0,0,0,0
C:\Users\ehsra\Documents\GitHub\WMVxTOPNG\ModelsTree\Creature\FrostWurmFellfire,14,0,0,6,0,3,0,0,0,0,1,0,0,4,0,0,0,0,0,0,0,0,0,0,0,0
C:\Users\ehsra\Documents\GitHub\WMVxTOPNG\ModelsTree\Creature\FrostWurmNorthrend,24,0,0,7,0,12,0,0,0,0,1,0,0,4,0,0,0,0,0,0,0,0,0,0,0,0
C:\Users\ehsra\Documents\GitHub\WMVxTOPNG\ModelsTree\Creature\FrostwyrmPet,4,0,0,0,0,1,0,0,0,0,1,0,0,2,0,0,0,0,0,0,0,0,0,0,0,0
C:\Users\ehsra\Documents\GitHub\WMVxTOPNG\ModelsTree\Creature\FuelRobot,5,0,0,0,0,3,0,0,0,0,1,0,0,1,0,0,0,0,0,0,0,0,0,0,0,0
C:\Users\ehsra\Documents\GitHub\WMVxTOPNG\ModelsTree\Creature\FUNGALGIANT,14,0,0,1,0,10,0,0,0,0,1,0,0,2,0,0,0,0,0,0,0,0,0,0,0,0
C:\Users\ehsra\Documents\GitHub\WMVxTOPNG\ModelsTree\Creature\FungalMonster,11,0,0,0,0,8,0,0,0,0,1,0,0,2,0,0,0,0,0,0,0,0,0,0,0,0
C:\Users\ehsra\Documents\GitHub\WMVxTOPNG\ModelsTree\Creature\furbolg,26,0,0,11,0,12,0,0,0,0,1,0,0,2,0,0,0,0,0,0,0,0,0,0,0,0
C:\Users\ehsra\Documents\GitHub\WMVxTOPNG\ModelsTree\Creature\Gargoyle,19,0,0,0,0,16,0,0,0,0,1,0,0,2,0,0,0,0,0,0,0,0,0,0,0,0
C:\Users\ehsra\Documents\GitHub\WMVxTOPNG\ModelsTree\Creature\Gazelle,7,0,0,0,0,4,0,0,0,0,1,0,0,2,0,0,0,0,0,0,0,0,0,0,0,0
C:\Users\ehsra\Documents\GitHub\WMVxTOPNG\ModelsTree\Creature\Geist,6,0,0,2,0,0,0,0,0,0,1,0,0,3,0,0,0,0,0,0,0,0,0,0,0,0
C:\Users\ehsra\Documents\GitHub\WMVxTOPNG\ModelsTree\Creature\Ghost,10,0,0,0,0,5,0,0,0,0,1,0,0,4,0,0,0,0,0,0,0,0,0,0,0,0
C:\Users\ehsra\Documents\GitHub\WMVxTOPNG\ModelsTree\Creature\GhostlySkullPet,43,0,0,41,0,0,0,0,0,0,1,0,0,1,0,0,0,0,0,0,0,0,0,0,0,0
C:\Users\ehsra\Documents\GitHub\WMVxTOPNG\ModelsTree\Creature\Ghoul,14,0,0,4,0,4,0,0,0,0,2,0,0,4,0,0,0,0,0,0,0,0,0,0,0,0
C:\Users\ehsra\Documents\GitHub\WMVxTOPNG\ModelsTree\Creature\GiantSpider,6,0,0,0,0,3,0,0,0,0,1,0,0,2,0,0,0,0,0,0,0,0,0,0,0,0
C:\Users\ehsra\Documents\GitHub\WMVxTOPNG\ModelsTree\Creature\giraffe,6,0,0,0,0,3,0,0,0,0,1,0,0,2,0,0,0,0,0,0,0,0,0,0,0,0
C:\Users\ehsra\Documents\GitHub\WMVxTOPNG\ModelsTree\Creature\GLAIVETHROWERVEHICLE,8,0,0,0,0,5,0,0,0,0,1,0,0,2,0,0,0,0,0,0,0,0,0,0,0,0
C:\Users\ehsra\Documents\GitHub\WMVxTOPNG\ModelsTree\Creature\Gnoll,17,0,0,2,0,12,0,0,0,0,1,0,0,2,0,0,0,0,0,0,0,0,0,0,0,0
C:\Users\ehsra\Documents\GitHub\WMVxTOPNG\ModelsTree\Creature\GnollCaster,10,0,0,2,0,5,0,0,0,0,1,0,0,2,0,0,0,0,0,0,0,0,0,0,0,0
C:\Users\ehsra\Documents\GitHub\WMVxTOPNG\ModelsTree\Creature\GnollMelee,10,0,0,2,0,5,0,0,0,0,1,0,0,2,0,0,0,0,0,0,0,0,0,0,0,0
C:\Users\ehsra\Documents\GitHub\WMVxTOPNG\ModelsTree\Creature\GNOME,5,0,0,0,0,2,0,0,0,0,1,0,0,2,0,0,0,0,0,0,0,0,0,0,0,0
C:\Users\ehsra\Documents\GitHub\WMVxTOPNG\ModelsTree\Creature\GnomeCopter,3,0,0,0,0,1,0,0,0,0,1,0,0,1,0,0,0,0,0,0,0,0,0,0,0,0
C:\Users\ehsra\Documents\GitHub\WMVxTOPNG\ModelsTree\Creature\GNOMEROCKETCAR,6,0,0,0,0,2,0,0,0,0,1,0,0,3,0,0,0,0,0,0,0,0,0,0,0,0
C:\Users\ehsra\Documents\GitHub\WMVxTOPNG\ModelsTree\Creature\GNOMESPIDERTANK,33,0,0,0,0,12,0,0,0,0,7,0,0,14,0,0,0,0,0,0,0,0,0,0,0,0
C:\Users\ehsra\Documents\GitHub\WMVxTOPNG\ModelsTree\Creature\GOBLIN,20,0,0,2,0,10,0,0,0,0,2,0,0,6,0,0,0,0,0,0,0,0,0,0,0,0
C:\Users\ehsra\Documents\GitHub\WMVxTOPNG\ModelsTree\Creature\GoblinRocketCar,5,0,0,0,0,0,0,0,0,0,1,0,0,4,0,0,0,0,0,0,0,0,0,0,0,0
C:\Users\ehsra\Documents\GitHub\WMVxTOPNG\ModelsTree\Creature\GoblinShredderMount,9,0,0,0,0,6,0,0,0,0,1,0,0,2,0,0,0,0,0,0,0,0,0,0,0,0
C:\Users\ehsra\Documents\GitHub\WMVxTOPNG\ModelsTree\Creature\Goblin_Cannon,2,0,0,0,0,0,0,0,0,0,1,0,0,1,0,0,0,0,0,0,0,0,0,0,0,0
C:\Users\ehsra\Documents\GitHub\WMVxTOPNG\ModelsTree\Creature\GOLEMHARVEST,10,0,0,0,0,7,0,0,0,0,1,0,0,2,0,0,0,0,0,0,0,0,0,0,0,0
C:\Users\ehsra\Documents\GitHub\WMVxTOPNG\ModelsTree\Creature\GolemHarvestStage2,6,0,0,0,0,3,0,0,0,0,1,0,0,2,0,0,0,0,0,0,0,0,0,0,0,0
C:\Users\ehsra\Documents\GitHub\WMVxTOPNG\ModelsTree\Creature\GolemIron,11,0,0,1,0,5,0,0,0,0,2,0,0,3,0,0,0,0,0,0,0,0,0,0,0,0
C:\Users\ehsra\Documents\GitHub\WMVxTOPNG\ModelsTree\Creature\GolemStone,20,0,0,1,0,14,0,0,0,0,2,0,0,3,0,0,0,0,0,0,0,0,0,0,0,0
C:\Users\ehsra\Documents\GitHub\WMVxTOPNG\ModelsTree\Creature\Gorilla,13,0,0,0,0,7,0,0,0,0,2,0,0,4,0,0,0,0,0,0,0,0,0,0,0,0
C:\Users\ehsra\Documents\GitHub\WMVxTOPNG\ModelsTree\Creature\Grell,10,0,0,0,0,7,0,0,0,0,1,0,0,2,0,0,0,0,0,0,0,0,0,0,0,0
C:\Users\ehsra\Documents\GitHub\WMVxTOPNG\ModelsTree\Creature\Gronn,11,0,0,0,0,8,0,0,0,0,1,0,0,2,0,0,0,0,0,0,0,0,0,0,0,0
C:\Users\ehsra\Documents\GitHub\WMVxTOPNG\ModelsTree\Creature\GroundFlower,2,0,0,0,0,0,0,0,0,0,1,0,0,1,0,0,0,0,0,0,0,0,0,0,0,0
C:\Users\ehsra\Documents\GitHub\WMVxTOPNG\ModelsTree\Creature\Gryphon,43,0,0,0,0,19,0,0,0,0,8,0,0,16,0,0,0,0,0,0,0,0,0,0,0,0
C:\Users\ehsra\Documents\GitHub\WMVxTOPNG\ModelsTree\Creature\GryphonPet,6,0,0,0,0,3,0,0,0,0,1,0,0,2,0,0,0,0,0,0,0,0,0,0,0,0
C:\Users\ehsra\Documents\GitHub\WMVxTOPNG\ModelsTree\Creature\GYROCOPTER,9,0,0,0,0,3,0,0,0,0,2,0,0,4,0,0,0,0,0,0,0,0,0,0,0,0
C:\Users\ehsra\Documents\GitHub\WMVxTOPNG\ModelsTree\Creature\HAKKAR,9,0,0,0,0,6,0,0,0,0,1,0,0,2,0,0,0,0,0,0,0,0,0,0,0,0
C:\Users\ehsra\Documents\GitHub\WMVxTOPNG\ModelsTree\Creature\HalfBodyofKathune,3,0,0,0,0,0,0,0,0,0,1,0,0,2,0,0,0,0,0,0,0,0,0,0,0,0
C:\Users\ehsra\Documents\GitHub\WMVxTOPNG\ModelsTree\Creature\HaremMatron,11,0,0,4,0,2,0,0,0,0,1,0,0,4,0,0,0,0,0,0,0,0,0,0,0,0
C:\Users\ehsra\Documents\GitHub\WMVxTOPNG\ModelsTree\Creature\Harkoa,13,0,0,8,0,2,0,0,0,0,1,0,0,2,0,0,0,0,0,0,0,0,0,0,0,0
C:\Users\ehsra\Documents\GitHub\WMVxTOPNG\ModelsTree\Creature\Harpoon,2,0,0,0,0,0,0,0,0,0,1,0,0,1,0,0,0,0,0,0,0,0,0,0,0,0
C:\Users\ehsra\Documents\GitHub\WMVxTOPNG\ModelsTree\Creature\Harpy,15,0,0,0,0,12,0,0,0,0,1,0,0,2,0,0,0,0,0,0,0,0,0,0,0,0
C:\Users\ehsra\Documents\GitHub\WMVxTOPNG\ModelsTree\Creature\HEADLESSHORSEMAN,52,0,0,47,0,2,0,0,0,0,1,0,0,2,0,0,0,0,0,0,0,0,0,0,0,0
C:\Users\ehsra\Documents\GitHub\WMVxTOPNG\ModelsTree\Creature\HeadlessHorsemanHorse,3,0,0,0,0,0,0,0,0,0,1,0,0,2,0,0,0,0,0,0,0,0,0,0,0,0
C:\Users\ehsra\Documents\GitHub\WMVxTOPNG\ModelsTree\Creature\HEADLESSHORSEMANMOUNT,9,0,0,0,0,4,0,0,0,0,1,0,0,4,0,0,0,0,0,0,0,0,0,0,0,0
C:\Users\ehsra\Documents\GitHub\WMVxTOPNG\ModelsTree\Creature\HHGroundMount,3,0,0,0,0,0,0,0,0,0,1,0,0,2,0,0,0,0,0,0,0,0,0,0,0,0
C:\Users\ehsra\Documents\GitHub\WMVxTOPNG\ModelsTree\Creature\HHMount,3,0,0,0,0,0,0,0,0,0,1,0,0,2,0,0,0,0,0,0,0,0,0,0,0,0
C:\Users\ehsra\Documents\GitHub\WMVxTOPNG\ModelsTree\Creature\HighElf,243,0,0,192,0,27,0,0,0,0,8,0,0,16,0,0,0,0,0,0,0,0,0,0,0,0
C:\Users\ehsra\Documents\GitHub\WMVxTOPNG\ModelsTree\Creature\Hippogryph,30,0,0,6,0,15,0,0,0,0,3,0,0,6,0,0,0,0,0,0,0,0,0,0,0,0
C:\Users\ehsra\Documents\GitHub\WMVxTOPNG\ModelsTree\Creature\HippogryphMount,22,0,0,3,0,15,0,0,0,0,1,0,0,3,0,0,0,0,0,0,0,0,0,0,0,0
C:\Users\ehsra\Documents\GitHub\WMVxTOPNG\ModelsTree\Creature\Hodir,10,0,0,5,0,2,0,0,0,0,1,0,0,2,0,0,0,0,0,0,0,0,0,0,0,0
C:\Users\ehsra\Documents\GitHub\WMVxTOPNG\ModelsTree\Creature\HolidayRobot,5,0,0,0,0,3,0,0,0,0,1,0,0,1,0,0,0,0,0,0,0,0,0,0,0,0
C:\Users\ehsra\Documents\GitHub\WMVxTOPNG\ModelsTree\Creature\HordeDeckGun,2,0,0,0,0,0,0,0,0,0,1,0,0,1,0,0,0,0,0,0,0,0,0,0,0,0
C:\Users\ehsra\Documents\GitHub\WMVxTOPNG\ModelsTree\Creature\HORDERIDER,5,0,0,0,0,2,0,0,0,0,1,0,0,2,0,0,0,0,0,0,0,0,0,0,0,0
C:\Users\ehsra\Documents\GitHub\WMVxTOPNG\ModelsTree\Creature\Horisath,5,0,0,0,0,2,0,0,0,0,1,0,0,2,0,0,0,0,0,0,0,0,0,0,0,0
C:\Users\ehsra\Documents\GitHub\WMVxTOPNG\ModelsTree\Creature\Horse,11,0,0,0,0,8,0,0,0,0,1,0,0,2,0,0,0,0,0,0,0,0,0,0,0,0
C:\Users\ehsra\Documents\GitHub\WMVxTOPNG\ModelsTree\Creature\HUFMCitizenLow,5,0,0,0,0,2,0,0,0,0,1,0,0,2,0,0,0,0,0,0,0,0,0,0,0,0
C:\Users\ehsra\Documents\GitHub\WMVxTOPNG\ModelsTree\Creature\HUFMCitizenMid,5,0,0,0,0,1,0,0,0,0,1,0,0,3,0,0,0,0,0,0,0,0,0,0,0,0
C:\Users\ehsra\Documents\GitHub\WMVxTOPNG\ModelsTree\Creature\HUFMMerchant,5,0,0,0,0,2,0,0,0,0,1,0,0,2,0,0,0,0,0,0,0,0,0,0,0,0
C:\Users\ehsra\Documents\GitHub\WMVxTOPNG\ModelsTree\Creature\HumanFemaleBlacksmith,9,0,0,3,0,3,0,0,0,0,1,0,0,2,0,0,0,0,0,0,0,0,0,0,0,0
C:\Users\ehsra\Documents\GitHub\WMVxTOPNG\ModelsTree\Creature\HumanFemaleCaster,10,0,0,4,0,3,0,0,0,0,1,0,0,2,0,0,0,0,0,0,0,0,0,0,0,0
C:\Users\ehsra\Documents\GitHub\WMVxTOPNG\ModelsTree\Creature\HumanFemaleFarmer,6,0,0,0,0,3,0,0,0,0,1,0,0,2,0,0,0,0,0,0,0,0,0,0,0,0
C:\Users\ehsra\Documents\GitHub\WMVxTOPNG\ModelsTree\Creature\HumanFemaleKid,8,0,0,2,0,3,0,0,0,0,1,0,0,2,0,0,0,0,0,0,0,0,0,0,0,0
C:\Users\ehsra\Documents\GitHub\WMVxTOPNG\ModelsTree\Creature\HUMANFEMALEMERCHANTFAT,9,0,0,3,0,3,0,0,0,0,1,0,0,2,0,0,0,0,0,0,0,0,0,0,0,0
C:\Users\ehsra\Documents\GitHub\WMVxTOPNG\ModelsTree\Creature\HumanFemaleMerchantThin,9,0,0,3,0,3,0,0,0,0,1,0,0,2,0,0,0,0,0,0,0,0,0,0,0,0
C:\Users\ehsra\Documents\GitHub\WMVxTOPNG\ModelsTree\Creature\HumanFemalePeasant,10,0,0,4,0,3,0,0,0,0,1,0,0,2,0,0,0,0,0,0,0,0,0,0,0,0
C:\Users\ehsra\Documents\GitHub\WMVxTOPNG\ModelsTree\Creature\HumanFemaleWarriorHeavy,9,0,0,4,0,2,0,0,0,0,1,0,0,2,0,0,0,0,0,0,0,0,0,0,0,0
C:\Users\ehsra\Documents\GitHub\WMVxTOPNG\ModelsTree\Creature\HumanFemaleWarriorLight,9,0,0,4,0,2,0,0,0,0,1,0,0,2,0,0,0,0,0,0,0,0,0,0,0,0
C:\Users\ehsra\Documents\GitHub\WMVxTOPNG\ModelsTree\Creature\HumanFemaleWarriorMedium,10,0,0,4,0,3,0,0,0,0,1,0,0,2,0,0,0,0,0,0,0,0,0,0,0,0
C:\Users\ehsra\Documents\GitHub\WMVxTOPNG\ModelsTree\Creature\HumanMaleBlacksmith,8,0,0,3,0,2,0,0,0,0,1,0,0,2,0,0,0,0,0,0,0,0,0,0,0,0
C:\Users\ehsra\Documents\GitHub\WMVxTOPNG\ModelsTree\Creature\HumanMaleCaster,11,0,0,4,0,4,0,0,0,0,1,0,0,2,0,0,0,0,0,0,0,0,0,0,0,0
C:\Users\ehsra\Documents\GitHub\WMVxTOPNG\ModelsTree\Creature\HumanMaleFarmer,30,0,0,25,0,2,0,0,0,0,1,0,0,2,0,0,0,0,0,0,0,0,0,0,0,0
C:\Users\ehsra\Documents\GitHub\WMVxTOPNG\ModelsTree\Creature\HumanMaleGuard,5,0,0,0,0,1,0,0,0,0,1,0,0,3,0,0,0,0,0,0,0,0,0,0,0,0
C:\Users\ehsra\Documents\GitHub\WMVxTOPNG\ModelsTree\Creature\HumanMaleKid,27,0,0,8,0,7,0,0,0,0,4,0,0,8,0,0,0,0,0,0,0,0,0,0,0,0
C:\Users\ehsra\Documents\GitHub\WMVxTOPNG\ModelsTree\Creature\HumanMaleMarshal,7,0,0,0,0,3,0,0,0,0,1,0,0,3,0,0,0,0,0,0,0,0,0,0,0,0
C:\Users\ehsra\Documents\GitHub\WMVxTOPNG\ModelsTree\Creature\HumanMaleNoble,8,0,0,3,0,2,0,0,0,0,1,0,0,2,0,0,0,0,0,0,0,0,0,0,0,0
C:\Users\ehsra\Documents\GitHub\WMVxTOPNG\ModelsTree\Creature\HumanMalePeasant,23,0,0,4,0,4,0,0,0,0,5,0,0,10,0,0,0,0,0,0,0,0,0,0,0,0
C:\Users\ehsra\Documents\GitHub\WMVxTOPNG\ModelsTree\Creature\HumanMalePirateCaptain,61,0,0,52,0,3,0,0,0,0,2,0,0,4,0,0,0,0,0,0,0,0,0,0,0,0
C:\Users\ehsra\Documents\GitHub\WMVxTOPNG\ModelsTree\Creature\HumanMalePirateCrewman,24,0,0,8,0,10,0,0,0,0,2,0,0,4,0,0,0,0,0,0,0,0,0,0,0,0
C:\Users\ehsra\Documents\GitHub\WMVxTOPNG\ModelsTree\Creature\HumanMalePirateSwashbuckler,19,0,0,8,0,5,0,0,0,0,2,0,0,4,0,0,0,0,0,0,0,0,0,0,0,0
C:\Users\ehsra\Documents\GitHub\WMVxTOPNG\ModelsTree\Creature\HumanMaleWarriorHeavy,16,0,0,8,0,2,0,0,0,0,2,0,0,4,0,0,0,0,0,0,0,0,0,0,0,0
C:\Users\ehsra\Documents\GitHub\WMVxTOPNG\ModelsTree\Creature\HumanMaleWarriorLight,9,0,0,4,0,2,0,0,0,0,1,0,0,2,0,0,0,0,0,0,0,0,0,0,0,0
C:\Users\ehsra\Documents\GitHub\WMVxTOPNG\ModelsTree\Creature\HumanMaleWarriorMedium,9,0,0,4,0,2,0,0,0,0,1,0,0,2,0,0,0,0,0,0,0,0,0,0,0,0
C:\Users\ehsra\Documents\GitHub\WMVxTOPNG\ModelsTree\Creature\HumanMaleWizard,8,0,0,3,0,2,0,0,0,0,1,0,0,2,0,0,0,0,0,0,0,0,0,0,0,0
C:\Users\ehsra\Documents\GitHub\WMVxTOPNG\ModelsTree\Creature\HumanThief,10,0,0,0,0,7,0,0,0,0,1,0,0,2,0,0,0,0,0,0,0,0,0,0,0,0
C:\Users\ehsra\Documents\GitHub\WMVxTOPNG\ModelsTree\Creature\HUMLBlackSmith,7,0,0,0,0,4,0,0,0,0,1,0,0,2,0,0,0,0,0,0,0,0,0,0,0,0
C:\Users\ehsra\Documents\GitHub\WMVxTOPNG\ModelsTree\Creature\HUMLCitizenMid,3,0,0,0,0,0,0,0,0,0,1,0,0,2,0,0,0,0,0,0,0,0,0,0,0,0
C:\Users\ehsra\Documents\GitHub\WMVxTOPNG\ModelsTree\Creature\HUMLMagicSmith,5,0,0,0,0,2,0,0,0,0,1,0,0,2,0,0,0,0,0,0,0,0,0,0,0,0
C:\Users\ehsra\Documents\GitHub\WMVxTOPNG\ModelsTree\Creature\HUMLMerchant,4,0,0,0,0,1,0,0,0,0,1,0,0,2,0,0,0,0,0,0,0,0,0,0,0,0
C:\Users\ehsra\Documents\GitHub\WMVxTOPNG\ModelsTree\Creature\HUMLUpperCitizen,3,0,0,0,0,0,0,0,0,0,1,0,0,2,0,0,0,0,0,0,0,0,0,0,0,0
C:\Users\ehsra\Documents\GitHub\WMVxTOPNG\ModelsTree\Creature\HUMNGuardBig,7,0,0,0,0,3,0,0,0,0,1,0,0,3,0,0,0,0,0,0,0,0,0,0,0,0
C:\Users\ehsra\Documents\GitHub\WMVxTOPNG\ModelsTree\Creature\HUMSCitizenMid,4,0,0,0,0,1,0,0,0,0,1,0,0,2,0,0,0,0,0,0,0,0,0,0,0,0
C:\Users\ehsra\Documents\GitHub\WMVxTOPNG\ModelsTree\Creature\HUMSGuardBig,4,0,0,0,0,0,0,0,0,0,1,0,0,3,0,0,0,0,0,0,0,0,0,0,0,0
C:\Users\ehsra\Documents\GitHub\WMVxTOPNG\ModelsTree\Creature\HUMSMerchant,3,0,0,0,0,0,0,0,0,0,1,0,0,2,0,0,0,0,0,0,0,0,0,0,0,0
C:\Users\ehsra\Documents\GitHub\WMVxTOPNG\ModelsTree\Creature\Hydra,13,0,0,0,0,8,0,0,0,0,1,0,0,4,0,0,0,0,0,0,0,0,0,0,0,0
C:\Users\ehsra\Documents\GitHub\WMVxTOPNG\ModelsTree\Creature\HydraOutland,13,0,0,0,0,10,0,0,0,0,1,0,0,2,0,0,0,0,0,0,0,0,0,0,0,0
C:\Users\ehsra\Documents\GitHub\WMVxTOPNG\ModelsTree\Creature\Hyena,17,0,0,7,0,7,0,0,0,0,1,0,0,2,0,0,0,0,0,0,0,0,0,0,0,0
C:\Users\ehsra\Documents\GitHub\WMVxTOPNG\ModelsTree\Creature\Iceberg,3,0,0,0,0,1,0,0,0,0,1,0,0,1,0,0,0,0,0,0,0,0,0,0,0,0
C:\Users\ehsra\Documents\GitHub\WMVxTOPNG\ModelsTree\Creature\IcecrownFleshBeast,16,0,0,8,0,4,0,0,0,0,1,0,0,3,0,0,0,0,0,0,0,0,0,0,0,0
C:\Users\ehsra\Documents\GitHub\WMVxTOPNG\ModelsTree\Creature\Illidan,23,0,0,8,0,5,0,0,0,0,2,0,0,8,0,0,0,0,0,0,0,0,0,0,0,0
C:\Users\ehsra\Documents\GitHub\WMVxTOPNG\ModelsTree\Creature\IllidanGlaive,5,0,0,0,0,3,0,0,0,0,1,0,0,1,0,0,0,0,0,0,0,0,0,0,0,0
C:\Users\ehsra\Documents\GitHub\WMVxTOPNG\ModelsTree\Creature\Imp,10,0,0,0,0,7,0,0,0,0,1,0,0,2,0,0,0,0,0,0,0,0,0,0,0,0
C:\Users\ehsra\Documents\GitHub\WMVxTOPNG\ModelsTree\Creature\ImpOutland,7,0,0,0,0,4,0,0,0,0,1,0,0,2,0,0,0,0,0,0,0,0,0,0,0,0
C:\Users\ehsra\Documents\GitHub\WMVxTOPNG\ModelsTree\Creature\INFERNAL,6,0,0,0,0,3,0,0,0,0,1,0,0,2,0,0,0,0,0,0,0,0,0,0,0,0
C:\Users\ehsra\Documents\GitHub\WMVxTOPNG\ModelsTree\Creature\InvisibleMan,43,0,0,41,0,0,0,0,0,0,1,0,0,1,0,0,0,0,0,0,0,0,0,0,0,0
C:\Users\ehsra\Documents\GitHub\WMVxTOPNG\ModelsTree\Creature\InvisibleStalker,90,0,0,82,0,0,0,0,0,0,4,0,0,4,0,0,0,0,0,0,0,0,0,0,0,0
C:\Users\ehsra\Documents\GitHub\WMVxTOPNG\ModelsTree\Creature\IronDwarf,160,0,0,138,0,12,0,0,0,0,3,0,0,7,0,0,0,0,0,0,0,0,0,0,0,0
C:\Users\ehsra\Documents\GitHub\WMVxTOPNG\ModelsTree\Creature\IronVrykulMale,30,0,0,18,0,8,0,0,0,0,1,0,0,3,0,0,0,0,0,0,0,0,0,0,0,0
C:\Users\ehsra\Documents\GitHub\WMVxTOPNG\ModelsTree\Creature\Jaina,95,0,0,89,0,3,0,0,0,0,1,0,0,2,0,0,0,0,0,0,0,0,0,0,0,0
C:\Users\ehsra\Documents\GitHub\WMVxTOPNG\ModelsTree\Creature\Jormungar,9,0,0,0,0,6,0,0,0,0,1,0,0,2,0,0,0,0,0,0,0,0,0,0,0,0
C:\Users\ehsra\Documents\GitHub\WMVxTOPNG\ModelsTree\Creature\JormungarLarva,8,0,0,0,0,5,0,0,0,0,1,0,0,2,0,0,0,0,0,0,0,0,0,0,0,0
C:\Users\ehsra\Documents\GitHub\WMVxTOPNG\ModelsTree\Creature\Kaelthas,51,0,0,45,0,1,0,0,0,0,1,0,0,4,0,0,0,0,0,0,0,0,0,0,0,0
C:\Users\ehsra\Documents\GitHub\WMVxTOPNG\ModelsTree\Creature\Kaelthas_broken,52,0,0,45,0,3,0,0,0,0,1,0,0,3,0,0,0,0,0,0,0,0,0,0,0,0
C:\Users\ehsra\Documents\GitHub\WMVxTOPNG\ModelsTree\Creature\KAETHASL,1,0,0,0,0,1,0,0,0,0,0,0,0,0,0,0,0,0,0,0,0,0,0,0,0,0
C:\Users\ehsra\Documents\GitHub\WMVxTOPNG\ModelsTree\Creature\Kalecgos,52,0,0,47,0,2,0,0,0,0,1,0,0,2,0,0,0,0,0,0,0,0,0,0,0,0
C:\Users\ehsra\Documents\GitHub\WMVxTOPNG\ModelsTree\Creature\Kargath,55,0,0,46,0,6,0,0,0,0,1,0,0,2,0,0,0,0,0,0,0,0,0,0,0,0
C:\Users\ehsra\Documents\GitHub\WMVxTOPNG\ModelsTree\Creature\KeeperOfTheGrove,11,0,0,0,0,7,0,0,0,0,1,0,0,3,0,0,0,0,0,0,0,0,0,0,0,0
C:\Users\ehsra\Documents\GitHub\WMVxTOPNG\ModelsTree\Creature\KelThuzad,9,0,0,1,0,1,0,0,0,0,2,0,0,5,0,0,0,0,0,0,0,0,0,0,0,0
C:\Users\ehsra\Documents\GitHub\WMVxTOPNG\ModelsTree\Creature\KILJAEDEN,17,0,0,1,0,11,0,0,0,0,1,0,0,4,0,0,0,0,0,0,0,0,0,0,0,0
C:\Users\ehsra\Documents\GitHub\WMVxTOPNG\ModelsTree\Creature\KingVarianWrynn,52,0,0,47,0,2,0,0,0,0,1,0,0,2,0,0,0,0,0,0,0,0,0,0,0,0
C:\Users\ehsra\Documents\GitHub\WMVxTOPNG\ModelsTree\Creature\KingYmiron,25,0,0,18,0,3,0,0,0,0,1,0,0,3,0,0,0,0,0,0,0,0,0,0,0,0
C:\Users\ehsra\Documents\GitHub\WMVxTOPNG\ModelsTree\Creature\Kobold,7,0,0,2,0,2,0,0,0,0,1,0,0,2,0,0,0,0,0,0,0,0,0,0,0,0
C:\Users\ehsra\Documents\GitHub\WMVxTOPNG\ModelsTree\Creature\KodoBeast,42,0,0,0,0,27,0,0,0,0,5,0,0,10,0,0,0,0,0,0,0,0,0,0,0,0
C:\Users\ehsra\Documents\GitHub\WMVxTOPNG\ModelsTree\Creature\KodobeastPack,3,0,0,0,0,0,0,0,0,0,1,0,0,2,0,0,0,0,0,0,0,0,0,0,0,0
C:\Users\ehsra\Documents\GitHub\WMVxTOPNG\ModelsTree\Creature\KodobeastTame,3,0,0,0,0,0,0,0,0,0,1,0,0,2,0,0,0,0,0,0,0,0,0,0,0,0
C:\Users\ehsra\Documents\GitHub\WMVxTOPNG\ModelsTree\Creature\Kologarn,22,1,0,0,0,1,0,0,0,0,3,0,0,18,0,0,0,0,0,0,0,0,0,0,0,0
C:\Users\ehsra\Documents\GitHub\WMVxTOPNG\ModelsTree\Creature\Kologarn\WORK,0,1,0,0,0,0,0,0,0,0,0,0,0,0,0,0,0,0,0,0,0,0,0,0,0,0
C:\Users\ehsra\Documents\GitHub\WMVxTOPNG\ModelsTree\Creature\Kologarn\WORK\WORK,1,0,0,0,0,1,0,0,0,0,0,0,0,0,0,0,0,0,0,0,0,0,0,0,0,0
C:\Users\ehsra\Documents\GitHub\WMVxTOPNG\ModelsTree\Creature\KRAKKEN,9,0,0,0,0,6,0,0,0,0,1,0,0,2,0,0,0,0,0,0,0,0,0,0,0,0
C:\Users\ehsra\Documents\GitHub\WMVxTOPNG\ModelsTree\Creature\LadySylvanasWindrunner,52,0,0,45,0,3,0,0,0,0,1,0,0,3,0,0,0,0,0,0,0,0,0,0,0,0
C:\Users\ehsra\Documents\GitHub\WMVxTOPNG\ModelsTree\Creature\LadyVashj,9,0,0,2,0,2,0,0,0,0,1,0,0,4,0,0,0,0,0,0,0,0,0,0,0,0
C:\Users\ehsra\Documents\GitHub\WMVxTOPNG\ModelsTree\Creature\Landro,5,0,0,1,0,1,0,0,0,0,1,0,0,2,0,0,0,0,0,0,0,0,0,0,0,0
C:\Users\ehsra\Documents\GitHub\WMVxTOPNG\ModelsTree\Creature\LARVA,9,0,0,0,0,7,0,0,0,0,1,0,0,1,0,0,0,0,0,0,0,0,0,0,0,0
C:\Users\ehsra\Documents\GitHub\WMVxTOPNG\ModelsTree\Creature\LarvaOutland,7,0,0,0,0,5,0,0,0,0,1,0,0,1,0,0,0,0,0,0,0,0,0,0,0,0
C:\Users\ehsra\Documents\GitHub\WMVxTOPNG\ModelsTree\Creature\Lasher,15,0,0,0,0,11,0,0,0,0,1,0,0,3,0,0,0,0,0,0,0,0,0,0,0,0
C:\Users\ehsra\Documents\GitHub\WMVxTOPNG\ModelsTree\Creature\LasherOrchid,14,0,0,0,0,10,0,0,0,0,1,0,0,3,0,0,0,0,0,0,0,0,0,0,0,0
C:\Users\ehsra\Documents\GitHub\WMVxTOPNG\ModelsTree\Creature\Lavaman,53,0,0,47,0,3,0,0,0,0,1,0,0,2,0,0,0,0,0,0,0,0,0,0,0,0
C:\Users\ehsra\Documents\GitHub\WMVxTOPNG\ModelsTree\Creature\LesserManaFiend,4,0,0,0,0,1,0,0,0,0,1,0,0,2,0,0,0,0,0,0,0,0,0,0,0,0
C:\Users\ehsra\Documents\GitHub\WMVxTOPNG\ModelsTree\Creature\LICH,8,0,0,1,0,2,0,0,0,0,1,0,0,4,0,0,0,0,0,0,0,0,0,0,0,0
C:\Users\ehsra\Documents\GitHub\WMVxTOPNG\ModelsTree\Creature\LifebinderGift,3,0,0,0,0,0,0,0,0,0,1,0,0,2,0,0,0,0,0,0,0,0,0,0,0,0
C:\Users\ehsra\Documents\GitHub\WMVxTOPNG\ModelsTree\Creature\Lion,14,0,0,8,0,3,0,0,0,0,1,0,0,2,0,0,0,0,0,0,0,0,0,0,0,0
C:\Users\ehsra\Documents\GitHub\WMVxTOPNG\ModelsTree\Creature\LionSeal,7,0,0,0,0,4,0,0,0,0,1,0,0,2,0,0,0,0,0,0,0,0,0,0,0,0
C:\Users\ehsra\Documents\GitHub\WMVxTOPNG\ModelsTree\Creature\Lobstrok,9,0,0,0,0,5,0,0,0,0,1,0,0,3,0,0,0,0,0,0,0,0,0,0,0,0
C:\Users\ehsra\Documents\GitHub\WMVxTOPNG\ModelsTree\Creature\LobstrokOutland,9,0,0,0,0,5,0,0,0,0,1,0,0,3,0,0,0,0,0,0,0,0,0,0,0,0
C:\Users\ehsra\Documents\GitHub\WMVxTOPNG\ModelsTree\Creature\Lord Kezzak,14,0,0,0,0,4,0,0,0,0,2,0,0,8,0,0,0,0,0,0,0,0,0,0,0,0
C:\Users\ehsra\Documents\GitHub\WMVxTOPNG\ModelsTree\Creature\LostOne,19,0,0,0,0,14,0,0,0,0,1,0,0,4,0,0,0,0,0,0,0,0,0,0,0,0
C:\Users\ehsra\Documents\GitHub\WMVxTOPNG\ModelsTree\Creature\LynxGod,6,0,0,2,0,1,0,0,0,0,1,0,0,2,0,0,0,0,0,0,0,0,0,0,0,0
C:\Users\ehsra\Documents\GitHub\WMVxTOPNG\ModelsTree\Creature\MadScientist,99,0,0,90,0,3,0,0,0,0,2,0,0,4,0,0,0,0,0,0,0,0,0,0,0,0
C:\Users\ehsra\Documents\GitHub\WMVxTOPNG\ModelsTree\Creature\MageHunter,9,0,0,0,0,6,0,0,0,0,1,0,0,2,0,0,0,0,0,0,0,0,0,0,0,0
C:\Users\ehsra\Documents\GitHub\WMVxTOPNG\ModelsTree\Creature\Magnataur,9,0,0,1,0,4,0,0,0,0,1,0,0,3,0,0,0,0,0,0,0,0,0,0,0,0
C:\Users\ehsra\Documents\GitHub\WMVxTOPNG\ModelsTree\Creature\MalGanis,16,0,0,3,0,8,0,0,0,0,1,0,0,4,0,0,0,0,0,0,0,0,0,0,0,0
C:\Users\ehsra\Documents\GitHub\WMVxTOPNG\ModelsTree\Creature\Malygos,28,0,0,15,0,4,0,0,0,0,1,0,0,8,0,0,0,0,0,0,0,0,0,0,0,0
C:\Users\ehsra\Documents\GitHub\WMVxTOPNG\ModelsTree\Creature\Mammoth,25,0,0,0,0,8,0,0,0,0,5,0,0,12,0,0,0,0,0,0,0,0,0,0,0,0
C:\Users\ehsra\Documents\GitHub\WMVxTOPNG\ModelsTree\Creature\MANAFIEND,9,0,0,0,0,5,0,0,0,0,1,0,0,3,0,0,0,0,0,0,0,0,0,0,0,0
C:\Users\ehsra\Documents\GitHub\WMVxTOPNG\ModelsTree\Creature\ManafiendGreen,6,0,0,0,0,2,0,0,0,0,1,0,0,3,0,0,0,0,0,0,0,0,0,0,0,0
C:\Users\ehsra\Documents\GitHub\WMVxTOPNG\ModelsTree\Creature\MANAWURM,11,0,0,0,0,8,0,0,0,0,1,0,0,2,0,0,0,0,0,0,0,0,0,0,0,0
C:\Users\ehsra\Documents\GitHub\WMVxTOPNG\ModelsTree\Creature\MechaStrider,32,0,0,0,0,23,0,0,0,0,3,0,0,6,0,0,0,0,0,0,0,0,0,0,0,0
C:\Users\ehsra\Documents\GitHub\WMVxTOPNG\ModelsTree\Creature\medivh,51,0,0,41,0,7,0,0,0,0,1,0,0,2,0,0,0,0,0,0,0,0,0,0,0,0
C:\Users\ehsra\Documents\GitHub\WMVxTOPNG\ModelsTree\Creature\Miev,13,0,0,4,0,4,0,0,0,0,1,0,0,4,0,0,0,0,0,0,0,0,0,0,0,0
C:\Users\ehsra\Documents\GitHub\WMVxTOPNG\ModelsTree\Creature\Mimiron,21,0,0,0,0,8,0,0,0,0,5,0,0,8,0,0,0,0,0,0,0,0,0,0,0,0
C:\Users\ehsra\Documents\GitHub\WMVxTOPNG\ModelsTree\Creature\MineSpider,15,0,0,0,0,9,0,0,0,0,2,0,0,4,0,0,0,0,0,0,0,0,0,0,0,0
C:\Users\ehsra\Documents\GitHub\WMVxTOPNG\ModelsTree\Creature\MinisterofDeath,8,0,0,1,0,2,0,0,0,0,1,0,0,4,0,0,0,0,0,0,0,0,0,0,0,0
C:\Users\ehsra\Documents\GitHub\WMVxTOPNG\ModelsTree\Creature\MissileRocketMount,2,0,0,0,0,0,0,0,0,0,1,0,0,1,0,0,0,0,0,0,0,0,0,0,0,0
C:\Users\ehsra\Documents\GitHub\WMVxTOPNG\ModelsTree\Creature\Moarg,50,0,0,30,0,2,0,0,0,0,6,0,0,12,0,0,0,0,0,0,0,0,0,0,0,0
C:\Users\ehsra\Documents\GitHub\WMVxTOPNG\ModelsTree\Creature\MoargMinion,13,0,0,5,0,5,0,0,0,0,1,0,0,2,0,0,0,0,0,0,0,0,0,0,0,0
C:\Users\ehsra\Documents\GitHub\WMVxTOPNG\ModelsTree\Creature\mobat,6,0,0,0,0,3,0,0,0,0,1,0,0,2,0,0,0,0,0,0,0,0,0,0,0,0
C:\Users\ehsra\Documents\GitHub\WMVxTOPNG\ModelsTree\Creature\Moth,14,0,0,0,0,12,0,0,0,0,1,0,0,1,0,0,0,0,0,0,0,0,0,0,0,0
C:\Users\ehsra\Documents\GitHub\WMVxTOPNG\ModelsTree\Creature\Mothpet,3,0,0,0,0,1,0,0,0,0,1,0,0,1,0,0,0,0,0,0,0,0,0,0,0,0
C:\Users\ehsra\Documents\GitHub\WMVxTOPNG\ModelsTree\Creature\MotorcycleVehicle,9,0,0,0,0,6,0,0,0,0,1,0,0,2,0,0,0,0,0,0,0,0,0,0,0,0
C:\Users\ehsra\Documents\GitHub\WMVxTOPNG\ModelsTree\Creature\MountainGiant,11,0,0,0,0,8,0,0,0,0,1,0,0,2,0,0,0,0,0,0,0,0,0,0,0,0
C:\Users\ehsra\Documents\GitHub\WMVxTOPNG\ModelsTree\Creature\MOUNTAINGIANTCRYSTAL,18,0,0,0,0,12,0,0,0,0,2,0,0,4,0,0,0,0,0,0,0,0,0,0,0,0
C:\Users\ehsra\Documents\GitHub\WMVxTOPNG\ModelsTree\Creature\MountainGiantCrystalOgrila,5,0,0,0,0,2,0,0,0,0,1,0,0,2,0,0,0,0,0,0,0,0,0,0,0,0
C:\Users\ehsra\Documents\GitHub\WMVxTOPNG\ModelsTree\Creature\MountainGiantNorthrend,5,0,0,0,0,2,0,0,0,0,1,0,0,2,0,0,0,0,0,0,0,0,0,0,0,0
C:\Users\ehsra\Documents\GitHub\WMVxTOPNG\ModelsTree\Creature\MountainGiantOutland,13,0,0,0,0,4,0,0,0,0,3,0,0,6,0,0,0,0,0,0,0,0,0,0,0,0
C:\Users\ehsra\Documents\GitHub\WMVxTOPNG\ModelsTree\Creature\MOUNTEDDEATHKNIGHT,100,0,0,45,0,25,0,0,0,0,7,0,0,23,0,0,0,0,0,0,0,0,0,0,0,0
C:\Users\ehsra\Documents\GitHub\WMVxTOPNG\ModelsTree\Creature\MOUNTEDDEMONKNIGHT,8,0,0,0,0,3,0,0,0,0,1,0,0,4,0,0,0,0,0,0,0,0,0,0,0,0
C:\Users\ehsra\Documents\GitHub\WMVxTOPNG\ModelsTree\Creature\MountedKnight,8,0,0,0,0,3,0,0,0,0,1,0,0,4,0,0,0,0,0,0,0,0,0,0,0,0
C:\Users\ehsra\Documents\GitHub\WMVxTOPNG\ModelsTree\Creature\MouthofKathune01,3,0,0,0,0,1,0,0,0,0,1,0,0,1,0,0,0,0,0,0,0,0,0,0,0,0
C:\Users\ehsra\Documents\GitHub\WMVxTOPNG\ModelsTree\Creature\Murloc,37,0,0,2,0,23,0,0,0,0,4,0,0,8,0,0,0,0,0,0,0,0,0,0,0,0
C:\Users\ehsra\Documents\GitHub\WMVxTOPNG\ModelsTree\Creature\MurlocCostume,72,0,0,60,0,3,0,0,0,0,3,0,0,6,0,0,0,0,0,0,0,0,0,0,0,0
C:\Users\ehsra\Documents\GitHub\WMVxTOPNG\ModelsTree\Creature\Murmur,8,0,0,1,0,4,0,0,0,0,1,0,0,2,0,0,0,0,0,0,0,0,0,0,0,0
C:\Users\ehsra\Documents\GitHub\WMVxTOPNG\ModelsTree\Creature\Muru,6,0,0,1,0,3,0,0,0,0,1,0,0,1,0,0,0,0,0,0,0,0,0,0,0,0
C:\Users\ehsra\Documents\GitHub\WMVxTOPNG\ModelsTree\Creature\NAARU,15,0,0,1,0,12,0,0,0,0,1,0,0,1,0,0,0,0,0,0,0,0,0,0,0,0
C:\Users\ehsra\Documents\GitHub\WMVxTOPNG\ModelsTree\Creature\NagaFemale,11,0,0,1,0,5,0,0,0,0,1,0,0,4,0,0,0,0,0,0,0,0,0,0,0,0
C:\Users\ehsra\Documents\GitHub\WMVxTOPNG\ModelsTree\Creature\NagaLordMale,8,0,0,2,0,2,0,0,0,0,1,0,0,3,0,0,0,0,0,0,0,0,0,0,0,0
C:\Users\ehsra\Documents\GitHub\WMVxTOPNG\ModelsTree\Creature\NAGAMALE,19,0,0,2,0,12,0,0,0,0,1,0,0,4,0,0,0,0,0,0,0,0,0,0,0,0
C:\Users\ehsra\Documents\GitHub\WMVxTOPNG\ModelsTree\Creature\Necromancer,58,0,0,45,0,10,0,0,0,0,1,0,0,2,0,0,0,0,0,0,0,0,0,0,0,0
C:\Users\ehsra\Documents\GitHub\WMVxTOPNG\ModelsTree\Creature\Nefarian,11,0,0,6,0,0,0,0,0,0,1,0,0,4,0,0,0,0,0,0,0,0,0,0,0,0
C:\Users\ehsra\Documents\GitHub\WMVxTOPNG\ModelsTree\Creature\Nerubian,9,0,0,2,0,4,0,0,0,0,1,0,0,2,0,0,0,0,0,0,0,0,0,0,0,0
C:\Users\ehsra\Documents\GitHub\WMVxTOPNG\ModelsTree\Creature\NerubianCaster,13,0,0,2,0,8,0,0,0,0,1,0,0,2,0,0,0,0,0,0,0,0,0,0,0,0
C:\Users\ehsra\Documents\GitHub\WMVxTOPNG\ModelsTree\Creature\NerubianPriest,15,0,0,2,0,8,0,0,0,0,1,0,0,4,0,0,0,0,0,0,0,0,0,0,0,0
C:\Users\ehsra\Documents\GitHub\WMVxTOPNG\ModelsTree\Creature\NerubianSpiderling,8,0,0,1,0,4,0,0,0,0,1,0,0,2,0,0,0,0,0,0,0,0,0,0,0,0
C:\Users\ehsra\Documents\GitHub\WMVxTOPNG\ModelsTree\Creature\NerubianWarrior,13,0,0,2,0,8,0,0,0,0,1,0,0,2,0,0,0,0,0,0,0,0,0,0,0,0
C:\Users\ehsra\Documents\GitHub\WMVxTOPNG\ModelsTree\Creature\NetherDragon,17,0,0,0,0,12,0,0,0,0,1,0,0,4,0,0,0,0,0,0,0,0,0,0,0,0
C:\Users\ehsra\Documents\GitHub\WMVxTOPNG\ModelsTree\Creature\NETHERDRAKE,83,0,0,26,0,41,0,0,0,0,4,0,0,12,0,0,0,0,0,0,0,0,0,0,0,0
C:\Users\ehsra\Documents\GitHub\WMVxTOPNG\ModelsTree\Creature\NETHERDRAKONID,9,0,0,1,0,5,0,0,0,0,1,0,0,2,0,0,0,0,0,0,0,0,0,0,0,0
C:\Users\ehsra\Documents\GitHub\WMVxTOPNG\ModelsTree\Creature\NetherDrakonidBoss,8,0,0,1,0,4,0,0,0,0,1,0,0,2,0,0,0,0,0,0,0,0,0,0,0,0
C:\Users\ehsra\Documents\GitHub\WMVxTOPNG\ModelsTree\Creature\netherray,9,0,0,0,0,6,0,0,0,0,1,0,0,2,0,0,0,0,0,0,0,0,0,0,0,0
C:\Users\ehsra\Documents\GitHub\WMVxTOPNG\ModelsTree\Creature\Nexus,2,0,0,0,0,0,0,0,0,0,1,0,0,1,0,0,0,0,0,0,0,0,0,0,0,0
C:\Users\ehsra\Documents\GitHub\WMVxTOPNG\ModelsTree\Creature\NIAN,5,0,0,0,0,2,0,0,0,0,1,0,0,2,0,0,0,0,0,0,0,0,0,0,0,0
C:\Users\ehsra\Documents\GitHub\WMVxTOPNG\ModelsTree\Creature\NIGHTBANE,15,0,0,6,0,4,0,0,0,0,1,0,0,4,0,0,0,0,0,0,0,0,0,0,0,0
C:\Users\ehsra\Documents\GitHub\WMVxTOPNG\ModelsTree\Creature\Nightmare,9,0,0,0,0,3,0,0,0,0,2,0,0,4,0,0,0,0,0,0,0,0,0,0,0,0
C:\Users\ehsra\Documents\GitHub\WMVxTOPNG\ModelsTree\Creature\NorthrendBearMount,74,0,0,49,0,10,0,0,0,0,5,0,0,10,0,0,0,0,0,0,0,0,0,0,0,0
C:\Users\ehsra\Documents\GitHub\WMVxTOPNG\ModelsTree\Creature\NorthrendFireGiant,14,0,0,8,0,2,0,0,0,0,1,0,0,3,0,0,0,0,0,0,0,0,0,0,0,0
C:\Users\ehsra\Documents\GitHub\WMVxTOPNG\ModelsTree\Creature\NorthrendFleshGiant,17,0,0,8,0,6,0,0,0,0,1,0,0,2,0,0,0,0,0,0,0,0,0,0,0,0
C:\Users\ehsra\Documents\GitHub\WMVxTOPNG\ModelsTree\Creature\NorthrendFrostWurm,23,0,0,14,0,0,0,0,0,0,1,0,0,8,0,0,0,0,0,0,0,0,0,0,0,0
C:\Users\ehsra\Documents\GitHub\WMVxTOPNG\ModelsTree\Creature\NorthrendFrostWurm_NoFrost,23,0,0,14,0,0,0,0,0,0,1,0,0,8,0,0,0,0,0,0,0,0,0,0,0,0
C:\Users\ehsra\Documents\GitHub\WMVxTOPNG\ModelsTree\Creature\NorthrendGeist,10,0,0,3,0,4,0,0,0,0,1,0,0,2,0,0,0,0,0,0,0,0,0,0,0,0
C:\Users\ehsra\Documents\GitHub\WMVxTOPNG\ModelsTree\Creature\NorthrendGhoul,15,0,0,4,0,5,0,0,0,0,2,0,0,4,0,0,0,0,0,0,0,0,0,0,0,0
C:\Users\ehsra\Documents\GitHub\WMVxTOPNG\ModelsTree\Creature\NorthrendGiant,25,0,0,15,0,2,0,0,0,0,2,0,0,6,0,0,0,0,0,0,0,0,0,0,0,0
C:\Users\ehsra\Documents\GitHub\WMVxTOPNG\ModelsTree\Creature\NorthrendIceGiant,13,0,0,8,0,2,0,0,0,0,1,0,0,2,0,0,0,0,0,0,0,0,0,0,0,0
C:\Users\ehsra\Documents\GitHub\WMVxTOPNG\ModelsTree\Creature\NORTHRENDIRONGIANT,13,1,0,8,0,2,0,0,0,0,1,0,0,2,0,0,0,0,0,0,0,0,0,0,0,0
C:\Users\ehsra\Documents\GitHub\WMVxTOPNG\ModelsTree\Creature\NORTHRENDIRONGIANT\WORKING,1,0,0,0,0,1,0,0,0,0,0,0,0,0,0,0,0,0,0,0,0,0,0,0,0,0
C:\Users\ehsra\Documents\GitHub\WMVxTOPNG\ModelsTree\Creature\NorthrendNightbane,23,0,0,14,0,0,0,0,0,0,1,0,0,8,0,0,0,0,0,0,0,0,0,0,0,0
C:\Users\ehsra\Documents\GitHub\WMVxTOPNG\ModelsTree\Creature\NorthrendPenguin,5,0,0,0,0,2,0,0,0,0,1,0,0,2,0,0,0,0,0,0,0,0,0,0,0,0
C:\Users\ehsra\Documents\GitHub\WMVxTOPNG\ModelsTree\Creature\NorthrendStoneGiant,19,0,0,8,0,8,0,0,0,0,1,0,0,2,0,0,0,0,0,0,0,0,0,0,0,0
C:\Users\ehsra\Documents\GitHub\WMVxTOPNG\ModelsTree\Creature\NorthrendWorgen,25,0,0,17,0,5,0,0,0,0,1,0,0,2,0,0,0,0,0,0,0,0,0,0,0,0
C:\Users\ehsra\Documents\GitHub\WMVxTOPNG\ModelsTree\Creature\Object,9,0,0,0,0,3,0,0,0,0,3,0,0,3,0,0,0,0,0,0,0,0,0,0,0,0
C:\Users\ehsra\Documents\GitHub\WMVxTOPNG\ModelsTree\Creature\ObsidianDestroyer,5,0,0,0,0,2,0,0,0,0,1,0,0,2,0,0,0,0,0,0,0,0,0,0,0,0
C:\Users\ehsra\Documents\GitHub\WMVxTOPNG\ModelsTree\Creature\Ogre,104,0,0,61,0,34,0,0,0,0,3,0,0,6,0,0,0,0,0,0,0,0,0,0,0,0
C:\Users\ehsra\Documents\GitHub\WMVxTOPNG\ModelsTree\Creature\Ogre02,34,0,0,19,0,12,0,0,0,0,1,0,0,2,0,0,0,0,0,0,0,0,0,0,0,0
C:\Users\ehsra\Documents\GitHub\WMVxTOPNG\ModelsTree\Creature\OgreKing,21,0,0,16,0,2,0,0,0,0,1,0,0,2,0,0,0,0,0,0,0,0,0,0,0,0
C:\Users\ehsra\Documents\GitHub\WMVxTOPNG\ModelsTree\Creature\OgreMage,1,0,0,0,0,1,0,0,0,0,0,0,0,0,0,0,0,0,0,0,0,0,0,0,0,0
C:\Users\ehsra\Documents\GitHub\WMVxTOPNG\ModelsTree\Creature\OgreMage02,40,0,0,19,0,18,0,0,0,0,1,0,0,2,0,0,0,0,0,0,0,0,0,0,0,0
C:\Users\ehsra\Documents\GitHub\WMVxTOPNG\ModelsTree\Creature\OgreMageLord,34,0,0,19,0,12,0,0,0,0,1,0,0,2,0,0,0,0,0,0,0,0,0,0,0,0
C:\Users\ehsra\Documents\GitHub\WMVxTOPNG\ModelsTree\Creature\Oracle,26,0,0,8,0,8,0,0,0,0,2,0,0,8,0,0,0,0,0,0,0,0,0,0,0,0
C:\Users\ehsra\Documents\GitHub\WMVxTOPNG\ModelsTree\Creature\ORCA,3,0,0,0,0,1,0,0,0,0,1,0,0,1,0,0,0,0,0,0,0,0,0,0,0,0
C:\Users\ehsra\Documents\GitHub\WMVxTOPNG\ModelsTree\Creature\ORCDRAKERIDER,2,0,0,0,0,2,0,0,0,0,0,0,0,0,0,0,0,0,0,0,0,0,0,0,0,0
C:\Users\ehsra\Documents\GitHub\WMVxTOPNG\ModelsTree\Creature\OrcFemaleKid,6,0,0,2,0,1,0,0,0,0,1,0,0,2,0,0,0,0,0,0,0,0,0,0,0,0
C:\Users\ehsra\Documents\GitHub\WMVxTOPNG\ModelsTree\Creature\OrcFemaleKidBrown,4,0,0,0,0,1,0,0,0,0,1,0,0,2,0,0,0,0,0,0,0,0,0,0,0,0
C:\Users\ehsra\Documents\GitHub\WMVxTOPNG\ModelsTree\Creature\OrcFemaleWarriorLight,1,0,0,0,0,1,0,0,0,0,0,0,0,0,0,0,0,0,0,0,0,0,0,0,0,0
C:\Users\ehsra\Documents\GitHub\WMVxTOPNG\ModelsTree\Creature\OrcMaleKid,18,0,0,6,0,3,0,0,0,0,3,0,0,6,0,0,0,0,0,0,0,0,0,0,0,0
C:\Users\ehsra\Documents\GitHub\WMVxTOPNG\ModelsTree\Creature\OrcMaleKidBrown,6,0,0,2,0,1,0,0,0,0,1,0,0,2,0,0,0,0,0,0,0,0,0,0,0,0
C:\Users\ehsra\Documents\GitHub\WMVxTOPNG\ModelsTree\Creature\OrcMaleMerchantLight,8,0,0,3,0,1,0,0,0,0,1,0,0,3,0,0,0,0,0,0,0,0,0,0,0,0
C:\Users\ehsra\Documents\GitHub\WMVxTOPNG\ModelsTree\Creature\OrcMaleWarriorHeavy,9,0,0,3,0,2,0,0,0,0,1,0,0,3,0,0,0,0,0,0,0,0,0,0,0,0
C:\Users\ehsra\Documents\GitHub\WMVxTOPNG\ModelsTree\Creature\OrcMaleWarriorLight,8,0,0,3,0,1,0,0,0,0,1,0,0,3,0,0,0,0,0,0,0,0,0,0,0,0
C:\Users\ehsra\Documents\GitHub\WMVxTOPNG\ModelsTree\Creature\Owl,14,0,0,0,0,11,0,0,0,0,1,0,0,2,0,0,0,0,0,0,0,0,0,0,0,0
C:\Users\ehsra\Documents\GitHub\WMVxTOPNG\ModelsTree\Creature\panda,18,0,0,12,0,2,0,0,0,0,2,0,0,2,0,0,0,0,0,0,0,0,0,0,0,0
C:\Users\ehsra\Documents\GitHub\WMVxTOPNG\ModelsTree\Creature\PandarenMonk,20,0,0,14,0,3,0,0,0,0,1,0,0,2,0,0,0,0,0,0,0,0,0,0,0,0
C:\Users\ehsra\Documents\GitHub\WMVxTOPNG\ModelsTree\Creature\Paperairplane_Gyro,3,0,0,0,0,1,0,0,0,0,1,0,0,1,0,0,0,0,0,0,0,0,0,0,0,0
C:\Users\ehsra\Documents\GitHub\WMVxTOPNG\ModelsTree\Creature\Paperairplane_Zeppelin,3,0,0,0,0,1,0,0,0,0,1,0,0,1,0,0,0,0,0,0,0,0,0,0,0,0
C:\Users\ehsra\Documents\GitHub\WMVxTOPNG\ModelsTree\Creature\Parrot,12,0,0,0,0,9,0,0,0,0,1,0,0,2,0,0,0,0,0,0,0,0,0,0,0,0
C:\Users\ehsra\Documents\GitHub\WMVxTOPNG\ModelsTree\Creature\PenguinPet,6,0,0,0,0,3,0,0,0,0,1,0,0,2,0,0,0,0,0,0,0,0,0,0,0,0
C:\Users\ehsra\Documents\GitHub\WMVxTOPNG\ModelsTree\Creature\PHOENIX,14,0,0,0,0,9,0,0,0,0,1,0,0,4,0,0,0,0,0,0,0,0,0,0,0,0
C:\Users\ehsra\Documents\GitHub\WMVxTOPNG\ModelsTree\Creature\PhoenixPet,7,0,0,2,0,2,0,0,0,0,1,0,0,2,0,0,0,0,0,0,0,0,0,0,0,0
C:\Users\ehsra\Documents\GitHub\WMVxTOPNG\ModelsTree\Creature\Pig,9,0,0,0,0,6,0,0,0,0,1,0,0,2,0,0,0,0,0,0,0,0,0,0,0,0
C:\Users\ehsra\Documents\GitHub\WMVxTOPNG\ModelsTree\Creature\PITLORD,23,0,0,10,0,3,0,0,0,0,2,0,0,8,0,0,0,0,0,0,0,0,0,0,0,0
C:\Users\ehsra\Documents\GitHub\WMVxTOPNG\ModelsTree\Creature\Portal,2,0,0,0,0,0,0,0,0,0,1,0,0,1,0,0,0,0,0,0,0,0,0,0,0,0
C:\Users\ehsra\Documents\GitHub\WMVxTOPNG\ModelsTree\Creature\PORTALOFKATHUNE,5,0,0,0,0,1,0,0,0,0,2,0,0,2,0,0,0,0,0,0,0,0,0,0,0,0
C:\Users\ehsra\Documents\GitHub\WMVxTOPNG\ModelsTree\Creature\PowerSparkCreature,43,0,0,41,0,0,0,0,0,0,1,0,0,1,0,0,0,0,0,0,0,0,0,0,0,0
C:\Users\ehsra\Documents\GitHub\WMVxTOPNG\ModelsTree\Creature\PrarieDog,3,0,0,0,0,1,0,0,0,0,1,0,0,1,0,0,0,0,0,0,0,0,0,0,0,0
C:\Users\ehsra\Documents\GitHub\WMVxTOPNG\ModelsTree\Creature\ProtoDragon,55,0,0,12,0,28,0,0,0,0,5,0,0,10,0,0,0,0,0,0,0,0,0,0,0,0
C:\Users\ehsra\Documents\GitHub\WMVxTOPNG\ModelsTree\Creature\Pterrordax,9,0,0,0,0,6,0,0,0,0,1,0,0,2,0,0,0,0,0,0,0,0,0,0,0,0
C:\Users\ehsra\Documents\GitHub\WMVxTOPNG\ModelsTree\Creature\Pug,4,0,0,0,0,1,0,0,0,0,1,0,0,2,0,0,0,0,0,0,0,0,0,0,0,0
C:\Users\ehsra\Documents\GitHub\WMVxTOPNG\ModelsTree\Creature\PUMPKINSOLDIER,4,0,0,0,0,1,0,0,0,0,1,0,0,2,0,0,0,0,0,0,0,0,0,0,0,0
C:\Users\ehsra\Documents\GitHub\WMVxTOPNG\ModelsTree\Creature\QuestObjects,41,0,0,0,0,14,0,0,0,0,13,0,0,14,0,0,0,0,0,0,0,0,0,0,0,0
C:\Users\ehsra\Documents\GitHub\WMVxTOPNG\ModelsTree\Creature\Quillboar,41,0,0,0,0,32,0,0,0,0,3,0,0,6,0,0,0,0,0,0,0,0,0,0,0,0
C:\Users\ehsra\Documents\GitHub\WMVxTOPNG\ModelsTree\Creature\QuirajBattleguard,6,0,0,0,0,3,0,0,0,0,1,0,0,2,0,0,0,0,0,0,0,0,0,0,0,0
C:\Users\ehsra\Documents\GitHub\WMVxTOPNG\ModelsTree\Creature\QuirajGladiator,6,0,0,0,0,3,0,0,0,0,1,0,0,2,0,0,0,0,0,0,0,0,0,0,0,0
C:\Users\ehsra\Documents\GitHub\WMVxTOPNG\ModelsTree\Creature\QUIRAJPROPHET,8,0,0,0,0,3,0,0,0,0,1,0,0,4,0,0,0,0,0,0,0,0,0,0,0,0
C:\Users\ehsra\Documents\GitHub\WMVxTOPNG\ModelsTree\Creature\Rabbit,8,0,0,0,0,4,0,0,0,0,2,0,0,2,0,0,0,0,0,0,0,0,0,0,0,0
C:\Users\ehsra\Documents\GitHub\WMVxTOPNG\ModelsTree\Creature\Raccoon,9,0,0,6,0,1,0,0,0,0,1,0,0,1,0,0,0,0,0,0,0,0,0,0,0,0
C:\Users\ehsra\Documents\GitHub\WMVxTOPNG\ModelsTree\Creature\RAGNAROS,6,0,0,1,0,2,0,0,0,0,1,0,0,2,0,0,0,0,0,0,0,0,0,0,0,0
C:\Users\ehsra\Documents\GitHub\WMVxTOPNG\ModelsTree\Creature\RAM,44,0,0,0,0,36,0,0,0,0,3,0,0,5,0,0,0,0,0,0,0,0,0,0,0,0
C:\Users\ehsra\Documents\GitHub\WMVxTOPNG\ModelsTree\Creature\Raptor,15,0,0,0,0,9,0,0,0,0,2,0,0,4,0,0,0,0,0,0,0,0,0,0,0,0
C:\Users\ehsra\Documents\GitHub\WMVxTOPNG\ModelsTree\Creature\RaptorOutland,8,0,0,0,0,5,0,0,0,0,1,0,0,2,0,0,0,0,0,0,0,0,0,0,0,0
C:\Users\ehsra\Documents\GitHub\WMVxTOPNG\ModelsTree\Creature\Rat,6,0,0,0,0,3,0,0,0,0,1,0,0,2,0,0,0,0,0,0,0,0,0,0,0,0
C:\Users\ehsra\Documents\GitHub\WMVxTOPNG\ModelsTree\Creature\RAVENGOD,4,0,0,0,0,1,0,0,0,0,1,0,0,2,0,0,0,0,0,0,0,0,0,0,0,0
C:\Users\ehsra\Documents\GitHub\WMVxTOPNG\ModelsTree\Creature\ReinDeer,6,0,0,0,0,2,0,0,0,0,2,0,0,2,0,0,0,0,0,0,0,0,0,0,0,0
C:\Users\ehsra\Documents\GitHub\WMVxTOPNG\ModelsTree\Creature\RevenantAir,11,0,0,2,0,6,0,0,0,0,1,0,0,2,0,0,0,0,0,0,0,0,0,0,0,0
C:\Users\ehsra\Documents\GitHub\WMVxTOPNG\ModelsTree\Creature\RevenantEarth,11,0,0,2,0,6,0,0,0,0,1,0,0,2,0,0,0,0,0,0,0,0,0,0,0,0
C:\Users\ehsra\Documents\GitHub\WMVxTOPNG\ModelsTree\Creature\RevenantFire,10,0,0,2,0,3,0,0,0,0,1,0,0,4,0,0,0,0,0,0,0,0,0,0,0,0
C:\Users\ehsra\Documents\GitHub\WMVxTOPNG\ModelsTree\Creature\RevenantWater,10,0,0,2,0,5,0,0,0,0,1,0,0,2,0,0,0,0,0,0,0,0,0,0,0,0
C:\Users\ehsra\Documents\GitHub\WMVxTOPNG\ModelsTree\Creature\Rexxar,52,0,0,46,0,3,0,0,0,0,1,0,0,2,0,0,0,0,0,0,0,0,0,0,0,0
C:\Users\ehsra\Documents\GitHub\WMVxTOPNG\ModelsTree\Creature\RidingElekk,16,0,0,0,0,10,0,0,0,0,2,0,0,4,0,0,0,0,0,0,0,0,0,0,0,0
C:\Users\ehsra\Documents\GitHub\WMVxTOPNG\ModelsTree\Creature\RIDINGHORSE,37,0,0,0,0,28,0,0,0,0,3,0,0,6,0,0,0,0,0,0,0,0,0,0,0,0
C:\Users\ehsra\Documents\GitHub\WMVxTOPNG\ModelsTree\Creature\RidingNetherRay,14,0,0,0,0,11,0,0,0,0,1,0,0,2,0,0,0,0,0,0,0,0,0,0,0,0
C:\Users\ehsra\Documents\GitHub\WMVxTOPNG\ModelsTree\Creature\RidingPhoenix,9,0,0,0,0,5,0,0,0,0,1,0,0,3,0,0,0,0,0,0,0,0,0,0,0,0
C:\Users\ehsra\Documents\GitHub\WMVxTOPNG\ModelsTree\Creature\RIDINGRAPTOR,45,0,0,0,0,39,0,0,0,0,2,0,0,4,0,0,0,0,0,0,0,0,0,0,0,0
C:\Users\ehsra\Documents\GitHub\WMVxTOPNG\ModelsTree\Creature\RidingSilithid,13,0,0,0,0,10,0,0,0,0,1,0,0,2,0,0,0,0,0,0,0,0,0,0,0,0
C:\Users\ehsra\Documents\GitHub\WMVxTOPNG\ModelsTree\Creature\RIDINGTALBUK,21,0,0,0,0,15,0,0,0,0,2,0,0,4,0,0,0,0,0,0,0,0,0,0,0,0
C:\Users\ehsra\Documents\GitHub\WMVxTOPNG\ModelsTree\Creature\RidingTurtle,6,0,0,0,0,3,0,0,0,0,1,0,0,2,0,0,0,0,0,0,0,0,0,0,0,0
C:\Users\ehsra\Documents\GitHub\WMVxTOPNG\ModelsTree\Creature\RidingUndeadDrake,30,0,0,6,0,14,0,0,0,0,2,0,0,8,0,0,0,0,0,0,0,0,0,0,0,0
C:\Users\ehsra\Documents\GitHub\WMVxTOPNG\ModelsTree\Creature\RidingWyvern,13,0,0,0,0,10,0,0,0,0,1,0,0,2,0,0,0,0,0,0,0,0,0,0,0,0
C:\Users\ehsra\Documents\GitHub\WMVxTOPNG\ModelsTree\Creature\RidingWyvernArmored,16,0,0,0,0,10,0,0,0,0,2,0,0,4,0,0,0,0,0,0,0,0,0,0,0,0
C:\Users\ehsra\Documents\GitHub\WMVxTOPNG\ModelsTree\Creature\RocketChicken,5,0,0,0,0,3,0,0,0,0,1,0,0,1,0,0,0,0,0,0,0,0,0,0,0,0
C:\Users\ehsra\Documents\GitHub\WMVxTOPNG\ModelsTree\Creature\RocketMount,5,0,0,0,0,3,0,0,0,0,1,0,0,1,0,0,0,0,0,0,0,0,0,0,0,0
C:\Users\ehsra\Documents\GitHub\WMVxTOPNG\ModelsTree\Creature\RocketMount2,3,0,0,0,0,1,0,0,0,0,1,0,0,1,0,0,0,0,0,0,0,0,0,0,0,0
C:\Users\ehsra\Documents\GitHub\WMVxTOPNG\ModelsTree\Creature\RockFlayer,29,0,0,0,0,20,0,0,0,0,3,0,0,6,0,0,0,0,0,0,0,0,0,0,0,0
C:\Users\ehsra\Documents\GitHub\WMVxTOPNG\ModelsTree\Creature\Roots,3,0,0,0,0,0,0,0,0,0,1,0,0,2,0,0,0,0,0,0,0,0,0,0,0,0
C:\Users\ehsra\Documents\GitHub\WMVxTOPNG\ModelsTree\Creature\Rowboat_vehicle,6,0,0,0,0,0,0,0,0,0,3,0,0,3,0,0,0,0,0,0,0,0,0,0,0,0
C:\Users\ehsra\Documents\GitHub\WMVxTOPNG\ModelsTree\Creature\saberworg,27,0,0,10,0,11,0,0,0,0,2,0,0,4,0,0,0,0,0,0,0,0,0,0,0,0
C:\Users\ehsra\Documents\GitHub\WMVxTOPNG\ModelsTree\Creature\Salamander,7,0,0,0,0,4,0,0,0,0,1,0,0,2,0,0,0,0,0,0,0,0,0,0,0,0
C:\Users\ehsra\Documents\GitHub\WMVxTOPNG\ModelsTree\Creature\SandReaver,9,0,0,0,0,7,0,0,0,0,1,0,0,1,0,0,0,0,0,0,0,0,0,0,0,0
C:\Users\ehsra\Documents\GitHub\WMVxTOPNG\ModelsTree\Creature\sandvortex,2,0,0,0,0,0,0,0,0,0,1,0,0,1,0,0,0,0,0,0,0,0,0,0,0,0
C:\Users\ehsra\Documents\GitHub\WMVxTOPNG\ModelsTree\Creature\SandWorm,7,0,0,0,0,4,0,0,0,0,1,0,0,2,0,0,0,0,0,0,0,0,0,0,0,0
C:\Users\ehsra\Documents\GitHub\WMVxTOPNG\ModelsTree\Creature\Satyr,21,0,0,0,0,18,0,0,0,0,1,0,0,2,0,0,0,0,0,0,0,0,0,0,0,0
C:\Users\ehsra\Documents\GitHub\WMVxTOPNG\ModelsTree\Creature\Scorpion,12,0,0,0,0,9,0,0,0,0,1,0,0,2,0,0,0,0,0,0,0,0,0,0,0,0
C:\Users\ehsra\Documents\GitHub\WMVxTOPNG\ModelsTree\Creature\ScryingOrb,2,0,0,0,0,0,0,0,0,0,1,0,0,1,0,0,0,0,0,0,0,0,0,0,0,0
C:\Users\ehsra\Documents\GitHub\WMVxTOPNG\ModelsTree\Creature\SeaGiant,11,0,0,0,0,8,0,0,0,0,1,0,0,2,0,0,0,0,0,0,0,0,0,0,0,0
C:\Users\ehsra\Documents\GitHub\WMVxTOPNG\ModelsTree\Creature\SeaLion,5,0,0,1,0,1,0,0,0,0,1,0,0,2,0,0,0,0,0,0,0,0,0,0,0,0
C:\Users\ehsra\Documents\GitHub\WMVxTOPNG\ModelsTree\Creature\SeaTurtle,8,0,0,0,0,5,0,0,0,0,1,0,0,2,0,0,0,0,0,0,0,0,0,0,0,0
C:\Users\ehsra\Documents\GitHub\WMVxTOPNG\ModelsTree\Creature\SeaVrykul,21,0,0,18,0,0,0,0,0,0,1,0,0,2,0,0,0,0,0,0,0,0,0,0,0,0
C:\Users\ehsra\Documents\GitHub\WMVxTOPNG\ModelsTree\Creature\SeaVrykulMale,78,0,0,54,0,12,0,0,0,0,3,0,0,9,0,0,0,0,0,0,0,0,0,0,0,0
C:\Users\ehsra\Documents\GitHub\WMVxTOPNG\ModelsTree\Creature\Serpent,14,0,0,0,0,8,0,0,0,0,2,0,0,4,0,0,0,0,0,0,0,0,0,0,0,0
C:\Users\ehsra\Documents\GitHub\WMVxTOPNG\ModelsTree\Creature\SHADE,8,0,0,0,0,5,0,0,0,0,1,0,0,2,0,0,0,0,0,0,0,0,0,0,0,0
C:\Users\ehsra\Documents\GitHub\WMVxTOPNG\ModelsTree\Creature\SHARK,7,0,0,0,0,3,0,0,0,0,2,0,0,2,0,0,0,0,0,0,0,0,0,0,0,0
C:\Users\ehsra\Documents\GitHub\WMVxTOPNG\ModelsTree\Creature\Sheep,7,0,0,0,0,4,0,0,0,0,1,0,0,2,0,0,0,0,0,0,0,0,0,0,0,0
C:\Users\ehsra\Documents\GitHub\WMVxTOPNG\ModelsTree\Creature\Shivan,15,0,0,4,0,6,0,0,0,0,1,0,0,4,0,0,0,0,0,0,0,0,0,0,0,0
C:\Users\ehsra\Documents\GitHub\WMVxTOPNG\ModelsTree\Creature\ShovelTusk,7,0,0,0,0,4,0,0,0,0,1,0,0,2,0,0,0,0,0,0,0,0,0,0,0,0
C:\Users\ehsra\Documents\GitHub\WMVxTOPNG\ModelsTree\Creature\SiegeVehicle,15,0,0,0,0,7,0,0,0,0,3,0,0,5,0,0,0,0,0,0,0,0,0,0,0,0
C:\Users\ehsra\Documents\GitHub\WMVxTOPNG\ModelsTree\Creature\SILITHID,8,0,0,1,0,4,0,0,0,0,1,0,0,2,0,0,0,0,0,0,0,0,0,0,0,0
C:\Users\ehsra\Documents\GitHub\WMVxTOPNG\ModelsTree\Creature\SILITHIDSCARAB,12,0,0,0,0,9,0,0,0,0,1,0,0,2,0,0,0,0,0,0,0,0,0,0,0,0
C:\Users\ehsra\Documents\GitHub\WMVxTOPNG\ModelsTree\Creature\SilithidTank,7,0,0,0,0,4,0,0,0,0,1,0,0,2,0,0,0,0,0,0,0,0,0,0,0,0
C:\Users\ehsra\Documents\GitHub\WMVxTOPNG\ModelsTree\Creature\SILITHIDTANKBOSS,21,0,0,0,0,15,0,0,0,0,2,0,0,4,0,0,0,0,0,0,0,0,0,0,0,0
C:\Users\ehsra\Documents\GitHub\WMVxTOPNG\ModelsTree\Creature\Silithidwasp,17,0,0,1,0,13,0,0,0,0,1,0,0,2,0,0,0,0,0,0,0,0,0,0,0,0
C:\Users\ehsra\Documents\GitHub\WMVxTOPNG\ModelsTree\Creature\SilithidWaspBoss,8,0,0,0,0,5,0,0,0,0,1,0,0,2,0,0,0,0,0,0,0,0,0,0,0,0
C:\Users\ehsra\Documents\GitHub\WMVxTOPNG\ModelsTree\Creature\SkeletalSerpent,5,0,0,0,0,2,0,0,0,0,1,0,0,2,0,0,0,0,0,0,0,0,0,0,0,0
C:\Users\ehsra\Documents\GitHub\WMVxTOPNG\ModelsTree\Creature\Skeleton,10,0,0,0,0,4,0,0,0,0,2,0,0,4,0,0,0,0,0,0,0,0,0,0,0,0
C:\Users\ehsra\Documents\GitHub\WMVxTOPNG\ModelsTree\Creature\SKELETONMAGE,4,0,0,0,0,1,0,0,0,0,1,0,0,2,0,0,0,0,0,0,0,0,0,0,0,0
C:\Users\ehsra\Documents\GitHub\WMVxTOPNG\ModelsTree\Creature\SkeletonNaked,51,0,0,42,0,6,0,0,0,0,1,0,0,2,0,0,0,0,0,0,0,0,0,0,0,0
C:\Users\ehsra\Documents\GitHub\WMVxTOPNG\ModelsTree\Creature\Skunk,9,0,0,6,0,1,0,0,0,0,1,0,0,1,0,0,0,0,0,0,0,0,0,0,0,0
C:\Users\ehsra\Documents\GitHub\WMVxTOPNG\ModelsTree\Creature\SLIME,16,0,0,0,0,6,0,0,0,0,2,0,0,8,0,0,0,0,0,0,0,0,0,0,0,0
C:\Users\ehsra\Documents\GitHub\WMVxTOPNG\ModelsTree\Creature\SlimeGiant,6,0,0,0,0,1,0,0,0,0,1,0,0,4,0,0,0,0,0,0,0,0,0,0,0,0
C:\Users\ehsra\Documents\GitHub\WMVxTOPNG\ModelsTree\Creature\slith,4,0,0,0,0,1,0,0,0,0,1,0,0,2,0,0,0,0,0,0,0,0,0,0,0,0
C:\Users\ehsra\Documents\GitHub\WMVxTOPNG\ModelsTree\Creature\snake,11,0,0,0,0,9,0,0,0,0,1,0,0,1,0,0,0,0,0,0,0,0,0,0,0,0
C:\Users\ehsra\Documents\GitHub\WMVxTOPNG\ModelsTree\Creature\Snobold,11,0,0,2,0,6,0,0,0,0,1,0,0,2,0,0,0,0,0,0,0,0,0,0,0,0
C:\Users\ehsra\Documents\GitHub\WMVxTOPNG\ModelsTree\Creature\SnowFlakeCreature,6,0,0,0,0,4,0,0,0,0,1,0,0,1,0,0,0,0,0,0,0,0,0,0,0,0
C:\Users\ehsra\Documents\GitHub\WMVxTOPNG\ModelsTree\Creature\Snowman,8,0,0,4,0,1,0,0,0,0,1,0,0,2,0,0,0,0,0,0,0,0,0,0,0,0
C:\Users\ehsra\Documents\GitHub\WMVxTOPNG\ModelsTree\Creature\SPECTRALTIGER,33,0,0,18,0,4,0,0,0,0,4,0,0,7,0,0,0,0,0,0,0,0,0,0,0,0
C:\Users\ehsra\Documents\GitHub\WMVxTOPNG\ModelsTree\Creature\SpectralTigerFeral,12,0,0,6,0,3,0,0,0,0,1,0,0,2,0,0,0,0,0,0,0,0,0,0,0,0
C:\Users\ehsra\Documents\GitHub\WMVxTOPNG\ModelsTree\Creature\SPELLS,108,0,0,0,0,29,0,0,0,0,38,0,0,41,0,0,0,0,0,0,0,0,0,0,0,0
C:\Users\ehsra\Documents\GitHub\WMVxTOPNG\ModelsTree\Creature\SPIRITHEALER,7,0,0,0,0,2,0,0,0,0,1,0,0,4,0,0,0,0,0,0,0,0,0,0,0,0
C:\Users\ehsra\Documents\GitHub\WMVxTOPNG\ModelsTree\Creature\SpiritofRedemption,5,0,0,0,0,0,0,0,0,0,1,0,0,4,0,0,0,0,0,0,0,0,0,0,0,0
C:\Users\ehsra\Documents\GitHub\WMVxTOPNG\ModelsTree\Creature\sporebat,8,0,0,0,0,5,0,0,0,0,1,0,0,2,0,0,0,0,0,0,0,0,0,0,0,0
C:\Users\ehsra\Documents\GitHub\WMVxTOPNG\ModelsTree\Creature\SPORECREATURE,4,0,0,0,0,2,0,0,0,0,1,0,0,1,0,0,0,0,0,0,0,0,0,0,0,0
C:\Users\ehsra\Documents\GitHub\WMVxTOPNG\ModelsTree\Creature\Sporeling,8,0,0,1,0,4,0,0,0,0,1,0,0,2,0,0,0,0,0,0,0,0,0,0,0,0
C:\Users\ehsra\Documents\GitHub\WMVxTOPNG\ModelsTree\Creature\Squirrel,6,0,0,0,0,4,0,0,0,0,1,0,0,1,0,0,0,0,0,0,0,0,0,0,0,0
C:\Users\ehsra\Documents\GitHub\WMVxTOPNG\ModelsTree\Creature\Stag,5,0,0,0,0,3,0,0,0,0,1,0,0,1,0,0,0,0,0,0,0,0,0,0,0,0
C:\Users\ehsra\Documents\GitHub\WMVxTOPNG\ModelsTree\Creature\Star,2,0,0,0,0,0,0,0,0,0,1,0,0,1,0,0,0,0,0,0,0,0,0,0,0,0
C:\Users\ehsra\Documents\GitHub\WMVxTOPNG\ModelsTree\Creature\SteamTonk,4,0,0,0,0,2,0,0,0,0,1,0,0,1,0,0,0,0,0,0,0,0,0,0,0,0
C:\Users\ehsra\Documents\GitHub\WMVxTOPNG\ModelsTree\Creature\StoneKeeper,11,0,0,6,0,2,0,0,0,0,1,0,0,2,0,0,0,0,0,0,0,0,0,0,0,0
C:\Users\ehsra\Documents\GitHub\WMVxTOPNG\ModelsTree\Creature\StoneTreeLog,4,0,0,0,0,0,0,0,0,0,2,0,0,2,0,0,0,0,0,0,0,0,0,0,0,0
C:\Users\ehsra\Documents\GitHub\WMVxTOPNG\ModelsTree\Creature\StormCrow,4,0,0,0,0,1,0,0,0,0,1,0,0,2,0,0,0,0,0,0,0,0,0,0,0,0
C:\Users\ehsra\Documents\GitHub\WMVxTOPNG\ModelsTree\Creature\StormCrowDruid,18,0,0,10,0,2,0,0,0,0,2,0,0,4,0,0,0,0,0,0,0,0,0,0,0,0
C:\Users\ehsra\Documents\GitHub\WMVxTOPNG\ModelsTree\Creature\SUCCUBUS,22,0,0,0,0,18,0,0,0,0,1,0,0,3,0,0,0,0,0,0,0,0,0,0,0,0
C:\Users\ehsra\Documents\GitHub\WMVxTOPNG\ModelsTree\Creature\SuperZombie,10,0,0,0,0,5,0,0,0,0,1,0,0,4,0,0,0,0,0,0,0,0,0,0,0,0
C:\Users\ehsra\Documents\GitHub\WMVxTOPNG\ModelsTree\Creature\talbuk,13,0,0,0,0,10,0,0,0,0,1,0,0,2,0,0,0,0,0,0,0,0,0,0,0,0
C:\Users\ehsra\Documents\GitHub\WMVxTOPNG\ModelsTree\Creature\Tallstrider,9,0,0,0,0,6,0,0,0,0,1,0,0,2,0,0,0,0,0,0,0,0,0,0,0,0
C:\Users\ehsra\Documents\GitHub\WMVxTOPNG\ModelsTree\Creature\Tarantula,8,0,0,0,0,5,0,0,0,0,1,0,0,2,0,0,0,0,0,0,0,0,0,0,0,0
C:\Users\ehsra\Documents\GitHub\WMVxTOPNG\ModelsTree\Creature\Tauren_MountedCanoe,4,0,0,0,0,0,0,0,0,0,1,0,0,3,0,0,0,0,0,0,0,0,0,0,0,0
C:\Users\ehsra\Documents\GitHub\WMVxTOPNG\ModelsTree\Creature\TempDeathGuard,19,0,0,15,0,1,0,0,0,0,1,0,0,2,0,0,0,0,0,0,0,0,0,0,0,0
C:\Users\ehsra\Documents\GitHub\WMVxTOPNG\ModelsTree\Creature\TempScarletCrusaderHeavy,5,0,0,0,0,1,0,0,0,0,1,0,0,3,0,0,0,0,0,0,0,0,0,0,0,0
C:\Users\ehsra\Documents\GitHub\WMVxTOPNG\ModelsTree\Creature\TempScarletCrusaderLight,36,0,0,32,0,1,0,0,0,0,1,0,0,2,0,0,0,0,0,0,0,0,0,0,0,0
C:\Users\ehsra\Documents\GitHub\WMVxTOPNG\ModelsTree\Creature\TempScourgeMaleNPC,19,0,0,15,0,1,0,0,0,0,1,0,0,2,0,0,0,0,0,0,0,0,0,0,0,0
C:\Users\ehsra\Documents\GitHub\WMVxTOPNG\ModelsTree\Creature\TerenasMenethil,52,0,0,47,0,2,0,0,0,0,1,0,0,2,0,0,0,0,0,0,0,0,0,0,0,0
C:\Users\ehsra\Documents\GitHub\WMVxTOPNG\ModelsTree\Creature\TERONGOREFIEND,57,0,0,47,0,7,0,0,0,0,1,0,0,2,0,0,0,0,0,0,0,0,0,0,0,0
C:\Users\ehsra\Documents\GitHub\WMVxTOPNG\ModelsTree\Creature\TERONGOREFIEND_MOUNTED,7,0,0,0,0,2,0,0,0,0,1,0,0,4,0,0,0,0,0,0,0,0,0,0,0,0
C:\Users\ehsra\Documents\GitHub\WMVxTOPNG\ModelsTree\Creature\Tharazun,5,0,0,0,0,2,0,0,0,0,1,0,0,2,0,0,0,0,0,0,0,0,0,0,0,0
C:\Users\ehsra\Documents\GitHub\WMVxTOPNG\ModelsTree\Creature\Thorum,23,0,0,12,0,4,0,0,0,0,1,0,0,6,0,0,0,0,0,0,0,0,0,0,0,0
C:\Users\ehsra\Documents\GitHub\WMVxTOPNG\ModelsTree\Creature\threshadon,7,0,0,0,0,4,0,0,0,0,1,0,0,2,0,0,0,0,0,0,0,0,0,0,0,0
C:\Users\ehsra\Documents\GitHub\WMVxTOPNG\ModelsTree\Creature\Thunderaan,9,0,0,1,0,4,0,0,0,0,1,0,0,3,0,0,0,0,0,0,0,0,0,0,0,0
C:\Users\ehsra\Documents\GitHub\WMVxTOPNG\ModelsTree\Creature\ThunderLizard,9,0,0,0,0,6,0,0,0,0,1,0,0,2,0,0,0,0,0,0,0,0,0,0,0,0
C:\Users\ehsra\Documents\GitHub\WMVxTOPNG\ModelsTree\Creature\Tiger,77,0,0,41,0,21,0,0,0,0,5,0,0,10,0,0,0,0,0,0,0,0,0,0,0,0
C:\Users\ehsra\Documents\GitHub\WMVxTOPNG\ModelsTree\Creature\tigon,12,0,0,0,0,5,0,0,0,0,3,0,0,4,0,0,0,0,0,0,0,0,0,0,0,0
C:\Users\ehsra\Documents\GitHub\WMVxTOPNG\ModelsTree\Creature\TikiMask,2,0,0,0,0,0,0,0,0,0,1,0,0,1,0,0,0,0,0,0,0,0,0,0,0,0
C:\Users\ehsra\Documents\GitHub\WMVxTOPNG\ModelsTree\Creature\Timerift,3,0,0,0,0,1,0,0,0,0,1,0,0,1,0,0,0,0,0,0,0,0,0,0,0,0
C:\Users\ehsra\Documents\GitHub\WMVxTOPNG\ModelsTree\Creature\TitanFemale,16,0,0,0,0,12,0,0,0,0,1,0,0,3,0,0,0,0,0,0,0,0,0,0,0,0
C:\Users\ehsra\Documents\GitHub\WMVxTOPNG\ModelsTree\Creature\TITANMALE,27,0,0,10,0,8,0,0,0,0,2,0,0,7,0,0,0,0,0,0,0,0,0,0,0,0
C:\Users\ehsra\Documents\GitHub\WMVxTOPNG\ModelsTree\Creature\TitanOrb,4,0,0,0,0,0,0,0,0,0,2,0,0,2,0,0,0,0,0,0,0,0,0,0,0,0
C:\Users\ehsra\Documents\GitHub\WMVxTOPNG\ModelsTree\Creature\TREE,4,0,0,0,0,2,0,0,0,0,1,0,0,1,0,0,0,0,0,0,0,0,0,0,0,0
C:\Users\ehsra\Documents\GitHub\WMVxTOPNG\ModelsTree\Creature\TRex,11,0,0,0,0,8,0,0,0,0,1,0,0,2,0,0,0,0,0,0,0,0,0,0,0,0
C:\Users\ehsra\Documents\GitHub\WMVxTOPNG\ModelsTree\Creature\Tripod,9,0,0,1,0,4,0,0,0,0,1,0,0,3,0,0,0,0,0,0,0,0,0,0,0,0
C:\Users\ehsra\Documents\GitHub\WMVxTOPNG\ModelsTree\Creature\Troglodyte,8,0,0,1,0,4,0,0,0,0,1,0,0,2,0,0,0,0,0,0,0,0,0,0,0,0
C:\Users\ehsra\Documents\GitHub\WMVxTOPNG\ModelsTree\Creature\Troll,52,0,0,14,0,17,0,0,0,0,7,0,0,14,0,0,0,0,0,0,0,0,0,0,0,0
C:\Users\ehsra\Documents\GitHub\WMVxTOPNG\ModelsTree\Creature\TrollDire,12,0,0,0,0,9,0,0,0,0,1,0,0,2,0,0,0,0,0,0,0,0,0,0,0,0
C:\Users\ehsra\Documents\GitHub\WMVxTOPNG\ModelsTree\Creature\Turkey,8,0,0,3,0,2,0,0,0,0,1,0,0,2,0,0,0,0,0,0,0,0,0,0,0,0
C:\Users\ehsra\Documents\GitHub\WMVxTOPNG\ModelsTree\Creature\Turtle,6,0,0,0,0,3,0,0,0,0,1,0,0,2,0,0,0,0,0,0,0,0,0,0,0,0
C:\Users\ehsra\Documents\GitHub\WMVxTOPNG\ModelsTree\Creature\tuskarkite,4,0,0,0,0,0,0,0,0,0,1,0,0,3,0,0,0,0,0,0,0,0,0,0,0,0
C:\Users\ehsra\Documents\GitHub\WMVxTOPNG\ModelsTree\Creature\TuskarrMaleFisherman,5,0,0,0,0,2,0,0,0,0,1,0,0,2,0,0,0,0,0,0,0,0,0,0,0,0
C:\Users\ehsra\Documents\GitHub\WMVxTOPNG\ModelsTree\Creature\TwighlightDragon,20,0,0,6,0,9,0,0,0,0,1,0,0,4,0,0,0,0,0,0,0,0,0,0,0,0
C:\Users\ehsra\Documents\GitHub\WMVxTOPNG\ModelsTree\Creature\TwinEmperor,55,0,0,41,0,11,0,0,0,0,1,0,0,2,0,0,0,0,0,0,0,0,0,0,0,0
C:\Users\ehsra\Documents\GitHub\WMVxTOPNG\ModelsTree\Creature\TyraelPet,12,0,0,7,0,2,0,0,0,0,1,0,0,2,0,0,0,0,0,0,0,0,0,0,0,0
C:\Users\ehsra\Documents\GitHub\WMVxTOPNG\ModelsTree\Creature\T_Robot,4,0,0,0,0,2,0,0,0,0,1,0,0,1,0,0,0,0,0,0,0,0,0,0,0,0
C:\Users\ehsra\Documents\GitHub\WMVxTOPNG\ModelsTree\Creature\UndeadBeast,4,0,0,0,0,1,0,0,0,0,1,0,0,2,0,0,0,0,0,0,0,0,0,0,0,0
C:\Users\ehsra\Documents\GitHub\WMVxTOPNG\ModelsTree\Creature\UndeadDrake,32,0,0,13,0,9,0,0,0,0,2,0,0,8,0,0,0,0,0,0,0,0,0,0,0,0
C:\Users\ehsra\Documents\GitHub\WMVxTOPNG\ModelsTree\Creature\UndeadHorse,15,0,0,0,0,9,0,0,0,0,2,0,0,4,0,0,0,0,0,0,0,0,0,0,0,0
C:\Users\ehsra\Documents\GitHub\WMVxTOPNG\ModelsTree\Creature\UndeadIceTroll,56,0,0,48,0,5,0,0,0,0,1,0,0,2,0,0,0,0,0,0,0,0,0,0,0,0
C:\Users\ehsra\Documents\GitHub\WMVxTOPNG\ModelsTree\Creature\UndeadNerubianBeast,7,0,0,0,0,5,0,0,0,0,1,0,0,1,0,0,0,0,0,0,0,0,0,0,0,0
C:\Users\ehsra\Documents\GitHub\WMVxTOPNG\ModelsTree\Creature\Undead_Eagle,9,0,0,5,0,1,0,0,0,0,1,0,0,2,0,0,0,0,0,0,0,0,0,0,0,0
C:\Users\ehsra\Documents\GitHub\WMVxTOPNG\ModelsTree\Creature\Unicorn,8,0,0,0,0,5,0,0,0,0,1,0,0,2,0,0,0,0,0,0,0,0,0,0,0,0
C:\Users\ehsra\Documents\GitHub\WMVxTOPNG\ModelsTree\Creature\Valkier,17,0,0,8,0,4,0,0,0,0,1,0,0,4,0,0,0,0,0,0,0,0,0,0,0,0
C:\Users\ehsra\Documents\GitHub\WMVxTOPNG\ModelsTree\Creature\ValkierDark,17,0,0,8,0,4,0,0,0,0,1,0,0,4,0,0,0,0,0,0,0,0,0,0,0,0
C:\Users\ehsra\Documents\GitHub\WMVxTOPNG\ModelsTree\Creature\VampyrBloodPrince,39,0,0,20,0,15,0,0,0,0,1,0,0,3,0,0,0,0,0,0,0,0,0,0,0,0
C:\Users\ehsra\Documents\GitHub\WMVxTOPNG\ModelsTree\Creature\Vapor,2,0,0,0,0,0,0,0,0,0,1,0,0,1,0,0,0,0,0,0,0,0,0,0,0,0
C:\Users\ehsra\Documents\GitHub\WMVxTOPNG\ModelsTree\Creature\Velen,52,0,0,42,0,5,0,0,0,0,1,0,0,4,0,0,0,0,0,0,0,0,0,0,0,0
C:\Users\ehsra\Documents\GitHub\WMVxTOPNG\ModelsTree\Creature\Voidcaller,11,0,0,0,0,7,0,0,0,0,1,0,0,3,0,0,0,0,0,0,0,0,0,0,0,0
C:\Users\ehsra\Documents\GitHub\WMVxTOPNG\ModelsTree\Creature\VoidGod,6,0,0,0,0,2,0,0,0,0,1,0,0,3,0,0,0,0,0,0,0,0,0,0,0,0
C:\Users\ehsra\Documents\GitHub\WMVxTOPNG\ModelsTree\Creature\Voidlord,13,0,0,0,0,9,0,0,0,0,1,0,0,3,0,0,0,0,0,0,0,0,0,0,0,0
C:\Users\ehsra\Documents\GitHub\WMVxTOPNG\ModelsTree\Creature\voidterror,4,0,0,0,0,1,0,0,0,0,1,0,0,2,0,0,0,0,0,0,0,0,0,0,0,0
C:\Users\ehsra\Documents\GitHub\WMVxTOPNG\ModelsTree\Creature\VOIDWALKER,9,0,0,0,0,5,0,0,0,0,1,0,0,3,0,0,0,0,0,0,0,0,0,0,0,0
C:\Users\ehsra\Documents\GitHub\WMVxTOPNG\ModelsTree\Creature\VoidWalkerOutland,13,0,0,0,0,9,0,0,0,0,1,0,0,3,0,0,0,0,0,0,0,0,0,0,0,0
C:\Users\ehsra\Documents\GitHub\WMVxTOPNG\ModelsTree\Creature\Voidwraith,10,0,0,0,0,6,0,0,0,0,1,0,0,3,0,0,0,0,0,0,0,0,0,0,0,0
C:\Users\ehsra\Documents\GitHub\WMVxTOPNG\ModelsTree\Creature\VrykulBoat,11,0,0,0,0,7,0,0,0,0,2,0,0,2,0,0,0,0,0,0,0,0,0,0,0,0
C:\Users\ehsra\Documents\GitHub\WMVxTOPNG\ModelsTree\Creature\VrykulFemale,155,0,0,74,0,51,0,0,0,0,10,0,0,20,0,0,0,0,0,0,0,0,0,0,0,0
C:\Users\ehsra\Documents\GitHub\WMVxTOPNG\ModelsTree\Creature\WailingWindsCreature,2,0,0,0,0,0,0,0,0,0,1,0,0,1,0,0,0,0,0,0,0,0,0,0,0,0
C:\Users\ehsra\Documents\GitHub\WMVxTOPNG\ModelsTree\Creature\Warhorse,21,0,0,0,0,12,0,0,0,0,3,0,0,6,0,0,0,0,0,0,0,0,0,0,0,0
C:\Users\ehsra\Documents\GitHub\WMVxTOPNG\ModelsTree\Creature\warpstalker,9,0,0,0,0,6,0,0,0,0,1,0,0,2,0,0,0,0,0,0,0,0,0,0,0,0
C:\Users\ehsra\Documents\GitHub\WMVxTOPNG\ModelsTree\Creature\WarpStorm,7,0,0,0,0,1,0,0,0,0,3,0,0,3,0,0,0,0,0,0,0,0,0,0,0,0
C:\Users\ehsra\Documents\GitHub\WMVxTOPNG\ModelsTree\Creature\WaterBubbleCreature,6,0,0,0,0,2,0,0,0,0,2,0,0,2,0,0,0,0,0,0,0,0,0,0,0,0
C:\Users\ehsra\Documents\GitHub\WMVxTOPNG\ModelsTree\Creature\WaterElemental,22,0,0,0,0,12,0,0,0,0,2,0,0,8,0,0,0,0,0,0,0,0,0,0,0,0
C:\Users\ehsra\Documents\GitHub\WMVxTOPNG\ModelsTree\Creature\WellofSouls,17,0,0,1,0,6,0,0,0,0,4,0,0,6,0,0,0,0,0,0,0,0,0,0,0,0
C:\Users\ehsra\Documents\GitHub\WMVxTOPNG\ModelsTree\Creature\Wendigo,8,0,0,0,0,4,0,0,0,0,1,0,0,3,0,0,0,0,0,0,0,0,0,0,0,0
C:\Users\ehsra\Documents\GitHub\WMVxTOPNG\ModelsTree\Creature\Wight,10,0,0,0,0,4,0,0,0,0,2,0,0,4,0,0,0,0,0,0,0,0,0,0,0,0
C:\Users\ehsra\Documents\GitHub\WMVxTOPNG\ModelsTree\Creature\WindSerpent,15,0,0,0,0,12,0,0,0,0,1,0,0,2,0,0,0,0,0,0,0,0,0,0,0,0
C:\Users\ehsra\Documents\GitHub\WMVxTOPNG\ModelsTree\Creature\WindserpentOutland,15,0,0,0,0,12,0,0,0,0,1,0,0,2,0,0,0,0,0,0,0,0,0,0,0,0
C:\Users\ehsra\Documents\GitHub\WMVxTOPNG\ModelsTree\Creature\WingedHorse,11,0,0,3,0,2,0,0,0,0,2,0,0,4,0,0,0,0,0,0,0,0,0,0,0,0
C:\Users\ehsra\Documents\GitHub\WMVxTOPNG\ModelsTree\Creature\WISP,10,0,0,0,0,8,0,0,0,0,1,0,0,1,0,0,0,0,0,0,0,0,0,0,0,0
C:\Users\ehsra\Documents\GitHub\WMVxTOPNG\ModelsTree\Creature\Wolf,35,0,0,18,0,11,0,0,0,0,2,0,0,4,0,0,0,0,0,0,0,0,0,0,0,0
C:\Users\ehsra\Documents\GitHub\WMVxTOPNG\ModelsTree\Creature\Wolpertinger,3,0,0,0,0,1,0,0,0,0,1,0,0,1,0,0,0,0,0,0,0,0,0,0,0,0
C:\Users\ehsra\Documents\GitHub\WMVxTOPNG\ModelsTree\Creature\Wolvar,18,0,0,11,0,4,0,0,0,0,1,0,0,2,0,0,0,0,0,0,0,0,0,0,0,0
C:\Users\ehsra\Documents\GitHub\WMVxTOPNG\ModelsTree\Creature\WoolyRhino,10,0,0,0,0,6,0,0,0,0,2,0,0,2,0,0,0,0,0,0,0,0,0,0,0,0
C:\Users\ehsra\Documents\GitHub\WMVxTOPNG\ModelsTree\Creature\Worgen,24,0,0,17,0,4,0,0,0,0,1,0,0,2,0,0,0,0,0,0,0,0,0,0,0,0
C:\Users\ehsra\Documents\GitHub\WMVxTOPNG\ModelsTree\Creature\Worm,10,0,0,0,0,8,0,0,0,0,1,0,0,1,0,0,0,0,0,0,0,0,0,0,0,0
C:\Users\ehsra\Documents\GitHub\WMVxTOPNG\ModelsTree\Creature\Wrathguard,15,0,0,4,0,8,0,0,0,0,1,0,0,2,0,0,0,0,0,0,0,0,0,0,0,0
C:\Users\ehsra\Documents\GitHub\WMVxTOPNG\ModelsTree\Creature\WYVERN,23,0,0,0,0,14,0,0,0,0,3,0,0,6,0,0,0,0,0,0,0,0,0,0,0,0
C:\Users\ehsra\Documents\GitHub\WMVxTOPNG\ModelsTree\Creature\WyvernPet,4,0,0,0,0,1,0,0,0,0,1,0,0,2,0,0,0,0,0,0,0,0,0,0,0,0
C:\Users\ehsra\Documents\GitHub\WMVxTOPNG\ModelsTree\Creature\Yeti,21,0,0,8,0,10,0,0,0,0,1,0,0,2,0,0,0,0,0,0,0,0,0,0,0,0
C:\Users\ehsra\Documents\GitHub\WMVxTOPNG\ModelsTree\Creature\YoggSaron,24,0,0,0,0,5,0,0,0,0,6,0,0,13,0,0,0,0,0,0,0,0,0,0,0,0
C:\Users\ehsra\Documents\GitHub\WMVxTOPNG\ModelsTree\Creature\ZebraMount,7,0,0,0,0,4,0,0,0,0,1,0,0,2,0,0,0,0,0,0,0,0,0,0,0,0
C:\Users\ehsra\Documents\GitHub\WMVxTOPNG\ModelsTree\Creature\zergling,4,0,0,0,0,1,0,0,0,0,1,0,0,2,0,0,0,0,0,0,0,0,0,0,0,0
C:\Users\ehsra\Documents\GitHub\WMVxTOPNG\ModelsTree\Creature\ZIGGURATCRYSTAL,6,0,0,0,0,4,0,0,0,0,1,0,0,1,0,0,0,0,0,0,0,0,0,0,0,0
C:\Users\ehsra\Documents\GitHub\WMVxTOPNG\ModelsTree\Creature\Zippelin,3,0,0,0,0,1,0,0,0,0,1,0,0,1,0,0,0,0,0,0,0,0,0,0,0,0
C:\Users\ehsra\Documents\GitHub\WMVxTOPNG\ModelsTree\Creature\Zombie,14,0,0,0,0,3,0,0,0,0,3,0,0,8,0,0,0,0,0,0,0,0,0,0,0,0
C:\Users\ehsra\Documents\GitHub\WMVxTOPNG\ModelsTree\Creature\ZombiefiedVrykul,16,0,0,3,0,9,0,0,0,0,1,0,0,3,0,0,0,0,0,0,0,0,0,0,0,0
C:\Users\ehsra\Documents\GitHub\WMVxTOPNG\ModelsTree\Creature\ZombiefiedVrykulCaster,16,0,0,3,0,10,0,0,0,0,1,0,0,2,0,0,0,0,0,0,0,0,0,0,0,0
C:\Users\ehsra\Documents\GitHub\WMVxTOPNG\ModelsTree\Creature\ZuldrakGolem,7,0,0,0,0,4,0,0,0,0,1,0,0,2,0,0,0,0,0,0,0,0,0,0,0,0
C:\Users\ehsra\Documents\GitHub\WMVxTOPNG\ModelsTree\Creature\zuljin,53,0,0,48,0,2,0,0,0,0,1,0,0,2,0,0,0,0,0,0,0,0,0,0,0,0
C:\Users\ehsra\Documents\GitHub\WMVxTOPNG\ModelsTree\dbc,247,0,0,0,0,0,0,0,246,0,0,0,0,0,0,0,1,0,0,0,0,0,0,0,0,0
C:\Users\ehsra\Documents\GitHub\WMVxTOPNG\ModelsTree\DUNGEONS,0,6,0,0,0,0,0,0,0,0,0,0,0,0,0,0,0,0,0,0,0,0,0,0,0,0
C:\Users\ehsra\Documents\GitHub\WMVxTOPNG\ModelsTree\DUNGEONS\BUILDINGS,0,8,0,0,0,0,0,0,0,0,0,0,0,0,0,0,0,0,0,0,0,0,0,0,0,0
C:\Users\ehsra\Documents\GitHub\WMVxTOPNG\ModelsTree\DUNGEONS\BUILDINGS\AZ_COLLIDABLE DOODADS,0,1,0,0,0,0,0,0,0,0,0,0,0,0,0,0,0,0,0,0,0,0,0,0,0,0
C:\Users\ehsra\Documents\GitHub\WMVxTOPNG\ModelsTree\DUNGEONS\BUILDINGS\AZ_COLLIDABLE DOODADS\WETLANDS,0,1,0,0,0,0,0,0,0,0,0,0,0,0,0,0,0,0,0,0,0,0,0,0,0,0
C:\Users\ehsra\Documents\GitHub\WMVxTOPNG\ModelsTree\DUNGEONS\BUILDINGS\AZ_COLLIDABLE DOODADS\WETLANDS\MENETHILDOCKS,2,0,0,0,0,2,0,0,0,0,0,0,0,0,0,0,0,0,0,0,0,0,0,0,0,0
C:\Users\ehsra\Documents\GitHub\WMVxTOPNG\ModelsTree\DUNGEONS\BUILDINGS\KL_COLLIDABLEDOODADS,0,3,0,0,0,0,0,0,0,0,0,0,0,0,0,0,0,0,0,0,0,0,0,0,0,0
C:\Users\ehsra\Documents\GitHub\WMVxTOPNG\ModelsTree\DUNGEONS\BUILDINGS\KL_COLLIDABLEDOODADS\DESOLACE,0,2,0,0,0,0,0,0,0,0,0,0,0,0,0,0,0,0,0,0,0,0,0,0,0,0
C:\Users\ehsra\Documents\GitHub\WMVxTOPNG\ModelsTree\DUNGEONS\BUILDINGS\KL_COLLIDABLEDOODADS\DESOLACE\CENTAURHORN,5,0,0,0,0,5,0,0,0,0,0,0,0,0,0,0,0,0,0,0,0,0,0,0,0,0
C:\Users\ehsra\Documents\GitHub\WMVxTOPNG\ModelsTree\DUNGEONS\BUILDINGS\KL_COLLIDABLEDOODADS\DESOLACE\DESOLACEBRIDGE,2,0,0,0,0,2,0,0,0,0,0,0,0,0,0,0,0,0,0,0,0,0,0,0,0,0
C:\Users\ehsra\Documents\GitHub\WMVxTOPNG\ModelsTree\DUNGEONS\BUILDINGS\KL_COLLIDABLEDOODADS\MULGORE,0,2,0,0,0,0,0,0,0,0,0,0,0,0,0,0,0,0,0,0,0,0,0,0,0,0
C:\Users\ehsra\Documents\GitHub\WMVxTOPNG\ModelsTree\DUNGEONS\BUILDINGS\KL_COLLIDABLEDOODADS\MULGORE\CENTAURTENT,1,0,0,0,0,1,0,0,0,0,0,0,0,0,0,0,0,0,0,0,0,0,0,0,0,0
C:\Users\ehsra\Documents\GitHub\WMVxTOPNG\ModelsTree\DUNGEONS\BUILDINGS\KL_COLLIDABLEDOODADS\MULGORE\TAURENTENT01,0,1,0,0,0,0,0,0,0,0,0,0,0,0,0,0,0,0,0,0,0,0,0,0,0,0
C:\Users\ehsra\Documents\GitHub\WMVxTOPNG\ModelsTree\DUNGEONS\BUILDINGS\KL_COLLIDABLEDOODADS\MULGORE\TAURENTENT01\TEX,2,0,0,0,0,2,0,0,0,0,0,0,0,0,0,0,0,0,0,0,0,0,0,0,0,0
C:\Users\ehsra\Documents\GitHub\WMVxTOPNG\ModelsTree\DUNGEONS\BUILDINGS\KL_COLLIDABLEDOODADS\TANARIS,0,2,0,0,0,0,0,0,0,0,0,0,0,0,0,0,0,0,0,0,0,0,0,0,0,0
C:\Users\ehsra\Documents\GitHub\WMVxTOPNG\ModelsTree\DUNGEONS\BUILDINGS\KL_COLLIDABLEDOODADS\TANARIS\CAVERNSTIME,0,1,0,0,0,0,0,0,0,0,0,0,0,0,0,0,0,0,0,0,0,0,0,0,0,0
C:\Users\ehsra\Documents\GitHub\WMVxTOPNG\ModelsTree\DUNGEONS\BUILDINGS\KL_COLLIDABLEDOODADS\TANARIS\CAVERNSTIME\TEXTURE,21,0,0,0,0,21,0,0,0,0,0,0,0,0,0,0,0,0,0,0,0,0,0,0,0,0
C:\Users\ehsra\Documents\GitHub\WMVxTOPNG\ModelsTree\DUNGEONS\BUILDINGS\KL_COLLIDABLEDOODADS\TANARIS\TROLLTENT,3,0,0,0,0,3,0,0,0,0,0,0,0,0,0,0,0,0,0,0,0,0,0,0,0,0
C:\Users\ehsra\Documents\GitHub\WMVxTOPNG\ModelsTree\DUNGEONS\BUILDINGS\KZ_COLLIDABLE DOODADS,0,1,0,0,0,0,0,0,0,0,0,0,0,0,0,0,0,0,0,0,0,0,0,0,0,0
C:\Users\ehsra\Documents\GitHub\WMVxTOPNG\ModelsTree\DUNGEONS\BUILDINGS\KZ_COLLIDABLE DOODADS\LOCHMODAN,0,1,0,0,0,0,0,0,0,0,0,0,0,0,0,0,0,0,0,0,0,0,0,0,0,0
C:\Users\ehsra\Documents\GitHub\WMVxTOPNG\ModelsTree\DUNGEONS\BUILDINGS\KZ_COLLIDABLE DOODADS\LOCHMODAN\DWARVENDOCK,0,1,0,0,0,0,0,0,0,0,0,0,0,0,0,0,0,0,0,0,0,0,0,0,0,0
C:\Users\ehsra\Documents\GitHub\WMVxTOPNG\ModelsTree\DUNGEONS\BUILDINGS\KZ_COLLIDABLE DOODADS\LOCHMODAN\DWARVENDOCK\TEX,2,0,0,0,0,2,0,0,0,0,0,0,0,0,0,0,0,0,0,0,0,0,0,0,0,0
C:\Users\ehsra\Documents\GitHub\WMVxTOPNG\ModelsTree\DUNGEONS\BUILDINGS\LD_COLLIDABLEDOODADS,0,2,0,0,0,0,0,0,0,0,0,0,0,0,0,0,0,0,0,0,0,0,0,0,0,0
C:\Users\ehsra\Documents\GitHub\WMVxTOPNG\ModelsTree\DUNGEONS\BUILDINGS\LD_COLLIDABLEDOODADS\GHOSTLANDSFOUNTIAN,0,1,0,0,0,0,0,0,0,0,0,0,0,0,0,0,0,0,0,0,0,0,0,0,0,0
C:\Users\ehsra\Documents\GitHub\WMVxTOPNG\ModelsTree\DUNGEONS\BUILDINGS\LD_COLLIDABLEDOODADS\GHOSTLANDSFOUNTIAN\TEX,3,0,0,0,0,3,0,0,0,0,0,0,0,0,0,0,0,0,0,0,0,0,0,0,0,0
C:\Users\ehsra\Documents\GitHub\WMVxTOPNG\ModelsTree\DUNGEONS\BUILDINGS\LD_COLLIDABLEDOODADS\SILVERMOONFOUNTAIN,0,1,0,0,0,0,0,0,0,0,0,0,0,0,0,0,0,0,0,0,0,0,0,0,0,0
C:\Users\ehsra\Documents\GitHub\WMVxTOPNG\ModelsTree\DUNGEONS\BUILDINGS\LD_COLLIDABLEDOODADS\SILVERMOONFOUNTAIN\TEX,1,0,0,0,0,1,0,0,0,0,0,0,0,0,0,0,0,0,0,0,0,0,0,0,0,0
C:\Users\ehsra\Documents\GitHub\WMVxTOPNG\ModelsTree\DUNGEONS\BUILDINGS\OL_ANCIENTDRAENEIBUILDINGS,19,0,0,0,0,19,0,0,0,0,0,0,0,0,0,0,0,0,0,0,0,0,0,0,0,0
C:\Users\ehsra\Documents\GitHub\WMVxTOPNG\ModelsTree\DUNGEONS\BUILDINGS\OL_COLLIDABLEDOODADS,0,1,0,0,0,0,0,0,0,0,0,0,0,0,0,0,0,0,0,0,0,0,0,0,0,0
C:\Users\ehsra\Documents\GitHub\WMVxTOPNG\ModelsTree\DUNGEONS\BUILDINGS\OL_COLLIDABLEDOODADS\DRAENEISTAIRS,1,0,0,0,0,1,0,0,0,0,0,0,0,0,0,0,0,0,0,0,0,0,0,0,0,0
C:\Users\ehsra\Documents\GitHub\WMVxTOPNG\ModelsTree\DUNGEONS\BUILDINGS\OL_NIGHTELF_INN_RUINED,0,1,0,0,0,0,0,0,0,0,0,0,0,0,0,0,0,0,0,0,0,0,0,0,0,0
C:\Users\ehsra\Documents\GitHub\WMVxTOPNG\ModelsTree\DUNGEONS\BUILDINGS\OL_NIGHTELF_INN_RUINED\TEX,10,0,0,0,0,10,0,0,0,0,0,0,0,0,0,0,0,0,0,0,0,0,0,0,0,0
C:\Users\ehsra\Documents\GitHub\WMVxTOPNG\ModelsTree\DUNGEONS\BUILDINGS\OL_ZANGAR_HORDEBASE,0,1,0,0,0,0,0,0,0,0,0,0,0,0,0,0,0,0,0,0,0,0,0,0,0,0
C:\Users\ehsra\Documents\GitHub\WMVxTOPNG\ModelsTree\DUNGEONS\BUILDINGS\OL_ZANGAR_HORDEBASE\TEX,6,0,0,0,0,6,0,0,0,0,0,0,0,0,0,0,0,0,0,0,0,0,0,0,0,0
C:\Users\ehsra\Documents\GitHub\WMVxTOPNG\ModelsTree\DUNGEONS\DUNGEONS,0,4,0,0,0,0,0,0,0,0,0,0,0,0,0,0,0,0,0,0,0,0,0,0,0,0
C:\Users\ehsra\Documents\GitHub\WMVxTOPNG\ModelsTree\DUNGEONS\DUNGEONS\LD_SHADOW FANG,0,1,0,0,0,0,0,0,0,0,0,0,0,0,0,0,0,0,0,0,0,0,0,0,0,0
C:\Users\ehsra\Documents\GitHub\WMVxTOPNG\ModelsTree\DUNGEONS\DUNGEONS\LD_SHADOW FANG\FINAL,1,0,0,0,0,1,0,0,0,0,0,0,0,0,0,0,0,0,0,0,0,0,0,0,0,0
C:\Users\ehsra\Documents\GitHub\WMVxTOPNG\ModelsTree\DUNGEONS\DUNGEONS\OL_COILFANG,0,1,0,0,0,0,0,0,0,0,0,0,0,0,0,0,0,0,0,0,0,0,0,0,0,0
C:\Users\ehsra\Documents\GitHub\WMVxTOPNG\ModelsTree\DUNGEONS\DUNGEONS\OL_COILFANG\TEXTURE,0,5,0,0,0,0,0,0,0,0,0,0,0,0,0,0,0,0,0,0,0,0,0,0,0,0
C:\Users\ehsra\Documents\GitHub\WMVxTOPNG\ModelsTree\DUNGEONS\DUNGEONS\OL_COILFANG\TEXTURE\DRANEI WING,14,0,0,0,0,14,0,0,0,0,0,0,0,0,0,0,0,0,0,0,0,0,0,0,0,0
C:\Users\ehsra\Documents\GitHub\WMVxTOPNG\ModelsTree\DUNGEONS\DUNGEONS\OL_COILFANG\TEXTURE\ENVIRONMENT_MAPS,3,0,0,0,0,3,0,0,0,0,0,0,0,0,0,0,0,0,0,0,0,0,0,0,0,0
C:\Users\ehsra\Documents\GitHub\WMVxTOPNG\ModelsTree\DUNGEONS\DUNGEONS\OL_COILFANG\TEXTURE\MARSH WING,13,0,0,0,0,13,0,0,0,0,0,0,0,0,0,0,0,0,0,0,0,0,0,0,0,0
C:\Users\ehsra\Documents\GitHub\WMVxTOPNG\ModelsTree\DUNGEONS\DUNGEONS\OL_COILFANG\TEXTURE\PUMP WING,11,0,0,0,0,11,0,0,0,0,0,0,0,0,0,0,0,0,0,0,0,0,0,0,0,0
C:\Users\ehsra\Documents\GitHub\WMVxTOPNG\ModelsTree\DUNGEONS\DUNGEONS\OL_COILFANG\TEXTURE\RAID WING,22,0,0,0,0,22,0,0,0,0,0,0,0,0,0,0,0,0,0,0,0,0,0,0,0,0
C:\Users\ehsra\Documents\GitHub\WMVxTOPNG\ModelsTree\DUNGEONS\DUNGEONS\OL_HELLFIRECITADEL,0,1,0,0,0,0,0,0,0,0,0,0,0,0,0,0,0,0,0,0,0,0,0,0,0,0
C:\Users\ehsra\Documents\GitHub\WMVxTOPNG\ModelsTree\DUNGEONS\DUNGEONS\OL_HELLFIRECITADEL\TGAS,1,0,0,0,0,1,0,0,0,0,0,0,0,0,0,0,0,0,0,0,0,0,0,0,0,0
C:\Users\ehsra\Documents\GitHub\WMVxTOPNG\ModelsTree\DUNGEONS\DUNGEONS\OL_LADYVASHJ,0,1,0,0,0,0,0,0,0,0,0,0,0,0,0,0,0,0,0,0,0,0,0,0,0,0
C:\Users\ehsra\Documents\GitHub\WMVxTOPNG\ModelsTree\DUNGEONS\DUNGEONS\OL_LADYVASHJ\TEXTURE,0,1,0,0,0,0,0,0,0,0,0,0,0,0,0,0,0,0,0,0,0,0,0,0,0,0
C:\Users\ehsra\Documents\GitHub\WMVxTOPNG\ModelsTree\DUNGEONS\DUNGEONS\OL_LADYVASHJ\TEXTURE\RAID WING,1,0,0,0,0,1,0,0,0,0,0,0,0,0,0,0,0,0,0,0,0,0,0,0,0,0
C:\Users\ehsra\Documents\GitHub\WMVxTOPNG\ModelsTree\DUNGEONS\MICRO_DUNGEONS,0,3,0,0,0,0,0,0,0,0,0,0,0,0,0,0,0,0,0,0,0,0,0,0,0,0
C:\Users\ehsra\Documents\GitHub\WMVxTOPNG\ModelsTree\DUNGEONS\MICRO_DUNGEONS\MOUNTAINCAVE,0,1,0,0,0,0,0,0,0,0,0,0,0,0,0,0,0,0,0,0,0,0,0,0,0,0
C:\Users\ehsra\Documents\GitHub\WMVxTOPNG\ModelsTree\DUNGEONS\MICRO_DUNGEONS\MOUNTAINCAVE\TEX,2,0,0,0,0,2,0,0,0,0,0,0,0,0,0,0,0,0,0,0,0,0,0,0,0,0
C:\Users\ehsra\Documents\GitHub\WMVxTOPNG\ModelsTree\DUNGEONS\MICRO_DUNGEONS\NAGRAND_DIAMOND_MT,0,1,0,0,0,0,0,0,0,0,0,0,0,0,0,0,0,0,0,0,0,0,0,0,0,0
C:\Users\ehsra\Documents\GitHub\WMVxTOPNG\ModelsTree\DUNGEONS\MICRO_DUNGEONS\NAGRAND_DIAMOND_MT\FINAL,7,0,0,0,0,7,0,0,0,0,0,0,0,0,0,0,0,0,0,0,0,0,0,0,0,0
C:\Users\ehsra\Documents\GitHub\WMVxTOPNG\ModelsTree\DUNGEONS\MICRO_DUNGEONS\ND_SHOLAZAR_ORACLETREE,0,1,0,0,0,0,0,0,0,0,0,0,0,0,0,0,0,0,0,0,0,0,0,0,0,0
C:\Users\ehsra\Documents\GitHub\WMVxTOPNG\ModelsTree\DUNGEONS\MICRO_DUNGEONS\ND_SHOLAZAR_ORACLETREE\TEXTURES,2,0,0,0,0,2,0,0,0,0,0,0,0,0,0,0,0,0,0,0,0,0,0,0,0,0
C:\Users\ehsra\Documents\GitHub\WMVxTOPNG\ModelsTree\DUNGEONS\PSDTEXTURES,0,1,0,0,0,0,0,0,0,0,0,0,0,0,0,0,0,0,0,0,0,0,0,0,0,0
C:\Users\ehsra\Documents\GitHub\WMVxTOPNG\ModelsTree\DUNGEONS\PSDTEXTURES\TUSKARR,0,1,0,0,0,0,0,0,0,0,0,0,0,0,0,0,0,0,0,0,0,0,0,0,0,0
C:\Users\ehsra\Documents\GitHub\WMVxTOPNG\ModelsTree\DUNGEONS\PSDTEXTURES\TUSKARR\TESTS,23,0,0,0,0,23,0,0,0,0,0,0,0,0,0,0,0,0,0,0,0,0,0,0,0,0
C:\Users\ehsra\Documents\GitHub\WMVxTOPNG\ModelsTree\DUNGEONS\TEXTURES,0,72,0,0,0,0,0,0,0,0,0,0,0,0,0,0,0,0,0,0,0,0,0,0,0,0
C:\Users\ehsra\Documents\GitHub\WMVxTOPNG\ModelsTree\DUNGEONS\TEXTURES\ALLIANCEGUNSHIP,23,0,0,0,0,23,0,0,0,0,0,0,0,0,0,0,0,0,0,0,0,0,0,0,0,0
C:\Users\ehsra\Documents\GitHub\WMVxTOPNG\ModelsTree\DUNGEONS\TEXTURES\ANCIENTORC,18,1,0,0,0,18,0,0,0,0,0,0,0,0,0,0,0,0,0,0,0,0,0,0,0,0
C:\Users\ehsra\Documents\GitHub\WMVxTOPNG\ModelsTree\DUNGEONS\TEXTURES\ANCIENTORC\RUINED,7,0,0,0,0,7,0,0,0,0,0,0,0,0,0,0,0,0,0,0,0,0,0,0,0,0
C:\Users\ehsra\Documents\GitHub\WMVxTOPNG\ModelsTree\DUNGEONS\TEXTURES\ARGENT CRUSADE,13,0,0,0,0,13,0,0,0,0,0,0,0,0,0,0,0,0,0,0,0,0,0,0,0,0
C:\Users\ehsra\Documents\GitHub\WMVxTOPNG\ModelsTree\DUNGEONS\TEXTURES\AROKKOA,21,0,0,0,0,21,0,0,0,0,0,0,0,0,0,0,0,0,0,0,0,0,0,0,0,0
C:\Users\ehsra\Documents\GitHub\WMVxTOPNG\ModelsTree\DUNGEONS\TEXTURES\AUCHINDOUN,36,0,0,0,0,36,0,0,0,0,0,0,0,0,0,0,0,0,0,0,0,0,0,0,0,0
C:\Users\ehsra\Documents\GitHub\WMVxTOPNG\ModelsTree\DUNGEONS\TEXTURES\AZJOL,43,0,0,0,0,43,0,0,0,0,0,0,0,0,0,0,0,0,0,0,0,0,0,0,0,0
C:\Users\ehsra\Documents\GitHub\WMVxTOPNG\ModelsTree\DUNGEONS\TEXTURES\BEARGOD_MICRO,3,0,0,0,0,3,0,0,0,0,0,0,0,0,0,0,0,0,0,0,0,0,0,0,0,0
C:\Users\ehsra\Documents\GitHub\WMVxTOPNG\ModelsTree\DUNGEONS\TEXTURES\BLACK TEMPLE,5,1,0,0,0,5,0,0,0,0,0,0,0,0,0,0,0,0,0,0,0,0,0,0,0,0
C:\Users\ehsra\Documents\GitHub\WMVxTOPNG\ModelsTree\DUNGEONS\TEXTURES\BLACK TEMPLE\NEW,42,1,0,0,0,42,0,0,0,0,0,0,0,0,0,0,0,0,0,0,0,0,0,0,0,0
C:\Users\ehsra\Documents\GitHub\WMVxTOPNG\ModelsTree\DUNGEONS\TEXTURES\BLACK TEMPLE\NEW\ADDITIONAL SET,30,0,0,0,0,30,0,0,0,0,0,0,0,0,0,0,0,0,0,0,0,0,0,0,0,0
C:\Users\ehsra\Documents\GitHub\WMVxTOPNG\ModelsTree\DUNGEONS\TEXTURES\BLACKFATHOM,22,0,0,0,0,22,0,0,0,0,0,0,0,0,0,0,0,0,0,0,0,0,0,0,0,0
C:\Users\ehsra\Documents\GitHub\WMVxTOPNG\ModelsTree\DUNGEONS\TEXTURES\BLACKROCK_SPIRE,1,0,0,0,0,1,0,0,0,0,0,0,0,0,0,0,0,0,0,0,0,0,0,0,0,0
C:\Users\ehsra\Documents\GitHub\WMVxTOPNG\ModelsTree\DUNGEONS\TEXTURES\BRIAN,4,12,0,0,0,4,0,0,0,0,0,0,0,0,0,0,0,0,0,0,0,0,0,0,0,0
C:\Users\ehsra\Documents\GitHub\WMVxTOPNG\ModelsTree\DUNGEONS\TEXTURES\BRIAN\ABBEY,9,0,0,0,0,9,0,0,0,0,0,0,0,0,0,0,0,0,0,0,0,0,0,0,0,0
C:\Users\ehsra\Documents\GitHub\WMVxTOPNG\ModelsTree\DUNGEONS\TEXTURES\BRIAN\BRIDGES,2,0,0,0,0,2,0,0,0,0,0,0,0,0,0,0,0,0,0,0,0,0,0,0,0,0
C:\Users\ehsra\Documents\GitHub\WMVxTOPNG\ModelsTree\DUNGEONS\TEXTURES\BRIAN\CLASSICALELFRUINS,22,0,0,0,0,22,0,0,0,0,0,0,0,0,0,0,0,0,0,0,0,0,0,0,0,0
C:\Users\ehsra\Documents\GitHub\WMVxTOPNG\ModelsTree\DUNGEONS\TEXTURES\BRIAN\DurotarGate,6,0,0,0,0,6,0,0,0,0,0,0,0,0,0,0,0,0,0,0,0,0,0,0,0,0
C:\Users\ehsra\Documents\GitHub\WMVxTOPNG\ModelsTree\DUNGEONS\TEXTURES\BRIAN\EXCAVATION,7,0,0,0,0,7,0,0,0,0,0,0,0,0,0,0,0,0,0,0,0,0,0,0,0,0
C:\Users\ehsra\Documents\GitHub\WMVxTOPNG\ModelsTree\DUNGEONS\TEXTURES\BRIAN\GreenHouse,1,0,0,0,0,1,0,0,0,0,0,0,0,0,0,0,0,0,0,0,0,0,0,0,0,0
C:\Users\ehsra\Documents\GitHub\WMVxTOPNG\ModelsTree\DUNGEONS\TEXTURES\BRIAN\RUINEDTOWER,11,0,0,0,0,11,0,0,0,0,0,0,0,0,0,0,0,0,0,0,0,0,0,0,0,0
C:\Users\ehsra\Documents\GitHub\WMVxTOPNG\ModelsTree\DUNGEONS\TEXTURES\BRIAN\STRANGLEARENA,12,0,0,0,0,12,0,0,0,0,0,0,0,0,0,0,0,0,0,0,0,0,0,0,0,0
C:\Users\ehsra\Documents\GitHub\WMVxTOPNG\ModelsTree\DUNGEONS\TEXTURES\BRIAN\STRANGLEBRIDGE,1,0,0,0,0,1,0,0,0,0,0,0,0,0,0,0,0,0,0,0,0,0,0,0,0,0
C:\Users\ehsra\Documents\GitHub\WMVxTOPNG\ModelsTree\DUNGEONS\TEXTURES\BRIAN\TENTS,3,0,0,0,0,3,0,0,0,0,0,0,0,0,0,0,0,0,0,0,0,0,0,0,0,0
C:\Users\ehsra\Documents\GitHub\WMVxTOPNG\ModelsTree\DUNGEONS\TEXTURES\BRIAN\VALLEYGATE,5,0,0,0,0,5,0,0,0,0,0,0,0,0,0,0,0,0,0,0,0,0,0,0,0,0
C:\Users\ehsra\Documents\GitHub\WMVxTOPNG\ModelsTree\DUNGEONS\TEXTURES\BRIAN\ZIPPELIN,3,0,0,0,0,3,0,0,0,0,0,0,0,0,0,0,0,0,0,0,0,0,0,0,0,0
C:\Users\ehsra\Documents\GitHub\WMVxTOPNG\ModelsTree\DUNGEONS\TEXTURES\BRICK,31,0,0,0,0,31,0,0,0,0,0,0,0,0,0,0,0,0,0,0,0,0,0,0,0,0
C:\Users\ehsra\Documents\GitHub\WMVxTOPNG\ModelsTree\DUNGEONS\TEXTURES\CARLO,12,0,0,0,0,12,0,0,0,0,0,0,0,0,0,0,0,0,0,0,0,0,0,0,0,0
C:\Users\ehsra\Documents\GitHub\WMVxTOPNG\ModelsTree\DUNGEONS\TEXTURES\CEILING,90,0,0,0,0,90,0,0,0,0,0,0,0,0,0,0,0,0,0,0,0,0,0,0,0,0
C:\Users\ehsra\Documents\GitHub\WMVxTOPNG\ModelsTree\DUNGEONS\TEXTURES\COMBOS,8,0,0,0,0,8,0,0,0,0,0,0,0,0,0,0,0,0,0,0,0,0,0,0,0,0
C:\Users\ehsra\Documents\GitHub\WMVxTOPNG\ModelsTree\DUNGEONS\TEXTURES\COMMON,5,0,0,0,0,5,0,0,0,0,0,0,0,0,0,0,0,0,0,0,0,0,0,0,0,0
C:\Users\ehsra\Documents\GitHub\WMVxTOPNG\ModelsTree\DUNGEONS\TEXTURES\DALARAN,113,2,0,0,0,113,0,0,0,0,0,0,0,0,0,0,0,0,0,0,0,0,0,0,0,0
C:\Users\ehsra\Documents\GitHub\WMVxTOPNG\ModelsTree\DUNGEONS\TEXTURES\DALARAN\SEWERS,12,0,0,0,0,12,0,0,0,0,0,0,0,0,0,0,0,0,0,0,0,0,0,0,0,0
C:\Users\ehsra\Documents\GitHub\WMVxTOPNG\ModelsTree\DUNGEONS\TEXTURES\DALARAN\TRADSKILL,6,0,0,0,0,6,0,0,0,0,0,0,0,0,0,0,0,0,0,0,0,0,0,0,0,0
C:\Users\ehsra\Documents\GitHub\WMVxTOPNG\ModelsTree\DUNGEONS\TEXTURES\DARKPORTAL,16,1,0,0,0,16,0,0,0,0,0,0,0,0,0,0,0,0,0,0,0,0,0,0,0,0
C:\Users\ehsra\Documents\GitHub\WMVxTOPNG\ModelsTree\DUNGEONS\TEXTURES\DARKPORTAL\HUE_SHIFTED,16,0,0,0,0,16,0,0,0,0,0,0,0,0,0,0,0,0,0,0,0,0,0,0,0,0
C:\Users\ehsra\Documents\GitHub\WMVxTOPNG\ModelsTree\DUNGEONS\TEXTURES\DEADMINE,62,0,0,0,0,62,0,0,0,0,0,0,0,0,0,0,0,0,0,0,0,0,0,0,0,0
C:\Users\ehsra\Documents\GitHub\WMVxTOPNG\ModelsTree\DUNGEONS\TEXTURES\DECORATION,116,0,0,0,0,116,0,0,0,0,0,0,0,0,0,0,0,0,0,0,0,0,0,0,0,0
C:\Users\ehsra\Documents\GitHub\WMVxTOPNG\ModelsTree\DUNGEONS\TEXTURES\DEVICES,54,0,0,0,0,54,0,0,0,0,0,0,0,0,0,0,0,0,0,0,0,0,0,0,0,0
C:\Users\ehsra\Documents\GitHub\WMVxTOPNG\ModelsTree\DUNGEONS\TEXTURES\DOODADS,10,5,0,0,0,10,0,0,0,0,0,0,0,0,0,0,0,0,0,0,0,0,0,0,0,0
C:\Users\ehsra\Documents\GitHub\WMVxTOPNG\ModelsTree\DUNGEONS\TEXTURES\DOODADS\ELFGATE,2,0,0,0,0,2,0,0,0,0,0,0,0,0,0,0,0,0,0,0,0,0,0,0,0,0
C:\Users\ehsra\Documents\GitHub\WMVxTOPNG\ModelsTree\DUNGEONS\TEXTURES\DOODADS\STRANGLETHORN,1,0,0,0,0,1,0,0,0,0,0,0,0,0,0,0,0,0,0,0,0,0,0,0,0,0
C:\Users\ehsra\Documents\GitHub\WMVxTOPNG\ModelsTree\DUNGEONS\TEXTURES\DOODADS\TENT,1,0,0,0,0,1,0,0,0,0,0,0,0,0,0,0,0,0,0,0,0,0,0,0,0,0
C:\Users\ehsra\Documents\GitHub\WMVxTOPNG\ModelsTree\DUNGEONS\TEXTURES\DOODADS\THUNDERBLUFFROPEBRIDGE,1,0,0,0,0,1,0,0,0,0,0,0,0,0,0,0,0,0,0,0,0,0,0,0,0,0
C:\Users\ehsra\Documents\GitHub\WMVxTOPNG\ModelsTree\DUNGEONS\TEXTURES\DOODADS\WESTWOOD,3,0,0,0,0,3,0,0,0,0,0,0,0,0,0,0,0,0,0,0,0,0,0,0,0,0
C:\Users\ehsra\Documents\GitHub\WMVxTOPNG\ModelsTree\DUNGEONS\TEXTURES\DOOR,13,0,0,0,0,13,0,0,0,0,0,0,0,0,0,0,0,0,0,0,0,0,0,0,0,0
C:\Users\ehsra\Documents\GitHub\WMVxTOPNG\ModelsTree\DUNGEONS\TEXTURES\DRAENEI,63,2,0,0,0,63,0,0,0,0,0,0,0,0,0,0,0,0,0,0,0,0,0,0,0,0
C:\Users\ehsra\Documents\GitHub\WMVxTOPNG\ModelsTree\DUNGEONS\TEXTURES\DRAENEI\NETHERCOLLECTOR,6,0,0,0,0,6,0,0,0,0,0,0,0,0,0,0,0,0,0,0,0,0,0,0,0,0
C:\Users\ehsra\Documents\GitHub\WMVxTOPNG\ModelsTree\DUNGEONS\TEXTURES\DRAENEI\SHATRATH,49,0,0,0,0,49,0,0,0,0,0,0,0,0,0,0,0,0,0,0,0,0,0,0,0,0
C:\Users\ehsra\Documents\GitHub\WMVxTOPNG\ModelsTree\DUNGEONS\TEXTURES\DRAKTHARON,52,2,0,0,0,52,0,0,0,0,0,0,0,0,0,0,0,0,0,0,0,0,0,0,0,0
C:\Users\ehsra\Documents\GitHub\WMVxTOPNG\ModelsTree\DUNGEONS\TEXTURES\DRAKTHARON\EXTERIOR,2,0,0,0,0,2,0,0,0,0,0,0,0,0,0,0,0,0,0,0,0,0,0,0,0,0
C:\Users\ehsra\Documents\GitHub\WMVxTOPNG\ModelsTree\DUNGEONS\TEXTURES\DRAKTHARON\SNOW,12,0,0,0,0,12,0,0,0,0,0,0,0,0,0,0,0,0,0,0,0,0,0,0,0,0
C:\Users\ehsra\Documents\GitHub\WMVxTOPNG\ModelsTree\DUNGEONS\TEXTURES\FLOOR,299,0,0,0,0,299,0,0,0,0,0,0,0,0,0,0,0,0,0,0,0,0,0,0,0,0
C:\Users\ehsra\Documents\GitHub\WMVxTOPNG\ModelsTree\DUNGEONS\TEXTURES\FORSAKEN,32,0,0,0,0,32,0,0,0,0,0,0,0,0,0,0,0,0,0,0,0,0,0,0,0,0
C:\Users\ehsra\Documents\GitHub\WMVxTOPNG\ModelsTree\DUNGEONS\TEXTURES\GRIZZLY,8,0,0,0,0,8,0,0,0,0,0,0,0,0,0,0,0,0,0,0,0,0,0,0,0,0
C:\Users\ehsra\Documents\GitHub\WMVxTOPNG\ModelsTree\DUNGEONS\TEXTURES\HELLFIRE,31,0,0,0,0,31,0,0,0,0,0,0,0,0,0,0,0,0,0,0,0,0,0,0,0,0
C:\Users\ehsra\Documents\GitHub\WMVxTOPNG\ModelsTree\DUNGEONS\TEXTURES\ICECROWN,7,1,0,0,0,7,0,0,0,0,0,0,0,0,0,0,0,0,0,0,0,0,0,0,0,0
C:\Users\ehsra\Documents\GitHub\WMVxTOPNG\ModelsTree\DUNGEONS\TEXTURES\ICECROWN\GATE,53,0,0,0,0,53,0,0,0,0,0,0,0,0,0,0,0,0,0,0,0,0,0,0,0,0
C:\Users\ehsra\Documents\GitHub\WMVxTOPNG\ModelsTree\DUNGEONS\TEXTURES\IRONDWARF,27,1,0,0,0,27,0,0,0,0,0,0,0,0,0,0,0,0,0,0,0,0,0,0,0,0
C:\Users\ehsra\Documents\GitHub\WMVxTOPNG\ModelsTree\DUNGEONS\TEXTURES\IRONDWARF\SNOW VARIANT,7,0,0,0,0,7,0,0,0,0,0,0,0,0,0,0,0,0,0,0,0,0,0,0,0,0
C:\Users\ehsra\Documents\GitHub\WMVxTOPNG\ModelsTree\DUNGEONS\TEXTURES\LAVA,4,0,0,0,0,4,0,0,0,0,0,0,0,0,0,0,0,0,0,0,0,0,0,0,0,0
C:\Users\ehsra\Documents\GitHub\WMVxTOPNG\ModelsTree\DUNGEONS\TEXTURES\MAGNATAR,5,0,0,0,0,5,0,0,0,0,0,0,0,0,0,0,0,0,0,0,0,0,0,0,0,0
C:\Users\ehsra\Documents\GitHub\WMVxTOPNG\ModelsTree\DUNGEONS\TEXTURES\METAL,58,0,0,0,0,58,0,0,0,0,0,0,0,0,0,0,0,0,0,0,0,0,0,0,0,0
C:\Users\ehsra\Documents\GitHub\WMVxTOPNG\ModelsTree\DUNGEONS\TEXTURES\NAGA,18,0,0,0,0,18,0,0,0,0,0,0,0,0,0,0,0,0,0,0,0,0,0,0,0,0
C:\Users\ehsra\Documents\GitHub\WMVxTOPNG\ModelsTree\DUNGEONS\TEXTURES\NETHER MICRO,12,0,0,0,0,12,0,0,0,0,0,0,0,0,0,0,0,0,0,0,0,0,0,0,0,0
C:\Users\ehsra\Documents\GitHub\WMVxTOPNG\ModelsTree\DUNGEONS\TEXTURES\NETHERSTORM,8,0,0,0,0,8,0,0,0,0,0,0,0,0,0,0,0,0,0,0,0,0,0,0,0,0
C:\Users\ehsra\Documents\GitHub\WMVxTOPNG\ModelsTree\DUNGEONS\TEXTURES\NEXUS,51,0,0,0,0,51,0,0,0,0,0,0,0,0,0,0,0,0,0,0,0,0,0,0,0,0
C:\Users\ehsra\Documents\GitHub\WMVxTOPNG\ModelsTree\DUNGEONS\TEXTURES\NORTHREND,2,1,0,0,0,2,0,0,0,0,0,0,0,0,0,0,0,0,0,0,0,0,0,0,0,0
C:\Users\ehsra\Documents\GitHub\WMVxTOPNG\ModelsTree\DUNGEONS\TEXTURES\NORTHREND\HUMANS,58,0,0,0,0,58,0,0,0,0,0,0,0,0,0,0,0,0,0,0,0,0,0,0,0,0
C:\Users\ehsra\Documents\GitHub\WMVxTOPNG\ModelsTree\DUNGEONS\TEXTURES\OLD_STRATHOLME,2,0,0,0,0,2,0,0,0,0,0,0,0,0,0,0,0,0,0,0,0,0,0,0,0,0
C:\Users\ehsra\Documents\GitHub\WMVxTOPNG\ModelsTree\DUNGEONS\TEXTURES\OUTLAND,12,0,0,0,0,12,0,0,0,0,0,0,0,0,0,0,0,0,0,0,0,0,0,0,0,0
C:\Users\ehsra\Documents\GitHub\WMVxTOPNG\ModelsTree\DUNGEONS\TEXTURES\PILLAR,41,0,0,0,0,41,0,0,0,0,0,0,0,0,0,0,0,0,0,0,0,0,0,0,0,0
C:\Users\ehsra\Documents\GitHub\WMVxTOPNG\ModelsTree\DUNGEONS\TEXTURES\RAZORFEN,32,0,0,0,0,32,0,0,0,0,0,0,0,0,0,0,0,0,0,0,0,0,0,0,0,0
C:\Users\ehsra\Documents\GitHub\WMVxTOPNG\ModelsTree\DUNGEONS\TEXTURES\REVDAN,4,0,0,0,0,4,0,0,0,0,0,0,0,0,0,0,0,0,0,0,0,0,0,0,0,0
C:\Users\ehsra\Documents\GitHub\WMVxTOPNG\ModelsTree\DUNGEONS\TEXTURES\ROCK,258,1,0,0,0,258,0,0,0,0,0,0,0,0,0,0,0,0,0,0,0,0,0,0,0,0
C:\Users\ehsra\Documents\GitHub\WMVxTOPNG\ModelsTree\DUNGEONS\TEXTURES\ROCK\STORMPEAKS CAVE VARIANT,15,0,0,0,0,15,0,0,0,0,0,0,0,0,0,0,0,0,0,0,0,0,0,0,0,0
C:\Users\ehsra\Documents\GitHub\WMVxTOPNG\ModelsTree\DUNGEONS\TEXTURES\ROOF,115,0,0,0,0,115,0,0,0,0,0,0,0,0,0,0,0,0,0,0,0,0,0,0,0,0
C:\Users\ehsra\Documents\GitHub\WMVxTOPNG\ModelsTree\DUNGEONS\TEXTURES\SHADOWMOON_SLAG,5,0,0,0,0,5,0,0,0,0,0,0,0,0,0,0,0,0,0,0,0,0,0,0,0,0
C:\Users\ehsra\Documents\GitHub\WMVxTOPNG\ModelsTree\DUNGEONS\TEXTURES\SHIPWRECK,21,0,0,0,0,21,0,0,0,0,0,0,0,0,0,0,0,0,0,0,0,0,0,0,0,0
C:\Users\ehsra\Documents\GitHub\WMVxTOPNG\ModelsTree\DUNGEONS\TEXTURES\SILVERMOONCITY,72,1,0,0,0,72,0,0,0,0,0,0,0,0,0,0,0,0,0,0,0,0,0,0,0,0
C:\Users\ehsra\Documents\GitHub\WMVxTOPNG\ModelsTree\DUNGEONS\TEXTURES\SILVERMOONCITY\HIGH ELF,6,0,0,0,0,6,0,0,0,0,0,0,0,0,0,0,0,0,0,0,0,0,0,0,0,0
C:\Users\ehsra\Documents\GitHub\WMVxTOPNG\ModelsTree\DUNGEONS\TEXTURES\solids,2,0,0,0,0,2,0,0,0,0,0,0,0,0,0,0,0,0,0,0,0,0,0,0,0,0
C:\Users\ehsra\Documents\GitHub\WMVxTOPNG\ModelsTree\DUNGEONS\TEXTURES\SPOREHUT,7,0,0,0,0,7,0,0,0,0,0,0,0,0,0,0,0,0,0,0,0,0,0,0,0,0
C:\Users\ehsra\Documents\GitHub\WMVxTOPNG\ModelsTree\DUNGEONS\TEXTURES\STAIRS,9,0,0,0,0,9,0,0,0,0,0,0,0,0,0,0,0,0,0,0,0,0,0,0,0,0
C:\Users\ehsra\Documents\GitHub\WMVxTOPNG\ModelsTree\DUNGEONS\TEXTURES\STORMWIND,12,0,0,0,0,12,0,0,0,0,0,0,0,0,0,0,0,0,0,0,0,0,0,0,0,0
C:\Users\ehsra\Documents\GitHub\WMVxTOPNG\ModelsTree\DUNGEONS\TEXTURES\SUNKENTEMPLE,65,0,0,0,0,65,0,0,0,0,0,0,0,0,0,0,0,0,0,0,0,0,0,0,0,0
C:\Users\ehsra\Documents\GitHub\WMVxTOPNG\ModelsTree\DUNGEONS\TEXTURES\TEMP,9,1,0,0,0,9,0,0,0,0,0,0,0,0,0,0,0,0,0,0,0,0,0,0,0,0
C:\Users\ehsra\Documents\GitHub\WMVxTOPNG\ModelsTree\DUNGEONS\TEXTURES\TEMP\VIKING TEXTURES,1,0,0,0,0,1,0,0,0,0,0,0,0,0,0,0,0,0,0,0,0,0,0,0,0,0
C:\Users\ehsra\Documents\GitHub\WMVxTOPNG\ModelsTree\DUNGEONS\TEXTURES\TESTS,17,0,0,0,0,17,0,0,0,0,0,0,0,0,0,0,0,0,0,0,0,0,0,0,0,0
C:\Users\ehsra\Documents\GitHub\WMVxTOPNG\ModelsTree\DUNGEONS\TEXTURES\TRAPPERBUILDINGS,19,0,0,0,0,19,0,0,0,0,0,0,0,0,0,0,0,0,0,0,0,0,0,0,0,0
C:\Users\ehsra\Documents\GitHub\WMVxTOPNG\ModelsTree\DUNGEONS\TEXTURES\TREES,20,0,0,0,0,20,0,0,0,0,0,0,0,0,0,0,0,0,0,0,0,0,0,0,0,0
C:\Users\ehsra\Documents\GitHub\WMVxTOPNG\ModelsTree\DUNGEONS\TEXTURES\TRIM,413,0,0,0,0,413,0,0,0,0,0,0,0,0,0,0,0,0,0,0,0,0,0,0,0,0
C:\Users\ehsra\Documents\GitHub\WMVxTOPNG\ModelsTree\DUNGEONS\TEXTURES\ULDUAR,96,1,0,0,0,96,0,0,0,0,0,0,0,0,0,0,0,0,0,0,0,0,0,0,0,0
C:\Users\ehsra\Documents\GitHub\WMVxTOPNG\ModelsTree\DUNGEONS\TEXTURES\ULDUAR\TITANMACHINERY,46,0,0,0,0,46,0,0,0,0,0,0,0,0,0,0,0,0,0,0,0,0,0,0,0,0
C:\Users\ehsra\Documents\GitHub\WMVxTOPNG\ModelsTree\DUNGEONS\TEXTURES\UNDEAD_SHIP,27,0,0,0,0,27,0,0,0,0,0,0,0,0,0,0,0,0,0,0,0,0,0,0,0,0
C:\Users\ehsra\Documents\GitHub\WMVxTOPNG\ModelsTree\DUNGEONS\TEXTURES\UTGARDE,44,1,0,0,0,44,0,0,0,0,0,0,0,0,0,0,0,0,0,0,0,0,0,0,0,0
C:\Users\ehsra\Documents\GitHub\WMVxTOPNG\ModelsTree\DUNGEONS\TEXTURES\UTGARDE\EXTERIOR,45,1,0,0,0,45,0,0,0,0,0,0,0,0,0,0,0,0,0,0,0,0,0,0,0,0
C:\Users\ehsra\Documents\GitHub\WMVxTOPNG\ModelsTree\DUNGEONS\TEXTURES\UTGARDE\EXTERIOR\NEW SNOW,7,0,0,0,0,7,0,0,0,0,0,0,0,0,0,0,0,0,0,0,0,0,0,0,0,0
C:\Users\ehsra\Documents\GitHub\WMVxTOPNG\ModelsTree\DUNGEONS\TEXTURES\VRYKUL,37,1,0,0,0,37,0,0,0,0,0,0,0,0,0,0,0,0,0,0,0,0,0,0,0,0
C:\Users\ehsra\Documents\GitHub\WMVxTOPNG\ModelsTree\DUNGEONS\TEXTURES\VRYKUL\SNOW,10,0,0,0,0,10,0,0,0,0,0,0,0,0,0,0,0,0,0,0,0,0,0,0,0,0
C:\Users\ehsra\Documents\GitHub\WMVxTOPNG\ModelsTree\DUNGEONS\TEXTURES\WAILINGCAVERNS,30,0,0,0,0,30,0,0,0,0,0,0,0,0,0,0,0,0,0,0,0,0,0,0,0,0
C:\Users\ehsra\Documents\GitHub\WMVxTOPNG\ModelsTree\DUNGEONS\TEXTURES\WALLS,436,0,0,0,0,436,0,0,0,0,0,0,0,0,0,0,0,0,0,0,0,0,0,0,0,0
C:\Users\ehsra\Documents\GitHub\WMVxTOPNG\ModelsTree\DUNGEONS\TEXTURES\WINDOWS,58,0,0,0,0,58,0,0,0,0,0,0,0,0,0,0,0,0,0,0,0,0,0,0,0,0
C:\Users\ehsra\Documents\GitHub\WMVxTOPNG\ModelsTree\DUNGEONS\TEXTURES\WINTERORCS,37,0,0,0,0,37,0,0,0,0,0,0,0,0,0,0,0,0,0,0,0,0,0,0,0,0
C:\Users\ehsra\Documents\GitHub\WMVxTOPNG\ModelsTree\DUNGEONS\TEXTURES\WINTERTAUREN,22,2,0,0,0,22,0,0,0,0,0,0,0,0,0,0,0,0,0,0,0,0,0,0,0,0
C:\Users\ehsra\Documents\GitHub\WMVxTOPNG\ModelsTree\DUNGEONS\TEXTURES\WINTERTAUREN\DESTROYED_WTAUREN,9,0,0,0,0,9,0,0,0,0,0,0,0,0,0,0,0,0,0,0,0,0,0,0,0,0
C:\Users\ehsra\Documents\GitHub\WMVxTOPNG\ModelsTree\DUNGEONS\TEXTURES\WINTERTAUREN\SNOW,16,0,0,0,0,16,0,0,0,0,0,0,0,0,0,0,0,0,0,0,0,0,0,0,0,0
C:\Users\ehsra\Documents\GitHub\WMVxTOPNG\ModelsTree\DUNGEONS\TEXTURES\WOOD,91,0,0,0,0,91,0,0,0,0,0,0,0,0,0,0,0,0,0,0,0,0,0,0,0,0
C:\Users\ehsra\Documents\GitHub\WMVxTOPNG\ModelsTree\DUNGEONS\TEXTURES\WYRMREST,42,1,0,0,0,42,0,0,0,0,0,0,0,0,0,0,0,0,0,0,0,0,0,0,0,0
C:\Users\ehsra\Documents\GitHub\WMVxTOPNG\ModelsTree\DUNGEONS\TEXTURES\WYRMREST\SNOW,8,0,0,0,0,8,0,0,0,0,0,0,0,0,0,0,0,0,0,0,0,0,0,0,0,0
C:\Users\ehsra\Documents\GitHub\WMVxTOPNG\ModelsTree\DUNGEONS\TEXTURES\ZANGAR,6,0,0,0,0,6,0,0,0,0,0,0,0,0,0,0,0,0,0,0,0,0,0,0,0,0
C:\Users\ehsra\Documents\GitHub\WMVxTOPNG\ModelsTree\DUNGEONS\TEXTURES\ZULAMAN,22,0,0,0,0,22,0,0,0,0,0,0,0,0,0,0,0,0,0,0,0,0,0,0,0,0
C:\Users\ehsra\Documents\GitHub\WMVxTOPNG\ModelsTree\DUNGEONS\VEHICLES,0,6,0,0,0,0,0,0,0,0,0,0,0,0,0,0,0,0,0,0,0,0,0,0,0,0
C:\Users\ehsra\Documents\GitHub\WMVxTOPNG\ModelsTree\DUNGEONS\VEHICLES\TRANSPORT_HORDE_ZEPPELIN,0,1,0,0,0,0,0,0,0,0,0,0,0,0,0,0,0,0,0,0,0,0,0,0,0,0
C:\Users\ehsra\Documents\GitHub\WMVxTOPNG\ModelsTree\DUNGEONS\VEHICLES\TRANSPORT_HORDE_ZEPPELIN\TEXTURES,23,0,0,0,0,23,0,0,0,0,0,0,0,0,0,0,0,0,0,0,0,0,0,0,0,0
C:\Users\ehsra\Documents\GitHub\WMVxTOPNG\ModelsTree\DUNGEONS\VEHICLES\TRANSPORT_ICEBREAKER_SHIP,0,1,0,0,0,0,0,0,0,0,0,0,0,0,0,0,0,0,0,0,0,0,0,0,0,0
C:\Users\ehsra\Documents\GitHub\WMVxTOPNG\ModelsTree\DUNGEONS\VEHICLES\TRANSPORT_ICEBREAKER_SHIP\ICEBREAKER TEXTURES,7,0,0,0,0,7,0,0,0,0,0,0,0,0,0,0,0,0,0,0,0,0,0,0,0,0
C:\Users\ehsra\Documents\GitHub\WMVxTOPNG\ModelsTree\DUNGEONS\VEHICLES\TRANSPORT_SHIP_NE,0,1,0,0,0,0,0,0,0,0,0,0,0,0,0,0,0,0,0,0,0,0,0,0,0,0
C:\Users\ehsra\Documents\GitHub\WMVxTOPNG\ModelsTree\DUNGEONS\VEHICLES\TRANSPORT_SHIP_NE\TEXTURES,6,0,0,0,0,6,0,0,0,0,0,0,0,0,0,0,0,0,0,0,0,0,0,0,0,0
C:\Users\ehsra\Documents\GitHub\WMVxTOPNG\ModelsTree\DUNGEONS\VEHICLES\TRANSPORT_TUSKARR_SHIP,0,1,0,0,0,0,0,0,0,0,0,0,0,0,0,0,0,0,0,0,0,0,0,0,0,0
C:\Users\ehsra\Documents\GitHub\WMVxTOPNG\ModelsTree\DUNGEONS\VEHICLES\TRANSPORT_TUSKARR_SHIP\TEX,8,0,0,0,0,8,0,0,0,0,0,0,0,0,0,0,0,0,0,0,0,0,0,0,0,0
C:\Users\ehsra\Documents\GitHub\WMVxTOPNG\ModelsTree\DUNGEONS\VEHICLES\TRANSPORT_VRYKUL_GONDOLA,0,1,0,0,0,0,0,0,0,0,0,0,0,0,0,0,0,0,0,0,0,0,0,0,0,0
C:\Users\ehsra\Documents\GitHub\WMVxTOPNG\ModelsTree\DUNGEONS\VEHICLES\TRANSPORT_VRYKUL_GONDOLA\TEX,1,0,0,0,0,1,0,0,0,0,0,0,0,0,0,0,0,0,0,0,0,0,0,0,0,0
C:\Users\ehsra\Documents\GitHub\WMVxTOPNG\ModelsTree\DUNGEONS\VEHICLES\TRANSPORT_VRYKUL_SHIP,0,1,0,0,0,0,0,0,0,0,0,0,0,0,0,0,0,0,0,0,0,0,0,0,0,0
C:\Users\ehsra\Documents\GitHub\WMVxTOPNG\ModelsTree\DUNGEONS\VEHICLES\TRANSPORT_VRYKUL_SHIP\TEX,9,0,0,0,0,9,0,0,0,0,0,0,0,0,0,0,0,0,0,0,0,0,0,0,0,0
C:\Users\ehsra\Documents\GitHub\WMVxTOPNG\ModelsTree\Environments,0,2,0,0,0,0,0,0,0,0,0,0,0,0,0,0,0,0,0,0,0,0,0,0,0,0
C:\Users\ehsra\Documents\GitHub\WMVxTOPNG\ModelsTree\Environments\Ocean,1,0,0,0,0,1,0,0,0,0,0,0,0,0,0,0,0,0,0,0,0,0,0,0,0,0
C:\Users\ehsra\Documents\GitHub\WMVxTOPNG\ModelsTree\Environments\Stars,447,0,0,0,0,318,0,0,0,0,52,0,0,77,0,0,0,0,0,0,0,0,0,0,0,0
C:\Users\ehsra\Documents\GitHub\WMVxTOPNG\ModelsTree\Interiors,0,1,0,0,0,0,0,0,0,0,0,0,0,0,0,0,0,0,0,0,0,0,0,0,0,0
C:\Users\ehsra\Documents\GitHub\WMVxTOPNG\ModelsTree\Interiors\buildings,0,1,0,0,0,0,0,0,0,0,0,0,0,0,0,0,0,0,0,0,0,0,0,0,0,0
C:\Users\ehsra\Documents\GitHub\WMVxTOPNG\ModelsTree\Interiors\buildings\ND_Forsaken,4,0,0,0,0,0,0,0,0,0,2,0,0,2,0,0,0,0,0,0,0,0,0,0,0,0
C:\Users\ehsra\Documents\GitHub\WMVxTOPNG\ModelsTree\ITEM,1,2,0,0,0,1,0,0,0,0,0,0,0,0,0,0,0,0,0,0,0,0,0,0,0,0
C:\Users\ehsra\Documents\GitHub\WMVxTOPNG\ModelsTree\ITEM\OBJECTCOMPONENTS,0,9,0,0,0,0,0,0,0,0,0,0,0,0,0,0,0,0,0,0,0,0,0,0,0,0
C:\Users\ehsra\Documents\GitHub\WMVxTOPNG\ModelsTree\ITEM\OBJECTCOMPONENTS\AMMO,15,0,0,0,0,3,0,0,0,0,6,0,0,6,0,0,0,0,0,0,0,0,0,0,0,0
C:\Users\ehsra\Documents\GitHub\WMVxTOPNG\ModelsTree\ITEM\OBJECTCOMPONENTS\BATTLESTANDARDS,0,2,0,0,0,0,0,0,0,0,0,0,0,0,0,0,0,0,0,0,0,0,0,0,0,0
C:\Users\ehsra\Documents\GitHub\WMVxTOPNG\ModelsTree\ITEM\OBJECTCOMPONENTS\BATTLESTANDARDS\BATTLESTANDARD_ALLIANCE_A_01,6,0,0,0,0,2,0,0,0,0,2,0,0,2,0,0,0,0,0,0,0,0,0,0,0,0
C:\Users\ehsra\Documents\GitHub\WMVxTOPNG\ModelsTree\ITEM\OBJECTCOMPONENTS\BATTLESTANDARDS\BATTLESTANDARD_HORDE_A_01,6,0,0,0,0,2,0,0,0,0,2,0,0,2,0,0,0,0,0,0,0,0,0,0,0,0
C:\Users\ehsra\Documents\GitHub\WMVxTOPNG\ModelsTree\ITEM\OBJECTCOMPONENTS\CAPE,194,0,0,0,0,194,0,0,0,0,0,0,0,0,0,0,0,0,0,0,0,0,0,0,0,0
C:\Users\ehsra\Documents\GitHub\WMVxTOPNG\ModelsTree\ITEM\OBJECTCOMPONENTS\HEAD,13339,0,0,4,0,1087,0,0,0,0,6124,0,0,6124,0,0,0,0,0,0,0,0,0,0,0,0
C:\Users\ehsra\Documents\GitHub\WMVxTOPNG\ModelsTree\ITEM\OBJECTCOMPONENTS\Pouch,55,0,0,0,0,47,0,0,0,0,4,0,0,4,0,0,0,0,0,0,0,0,0,0,0,0
C:\Users\ehsra\Documents\GitHub\WMVxTOPNG\ModelsTree\ITEM\OBJECTCOMPONENTS\Quiver,104,1,0,0,0,98,0,0,0,0,3,0,0,3,0,0,0,0,0,0,0,0,0,0,0,0
C:\Users\ehsra\Documents\GitHub\WMVxTOPNG\ModelsTree\ITEM\OBJECTCOMPONENTS\Quiver\QUIVER_ALLIANCE_A_01,1,0,0,0,0,1,0,0,0,0,0,0,0,0,0,0,0,0,0,0,0,0,0,0,0,0
C:\Users\ehsra\Documents\GitHub\WMVxTOPNG\ModelsTree\ITEM\OBJECTCOMPONENTS\Shield,572,0,0,0,0,358,0,0,0,0,107,0,0,107,0,0,0,0,0,0,0,0,0,0,0,0
C:\Users\ehsra\Documents\GitHub\WMVxTOPNG\ModelsTree\ITEM\OBJECTCOMPONENTS\Shoulder,2233,0,0,0,0,1061,0,0,0,0,586,0,0,586,0,0,0,0,0,0,0,0,0,0,0,0
C:\Users\ehsra\Documents\GitHub\WMVxTOPNG\ModelsTree\ITEM\OBJECTCOMPONENTS\WEAPON,6983,0,0,2,0,4208,0,0,0,0,1379,0,0,1394,0,0,0,0,0,0,0,0,0,0,0,0
C:\Users\ehsra\Documents\GitHub\WMVxTOPNG\ModelsTree\ITEM\TEXTURECOMPONENTS,0,8,0,0,0,0,0,0,0,0,0,0,0,0,0,0,0,0,0,0,0,0,0,0,0,0
C:\Users\ehsra\Documents\GitHub\WMVxTOPNG\ModelsTree\ITEM\TEXTURECOMPONENTS\ArmLowerTexture,2999,0,0,0,0,2999,0,0,0,0,0,0,0,0,0,0,0,0,0,0,0,0,0,0,0,0
C:\Users\ehsra\Documents\GitHub\WMVxTOPNG\ModelsTree\ITEM\TEXTURECOMPONENTS\ArmUpperTexture,1745,0,0,0,0,1745,0,0,0,0,0,0,0,0,0,0,0,0,0,0,0,0,0,0,0,0
C:\Users\ehsra\Documents\GitHub\WMVxTOPNG\ModelsTree\ITEM\TEXTURECOMPONENTS\FootTexture,1354,0,0,0,0,1354,0,0,0,0,0,0,0,0,0,0,0,0,0,0,0,0,0,0,0,0
C:\Users\ehsra\Documents\GitHub\WMVxTOPNG\ModelsTree\ITEM\TEXTURECOMPONENTS\HandTexture,1222,0,0,0,0,1222,0,0,0,0,0,0,0,0,0,0,0,0,0,0,0,0,0,0,0,0
C:\Users\ehsra\Documents\GitHub\WMVxTOPNG\ModelsTree\ITEM\TEXTURECOMPONENTS\LegLowerTexture,3176,0,0,0,0,3176,0,0,0,0,0,0,0,0,0,0,0,0,0,0,0,0,0,0,0,0
C:\Users\ehsra\Documents\GitHub\WMVxTOPNG\ModelsTree\ITEM\TEXTURECOMPONENTS\LegUpperTexture,3272,0,0,0,0,3272,0,0,0,0,0,0,0,0,0,0,0,0,0,0,0,0,0,0,0,0
C:\Users\ehsra\Documents\GitHub\WMVxTOPNG\ModelsTree\ITEM\TEXTURECOMPONENTS\TorsoLowerTexture,3360,0,0,0,0,3360,0,0,0,0,0,0,0,0,0,0,0,0,0,0,0,0,0,0,0,0
C:\Users\ehsra\Documents\GitHub\WMVxTOPNG\ModelsTree\ITEM\TEXTURECOMPONENTS\TorsoUpperTexture,3233,0,0,0,0,3233,0,0,0,0,0,0,0,0,0,0,0,0,0,0,0,0,0,0,0,0
C:\Users\ehsra\Documents\GitHub\WMVxTOPNG\ModelsTree\PARTICLES,55,1,0,0,0,23,0,0,0,0,16,0,0,16,0,0,0,0,0,0,0,0,0,0,0,0
C:\Users\ehsra\Documents\GitHub\WMVxTOPNG\ModelsTree\PARTICLES\BloodSpurts,22,0,0,0,0,2,0,0,0,0,10,0,0,10,0,0,0,0,0,0,0,0,0,0,0,0
C:\Users\ehsra\Documents\GitHub\WMVxTOPNG\ModelsTree\shaders,0,3,0,0,0,0,0,0,0,0,0,0,0,0,0,0,0,0,0,0,0,0,0,0,0,0
C:\Users\ehsra\Documents\GitHub\WMVxTOPNG\ModelsTree\shaders\effects,5,0,0,0,0,0,0,0,0,0,0,0,0,0,0,0,0,0,0,0,0,5,0,0,0,0
C:\Users\ehsra\Documents\GitHub\WMVxTOPNG\ModelsTree\shaders\pixel,0,8,0,0,0,0,0,0,0,0,0,0,0,0,0,0,0,0,0,0,0,0,0,0,0,0
C:\Users\ehsra\Documents\GitHub\WMVxTOPNG\ModelsTree\shaders\pixel\arbfp1,66,0,0,0,0,0,66,0,0,0,0,0,0,0,0,0,0,0,0,0,0,0,0,0,0,0
C:\Users\ehsra\Documents\GitHub\WMVxTOPNG\ModelsTree\shaders\pixel\nvfp2,64,0,0,0,0,0,64,0,0,0,0,0,0,0,0,0,0,0,0,0,0,0,0,0,0,0
C:\Users\ehsra\Documents\GitHub\WMVxTOPNG\ModelsTree\shaders\pixel\nvrc,2,0,0,0,0,0,2,0,0,0,0,0,0,0,0,0,0,0,0,0,0,0,0,0,0,0
C:\Users\ehsra\Documents\GitHub\WMVxTOPNG\ModelsTree\shaders\pixel\nvts,59,0,0,0,0,0,59,0,0,0,0,0,0,0,0,0,0,0,0,0,0,0,0,0,0,0
C:\Users\ehsra\Documents\GitHub\WMVxTOPNG\ModelsTree\shaders\pixel\ps_1_1,57,0,0,0,0,0,57,0,0,0,0,0,0,0,0,0,0,0,0,0,0,0,0,0,0,0
C:\Users\ehsra\Documents\GitHub\WMVxTOPNG\ModelsTree\shaders\pixel\ps_1_4,19,0,0,0,0,0,19,0,0,0,0,0,0,0,0,0,0,0,0,0,0,0,0,0,0,0
C:\Users\ehsra\Documents\GitHub\WMVxTOPNG\ModelsTree\shaders\pixel\ps_2_0,64,0,0,0,0,0,64,0,0,0,0,0,0,0,0,0,0,0,0,0,0,0,0,0,0,0
C:\Users\ehsra\Documents\GitHub\WMVxTOPNG\ModelsTree\shaders\pixel\ps_3_0,55,0,0,0,0,0,55,0,0,0,0,0,0,0,0,0,0,0,0,0,0,0,0,0,0,0
C:\Users\ehsra\Documents\GitHub\WMVxTOPNG\ModelsTree\shaders\vertex,0,6,0,0,0,0,0,0,0,0,0,0,0,0,0,0,0,0,0,0,0,0,0,0,0,0
C:\Users\ehsra\Documents\GitHub\WMVxTOPNG\ModelsTree\shaders\vertex\arbvp1,36,0,0,0,0,0,36,0,0,0,0,0,0,0,0,0,0,0,0,0,0,0,0,0,0,0
C:\Users\ehsra\Documents\GitHub\WMVxTOPNG\ModelsTree\shaders\vertex\arbvp1_cg12,36,0,0,0,0,0,36,0,0,0,0,0,0,0,0,0,0,0,0,0,0,0,0,0,0,0
C:\Users\ehsra\Documents\GitHub\WMVxTOPNG\ModelsTree\shaders\vertex\nvvp3,33,0,0,0,0,0,33,0,0,0,0,0,0,0,0,0,0,0,0,0,0,0,0,0,0,0
C:\Users\ehsra\Documents\GitHub\WMVxTOPNG\ModelsTree\shaders\vertex\vs_1_1,34,0,0,0,0,0,34,0,0,0,0,0,0,0,0,0,0,0,0,0,0,0,0,0,0,0
C:\Users\ehsra\Documents\GitHub\WMVxTOPNG\ModelsTree\shaders\vertex\vs_2_0,36,0,0,0,0,0,36,0,0,0,0,0,0,0,0,0,0,0,0,0,0,0,0,0,0,0
C:\Users\ehsra\Documents\GitHub\WMVxTOPNG\ModelsTree\shaders\vertex\vs_3_0,31,0,0,0,0,0,31,0,0,0,0,0,0,0,0,0,0,0,0,0,0,0,0,0,0,0
C:\Users\ehsra\Documents\GitHub\WMVxTOPNG\ModelsTree\Sound,0,16,0,0,0,0,0,0,0,0,0,0,0,0,0,0,0,0,0,0,0,0,0,0,0,0
C:\Users\ehsra\Documents\GitHub\WMVxTOPNG\ModelsTree\Sound\Ambience,2,5,0,0,0,0,0,0,0,0,0,0,0,0,0,0,0,0,2,0,0,0,0,0,0,0
C:\Users\ehsra\Documents\GitHub\WMVxTOPNG\ModelsTree\Sound\Ambience\GlueScreen,5,0,0,0,0,0,0,0,0,0,0,0,0,0,0,0,0,0,5,0,0,0,0,0,0,0
C:\Users\ehsra\Documents\GitHub\WMVxTOPNG\ModelsTree\Sound\Ambience\Water,8,0,0,0,0,0,0,0,0,0,0,0,0,0,0,0,0,0,8,0,0,0,0,0,0,0
C:\Users\ehsra\Documents\GitHub\WMVxTOPNG\ModelsTree\Sound\Ambience\Weather,9,0,0,0,0,0,0,0,0,0,0,0,0,0,0,0,0,0,9,0,0,0,0,0,0,0
C:\Users\ehsra\Documents\GitHub\WMVxTOPNG\ModelsTree\Sound\Ambience\WMOAmbience,124,0,0,0,0,0,0,0,0,0,0,0,0,0,0,0,0,0,124,0,0,0,0,0,0,0
C:\Users\ehsra\Documents\GitHub\WMVxTOPNG\ModelsTree\Sound\Ambience\ZoneAmbience,129,0,0,0,0,0,0,0,0,0,0,0,0,0,0,0,0,0,129,0,0,0,0,0,0,0
C:\Users\ehsra\Documents\GitHub\WMVxTOPNG\ModelsTree\Sound\Character,8,14,0,0,0,0,0,0,0,0,0,0,0,0,0,0,0,0,8,0,0,0,0,0,0,0
C:\Users\ehsra\Documents\GitHub\WMVxTOPNG\ModelsTree\Sound\Character\BloodElfFemalePC,18,0,0,0,0,0,0,0,0,0,0,0,0,0,0,0,0,0,18,0,0,0,0,0,0,0
C:\Users\ehsra\Documents\GitHub\WMVxTOPNG\ModelsTree\Sound\Character\BloodElfMalePC,22,0,0,0,0,0,0,0,0,0,0,0,0,0,0,0,0,0,22,0,0,0,0,0,0,0
C:\Users\ehsra\Documents\GitHub\WMVxTOPNG\ModelsTree\Sound\Character\DraeneiFemalePC,19,0,0,0,0,0,0,0,0,0,0,0,0,0,0,0,0,0,19,0,0,0,0,0,0,0
C:\Users\ehsra\Documents\GitHub\WMVxTOPNG\ModelsTree\Sound\Character\DraeneiMalePC,23,0,0,0,0,0,0,0,0,0,0,0,0,0,0,0,0,0,23,0,0,0,0,0,0,0
C:\Users\ehsra\Documents\GitHub\WMVxTOPNG\ModelsTree\Sound\Character\Dwarf,0,3,0,0,0,0,0,0,0,0,0,0,0,0,0,0,0,0,0,0,0,0,0,0,0,0
C:\Users\ehsra\Documents\GitHub\WMVxTOPNG\ModelsTree\Sound\Character\Dwarf\DwarfFemale,12,0,0,0,0,0,0,0,0,0,0,0,0,0,0,0,0,0,12,0,0,0,0,0,0,0
C:\Users\ehsra\Documents\GitHub\WMVxTOPNG\ModelsTree\Sound\Character\Dwarf\DwarfMale,9,0,0,0,0,0,0,0,0,0,0,0,0,0,0,0,0,0,9,0,0,0,0,0,0,0
C:\Users\ehsra\Documents\GitHub\WMVxTOPNG\ModelsTree\Sound\Character\Dwarf\DwarfMaleNPC,0,1,0,0,0,0,0,0,0,0,0,0,0,0,0,0,0,0,0,0,0,0,0,0,0,0
C:\Users\ehsra\Documents\GitHub\WMVxTOPNG\ModelsTree\Sound\Character\Dwarf\DwarfMaleNPC\DwarfMaleNpc1,10,0,0,0,0,0,0,0,0,0,0,0,0,0,0,0,0,0,10,0,0,0,0,0,0,0
C:\Users\ehsra\Documents\GitHub\WMVxTOPNG\ModelsTree\Sound\Character\Footsteps,130,4,0,0,0,0,0,0,0,0,0,0,0,0,0,0,0,0,130,0,0,0,0,0,0,0
C:\Users\ehsra\Documents\GitHub\WMVxTOPNG\ModelsTree\Sound\Character\Footsteps\EnterWaterSplash,3,0,0,0,0,0,0,0,0,0,0,0,0,0,0,0,0,0,3,0,0,0,0,0,0,0
C:\Users\ehsra\Documents\GitHub\WMVxTOPNG\ModelsTree\Sound\Character\Footsteps\GiantFootSteps,5,0,0,0,0,0,0,0,0,0,0,0,0,0,0,0,0,0,5,0,0,0,0,0,0,0
C:\Users\ehsra\Documents\GitHub\WMVxTOPNG\ModelsTree\Sound\Character\Footsteps\MediumLargeMetalFootsteps,10,0,0,0,0,0,0,0,0,0,0,0,0,0,0,0,0,0,10,0,0,0,0,0,0,0
C:\Users\ehsra\Documents\GitHub\WMVxTOPNG\ModelsTree\Sound\Character\Footsteps\WaterSplash,15,0,0,0,0,0,0,0,0,0,0,0,0,0,0,0,0,0,15,0,0,0,0,0,0,0
C:\Users\ehsra\Documents\GitHub\WMVxTOPNG\ModelsTree\Sound\Character\Human,0,3,0,0,0,0,0,0,0,0,0,0,0,0,0,0,0,0,0,0,0,0,0,0,0,0
C:\Users\ehsra\Documents\GitHub\WMVxTOPNG\ModelsTree\Sound\Character\Human\Female,10,0,0,0,0,0,0,0,0,0,0,0,0,0,0,0,0,0,10,0,0,0,0,0,0,0
C:\Users\ehsra\Documents\GitHub\WMVxTOPNG\ModelsTree\Sound\Character\Human\Male,13,0,0,0,0,0,0,0,0,0,0,0,0,0,0,0,0,0,13,0,0,0,0,0,0,0
C:\Users\ehsra\Documents\GitHub\WMVxTOPNG\ModelsTree\Sound\Character\Human\MaleNPC,0,6,0,0,0,0,0,0,0,0,0,0,0,0,0,0,0,0,0,0,0,0,0,0,0,0
C:\Users\ehsra\Documents\GitHub\WMVxTOPNG\ModelsTree\Sound\Character\Human\MaleNPC\HumanMalePirate,10,0,0,0,0,0,0,0,0,0,0,0,0,0,0,0,0,0,10,0,0,0,0,0,0,0
C:\Users\ehsra\Documents\GitHub\WMVxTOPNG\ModelsTree\Sound\Character\Human\MaleNPC\HumanMalePirateHeavy,10,0,0,0,0,0,0,0,0,0,0,0,0,0,0,0,0,0,10,0,0,0,0,0,0,0
C:\Users\ehsra\Documents\GitHub\WMVxTOPNG\ModelsTree\Sound\Character\Human\MaleNPC\HumanPesantMale,10,0,0,0,0,0,0,0,0,0,0,0,0,0,0,0,0,0,10,0,0,0,0,0,0,0
C:\Users\ehsra\Documents\GitHub\WMVxTOPNG\ModelsTree\Sound\Character\Human\MaleNPC\HumanWarrior1,10,0,0,0,0,0,0,0,0,0,0,0,0,0,0,0,0,0,10,0,0,0,0,0,0,0
C:\Users\ehsra\Documents\GitHub\WMVxTOPNG\ModelsTree\Sound\Character\Human\MaleNPC\HumanWarrior2,10,0,0,0,0,0,0,0,0,0,0,0,0,0,0,0,0,0,10,0,0,0,0,0,0,0
C:\Users\ehsra\Documents\GitHub\WMVxTOPNG\ModelsTree\Sound\Character\Human\MaleNPC\HumanWarrior3,8,0,0,0,0,0,0,0,0,0,0,0,0,0,0,0,0,0,8,0,0,0,0,0,0,0
C:\Users\ehsra\Documents\GitHub\WMVxTOPNG\ModelsTree\Sound\Character\NightElf,0,2,0,0,0,0,0,0,0,0,0,0,0,0,0,0,0,0,0,0,0,0,0,0,0,0
C:\Users\ehsra\Documents\GitHub\WMVxTOPNG\ModelsTree\Sound\Character\NightElf\NightElfFemale,9,0,0,0,0,0,0,0,0,0,0,0,0,0,0,0,0,0,9,0,0,0,0,0,0,0
C:\Users\ehsra\Documents\GitHub\WMVxTOPNG\ModelsTree\Sound\Character\NightElf\NightElfMale,8,0,0,0,0,0,0,0,0,0,0,0,0,0,0,0,0,0,8,0,0,0,0,0,0,0
C:\Users\ehsra\Documents\GitHub\WMVxTOPNG\ModelsTree\Sound\Character\Orc,0,3,0,0,0,0,0,0,0,0,0,0,0,0,0,0,0,0,0,0,0,0,0,0,0,0
C:\Users\ehsra\Documents\GitHub\WMVxTOPNG\ModelsTree\Sound\Character\Orc\Female,15,0,0,0,0,0,0,0,0,0,0,0,0,0,0,0,0,0,15,0,0,0,0,0,0,0
C:\Users\ehsra\Documents\GitHub\WMVxTOPNG\ModelsTree\Sound\Character\Orc\OrcMale,9,0,0,0,0,0,0,0,0,0,0,0,0,0,0,0,0,0,9,0,0,0,0,0,0,0
C:\Users\ehsra\Documents\GitHub\WMVxTOPNG\ModelsTree\Sound\Character\Orc\OrcMaleNPC,0,1,0,0,0,0,0,0,0,0,0,0,0,0,0,0,0,0,0,0,0,0,0,0,0,0
C:\Users\ehsra\Documents\GitHub\WMVxTOPNG\ModelsTree\Sound\Character\Orc\OrcMaleNPC\ORcMaleNpc1,10,0,0,0,0,0,0,0,0,0,0,0,0,0,0,0,0,0,10,0,0,0,0,0,0,0
C:\Users\ehsra\Documents\GitHub\WMVxTOPNG\ModelsTree\Sound\Character\PlayerExertions,0,16,0,0,0,0,0,0,0,0,0,0,0,0,0,0,0,0,0,0,0,0,0,0,0,0
C:\Users\ehsra\Documents\GitHub\WMVxTOPNG\ModelsTree\Sound\Character\PlayerExertions\DwarfFemaleFinal,13,0,0,0,0,0,0,0,0,0,0,0,0,0,0,0,0,0,13,0,0,0,0,0,0,0
C:\Users\ehsra\Documents\GitHub\WMVxTOPNG\ModelsTree\Sound\Character\PlayerExertions\DwarfMaleFinal,14,0,0,0,0,0,0,0,0,0,0,0,0,0,0,0,0,0,14,0,0,0,0,0,0,0
C:\Users\ehsra\Documents\GitHub\WMVxTOPNG\ModelsTree\Sound\Character\PlayerExertions\GnomeFemaleFinal,12,0,0,0,0,0,0,0,0,0,0,0,0,0,0,0,0,0,12,0,0,0,0,0,0,0
C:\Users\ehsra\Documents\GitHub\WMVxTOPNG\ModelsTree\Sound\Character\PlayerExertions\GnomeMaleFinal,12,0,0,0,0,0,0,0,0,0,0,0,0,0,0,0,0,0,12,0,0,0,0,0,0,0
C:\Users\ehsra\Documents\GitHub\WMVxTOPNG\ModelsTree\Sound\Character\PlayerExertions\HumanFemaleFinal,12,0,0,0,0,0,0,0,0,0,0,0,0,0,0,0,0,0,12,0,0,0,0,0,0,0
C:\Users\ehsra\Documents\GitHub\WMVxTOPNG\ModelsTree\Sound\Character\PlayerExertions\HumanMaleFinal,11,0,0,0,0,0,0,0,0,0,0,0,0,0,0,0,0,0,11,0,0,0,0,0,0,0
C:\Users\ehsra\Documents\GitHub\WMVxTOPNG\ModelsTree\Sound\Character\PlayerExertions\NightElfFemaleFinal,12,0,0,0,0,0,0,0,0,0,0,0,0,0,0,0,0,0,12,0,0,0,0,0,0,0
C:\Users\ehsra\Documents\GitHub\WMVxTOPNG\ModelsTree\Sound\Character\PlayerExertions\NightElfMaleFinal,13,0,0,0,0,0,0,0,0,0,0,0,0,0,0,0,0,0,13,0,0,0,0,0,0,0
C:\Users\ehsra\Documents\GitHub\WMVxTOPNG\ModelsTree\Sound\Character\PlayerExertions\OrcFemaleFinal,13,0,0,0,0,0,0,0,0,0,0,0,0,0,0,0,0,0,13,0,0,0,0,0,0,0
C:\Users\ehsra\Documents\GitHub\WMVxTOPNG\ModelsTree\Sound\Character\PlayerExertions\OrcMale,11,0,0,0,0,0,0,0,0,0,0,0,0,0,0,0,0,0,11,0,0,0,0,0,0,0
C:\Users\ehsra\Documents\GitHub\WMVxTOPNG\ModelsTree\Sound\Character\PlayerExertions\TaurenFemaleFinal,11,0,0,0,0,0,0,0,0,0,0,0,0,0,0,0,0,0,11,0,0,0,0,0,0,0
C:\Users\ehsra\Documents\GitHub\WMVxTOPNG\ModelsTree\Sound\Character\PlayerExertions\TaurenMaleFinal,12,0,0,0,0,0,0,0,0,0,0,0,0,0,0,0,0,0,12,0,0,0,0,0,0,0
C:\Users\ehsra\Documents\GitHub\WMVxTOPNG\ModelsTree\Sound\Character\PlayerExertions\TrollFemaleFinal,11,0,0,0,0,0,0,0,0,0,0,0,0,0,0,0,0,0,11,0,0,0,0,0,0,0
C:\Users\ehsra\Documents\GitHub\WMVxTOPNG\ModelsTree\Sound\Character\PlayerExertions\TrollMaleFinal,13,0,0,0,0,0,0,0,0,0,0,0,0,0,0,0,0,0,13,0,0,0,0,0,0,0
C:\Users\ehsra\Documents\GitHub\WMVxTOPNG\ModelsTree\Sound\Character\PlayerExertions\UndeadFemaleFinal,11,0,0,0,0,0,0,0,0,0,0,0,0,0,0,0,0,0,11,0,0,0,0,0,0,0
C:\Users\ehsra\Documents\GitHub\WMVxTOPNG\ModelsTree\Sound\Character\PlayerExertions\UndeadMaleFinal,12,0,0,0,0,0,0,0,0,0,0,0,0,0,0,0,0,0,12,0,0,0,0,0,0,0
C:\Users\ehsra\Documents\GitHub\WMVxTOPNG\ModelsTree\Sound\Character\PlayerRoars,16,0,0,0,0,0,0,0,0,0,0,0,0,0,0,0,0,0,16,0,0,0,0,0,0,0
C:\Users\ehsra\Documents\GitHub\WMVxTOPNG\ModelsTree\Sound\Character\Scourge,0,3,0,0,0,0,0,0,0,0,0,0,0,0,0,0,0,0,0,0,0,0,0,0,0,0
C:\Users\ehsra\Documents\GitHub\WMVxTOPNG\ModelsTree\Sound\Character\Scourge\ScourgeFemale,8,0,0,0,0,0,0,0,0,0,0,0,0,0,0,0,0,0,8,0,0,0,0,0,0,0
C:\Users\ehsra\Documents\GitHub\WMVxTOPNG\ModelsTree\Sound\Character\Scourge\ScourgeMale,10,0,0,0,0,0,0,0,0,0,0,0,0,0,0,0,0,0,10,0,0,0,0,0,0,0
C:\Users\ehsra\Documents\GitHub\WMVxTOPNG\ModelsTree\Sound\Character\Scourge\UndeadNPC,0,1,0,0,0,0,0,0,0,0,0,0,0,0,0,0,0,0,0,0,0,0,0,0,0,0
C:\Users\ehsra\Documents\GitHub\WMVxTOPNG\ModelsTree\Sound\Character\Scourge\UndeadNPC\UndeadMaleNpc1,0,1,0,0,0,0,0,0,0,0,0,0,0,0,0,0,0,0,0,0,0,0,0,0,0,0
C:\Users\ehsra\Documents\GitHub\WMVxTOPNG\ModelsTree\Sound\Character\Scourge\UndeadNPC\UndeadMaleNpc1\UndeadMaleNpc1,10,0,0,0,0,0,0,0,0,0,0,0,0,0,0,0,0,0,10,0,0,0,0,0,0,0
C:\Users\ehsra\Documents\GitHub\WMVxTOPNG\ModelsTree\Sound\Character\Tauren,0,2,0,0,0,0,0,0,0,0,0,0,0,0,0,0,0,0,0,0,0,0,0,0,0,0
C:\Users\ehsra\Documents\GitHub\WMVxTOPNG\ModelsTree\Sound\Character\Tauren\Female,15,0,0,0,0,0,0,0,0,0,0,0,0,0,0,0,0,0,15,0,0,0,0,0,0,0
C:\Users\ehsra\Documents\GitHub\WMVxTOPNG\ModelsTree\Sound\Character\Tauren\TaurenMale,9,0,0,0,0,0,0,0,0,0,0,0,0,0,0,0,0,0,9,0,0,0,0,0,0,0
C:\Users\ehsra\Documents\GitHub\WMVxTOPNG\ModelsTree\Sound\Character\VryKulMale,15,0,0,0,0,0,0,0,0,0,0,0,0,0,0,0,0,0,15,0,0,0,0,0,0,0
C:\Users\ehsra\Documents\GitHub\WMVxTOPNG\ModelsTree\Sound\Creature,0,392,0,0,0,0,0,0,0,0,0,0,0,0,0,0,0,0,0,0,0,0,0,0,0,0
C:\Users\ehsra\Documents\GitHub\WMVxTOPNG\ModelsTree\Sound\Creature\Akama,10,0,0,0,0,0,0,0,0,0,0,0,0,0,0,0,0,0,10,0,0,0,0,0,0,0
C:\Users\ehsra\Documents\GitHub\WMVxTOPNG\ModelsTree\Sound\Creature\AlkizonExertions,15,0,0,0,0,0,0,0,0,0,0,0,0,0,0,0,0,0,15,0,0,0,0,0,0,0
C:\Users\ehsra\Documents\GitHub\WMVxTOPNG\ModelsTree\Sound\Creature\AncientProtector,17,0,0,0,0,0,0,0,0,0,0,0,0,0,0,0,0,0,17,0,0,0,0,0,0,0
C:\Users\ehsra\Documents\GitHub\WMVxTOPNG\ModelsTree\Sound\Creature\AncientTreeOfWar,12,0,0,0,0,0,0,0,0,0,0,0,0,0,0,0,0,0,12,0,0,0,0,0,0,0
C:\Users\ehsra\Documents\GitHub\WMVxTOPNG\ModelsTree\Sound\Creature\Anetheron,12,0,0,0,0,0,0,0,0,0,0,0,0,0,0,0,0,0,12,0,0,0,0,0,0,0
C:\Users\ehsra\Documents\GitHub\WMVxTOPNG\ModelsTree\Sound\Creature\Anusibath,10,0,0,0,0,0,0,0,0,0,0,0,0,0,0,0,0,0,10,0,0,0,0,0,0,0
C:\Users\ehsra\Documents\GitHub\WMVxTOPNG\ModelsTree\Sound\Creature\Arakkoa,12,0,0,0,0,0,0,0,0,0,0,0,0,0,0,0,0,0,12,0,0,0,0,0,0,0
C:\Users\ehsra\Documents\GitHub\WMVxTOPNG\ModelsTree\Sound\Creature\ArcaneGolem,12,0,0,0,0,0,0,0,0,0,0,0,0,0,0,0,0,0,12,0,0,0,0,0,0,0
C:\Users\ehsra\Documents\GitHub\WMVxTOPNG\ModelsTree\Sound\Creature\ArcaneGolemBroken,12,0,0,0,0,0,0,0,0,0,0,0,0,0,0,0,0,0,12,0,0,0,0,0,0,0
C:\Users\ehsra\Documents\GitHub\WMVxTOPNG\ModelsTree\Sound\Creature\ArcaneTitan,11,0,0,0,0,0,0,0,0,0,0,0,0,0,0,0,0,0,11,0,0,0,0,0,0,0
C:\Users\ehsra\Documents\GitHub\WMVxTOPNG\ModelsTree\Sound\Creature\Archimonde,10,0,0,0,0,0,0,0,0,0,0,0,0,0,0,0,0,0,10,0,0,0,0,0,0,0
C:\Users\ehsra\Documents\GitHub\WMVxTOPNG\ModelsTree\Sound\Creature\ArcticCondor,1,0,0,0,0,0,0,0,0,0,0,0,0,0,0,0,0,0,1,0,0,0,0,0,0,0
C:\Users\ehsra\Documents\GitHub\WMVxTOPNG\ModelsTree\Sound\Creature\AvatarOfHakar,10,0,0,0,0,0,0,0,0,0,0,0,0,0,0,0,0,0,10,0,0,0,0,0,0,0
C:\Users\ehsra\Documents\GitHub\WMVxTOPNG\ModelsTree\Sound\Creature\Azgalor,12,0,0,0,0,0,0,0,0,0,0,0,0,0,0,0,0,0,12,0,0,0,0,0,0,0
C:\Users\ehsra\Documents\GitHub\WMVxTOPNG\ModelsTree\Sound\Creature\BabyCrocodile,5,0,0,0,0,0,0,0,0,0,0,0,0,0,0,0,0,0,5,0,0,0,0,0,0,0
C:\Users\ehsra\Documents\GitHub\WMVxTOPNG\ModelsTree\Sound\Creature\BabyLich,6,0,0,0,0,0,0,0,0,0,0,0,0,0,0,0,0,0,6,0,0,0,0,0,0,0
C:\Users\ehsra\Documents\GitHub\WMVxTOPNG\ModelsTree\Sound\Creature\BabyMurloc,4,0,0,0,0,0,0,0,0,0,0,0,0,0,0,0,0,0,4,0,0,0,0,0,0,0
C:\Users\ehsra\Documents\GitHub\WMVxTOPNG\ModelsTree\Sound\Creature\BallofFlame,1,0,0,0,0,0,0,0,0,0,0,0,0,0,0,0,0,0,1,0,0,0,0,0,0,0
C:\Users\ehsra\Documents\GitHub\WMVxTOPNG\ModelsTree\Sound\Creature\Banshee,10,0,0,0,0,0,0,0,0,0,0,0,0,0,0,0,0,0,10,0,0,0,0,0,0,0
C:\Users\ehsra\Documents\GitHub\WMVxTOPNG\ModelsTree\Sound\Creature\BarnesTheStageManager,3,0,0,0,0,0,0,0,0,0,0,0,0,0,0,0,0,0,3,0,0,0,0,0,0,0
C:\Users\ehsra\Documents\GitHub\WMVxTOPNG\ModelsTree\Sound\Creature\Basilisk,14,0,0,0,0,0,0,0,0,0,0,0,0,0,0,0,0,0,14,0,0,0,0,0,0,0
C:\Users\ehsra\Documents\GitHub\WMVxTOPNG\ModelsTree\Sound\Creature\Bear,10,0,0,0,0,0,0,0,0,0,0,0,0,0,0,0,0,0,10,0,0,0,0,0,0,0
C:\Users\ehsra\Documents\GitHub\WMVxTOPNG\ModelsTree\Sound\Creature\Beholder,13,0,0,0,0,0,0,0,0,0,0,0,0,0,0,0,0,0,13,0,0,0,0,0,0,0
C:\Users\ehsra\Documents\GitHub\WMVxTOPNG\ModelsTree\Sound\Creature\BE_Broom01,2,0,0,0,0,0,0,0,0,0,0,0,0,0,0,0,0,0,2,0,0,0,0,0,0,0
C:\Users\ehsra\Documents\GitHub\WMVxTOPNG\ModelsTree\Sound\Creature\BloodElfMale_Guard,13,0,0,0,0,0,0,0,0,0,0,0,0,0,0,0,0,0,13,0,0,0,0,0,0,0
C:\Users\ehsra\Documents\GitHub\WMVxTOPNG\ModelsTree\Sound\Creature\Boar,11,0,0,0,0,0,0,0,0,0,0,0,0,0,0,0,0,0,11,0,0,0,0,0,0,0
C:\Users\ehsra\Documents\GitHub\WMVxTOPNG\ModelsTree\Sound\Creature\BodyofKathune,1,0,0,0,0,0,0,0,0,0,0,0,0,0,0,0,0,0,1,0,0,0,0,0,0,0
C:\Users\ehsra\Documents\GitHub\WMVxTOPNG\ModelsTree\Sound\Creature\BogBeast,11,0,0,0,0,0,0,0,0,0,0,0,0,0,0,0,0,0,11,0,0,0,0,0,0,0
C:\Users\ehsra\Documents\GitHub\WMVxTOPNG\ModelsTree\Sound\Creature\BrokenMale,13,0,0,0,0,0,0,0,0,0,0,0,0,0,0,0,0,0,13,0,0,0,0,0,0,0
C:\Users\ehsra\Documents\GitHub\WMVxTOPNG\ModelsTree\Sound\Creature\BroomStickMount,2,0,0,0,0,0,0,0,0,0,0,0,0,0,0,0,0,0,2,0,0,0,0,0,0,0
C:\Users\ehsra\Documents\GitHub\WMVxTOPNG\ModelsTree\Sound\Creature\Cannon,4,0,0,0,0,0,0,0,0,0,0,0,0,0,0,0,0,0,4,0,0,0,0,0,0,0
C:\Users\ehsra\Documents\GitHub\WMVxTOPNG\ModelsTree\Sound\Creature\Carrion,10,0,0,0,0,0,0,0,0,0,0,0,0,0,0,0,0,0,10,0,0,0,0,0,0,0
C:\Users\ehsra\Documents\GitHub\WMVxTOPNG\ModelsTree\Sound\Creature\Cat,6,0,0,0,0,0,0,0,0,0,0,0,0,0,0,0,0,0,6,0,0,0,0,0,0,0
C:\Users\ehsra\Documents\GitHub\WMVxTOPNG\ModelsTree\Sound\Creature\celestialhorse,7,0,0,0,0,0,0,0,0,0,0,0,0,0,0,0,0,0,7,0,0,0,0,0,0,0
C:\Users\ehsra\Documents\GitHub\WMVxTOPNG\ModelsTree\Sound\Creature\Centaur,10,0,0,0,0,0,0,0,0,0,0,0,0,0,0,0,0,0,10,0,0,0,0,0,0,0
C:\Users\ehsra\Documents\GitHub\WMVxTOPNG\ModelsTree\Sound\Creature\CentaurFemale,11,0,0,0,0,0,0,0,0,0,0,0,0,0,0,0,0,0,11,0,0,0,0,0,0,0
C:\Users\ehsra\Documents\GitHub\WMVxTOPNG\ModelsTree\Sound\Creature\Chicken,2,0,0,0,0,0,0,0,0,0,0,0,0,0,0,0,0,0,2,0,0,0,0,0,0,0
C:\Users\ehsra\Documents\GitHub\WMVxTOPNG\ModelsTree\Sound\Creature\ChickenMount,3,0,0,0,0,0,0,0,0,0,0,0,0,0,0,0,0,0,3,0,0,0,0,0,0,0
C:\Users\ehsra\Documents\GitHub\WMVxTOPNG\ModelsTree\Sound\Creature\ChineseDragon,10,0,0,0,0,0,0,0,0,0,0,0,0,0,0,0,0,0,10,0,0,0,0,0,0,0
C:\Users\ehsra\Documents\GitHub\WMVxTOPNG\ModelsTree\Sound\Creature\ClockworkGiant,11,0,0,0,0,0,0,0,0,0,0,0,0,0,0,0,0,0,11,0,0,0,0,0,0,0
C:\Users\ehsra\Documents\GitHub\WMVxTOPNG\ModelsTree\Sound\Creature\ClockworkGiantPet,9,0,0,0,0,0,0,0,0,0,0,0,0,0,0,0,0,0,9,0,0,0,0,0,0,0
C:\Users\ehsra\Documents\GitHub\WMVxTOPNG\ModelsTree\Sound\Creature\ClockWorkGnome,21,0,0,0,0,0,0,0,0,0,0,0,0,0,0,0,0,0,21,0,0,0,0,0,0,0
C:\Users\ehsra\Documents\GitHub\WMVxTOPNG\ModelsTree\Sound\Creature\CloudSwampGasLoop,1,0,0,0,0,0,0,0,0,0,0,0,0,0,0,0,0,0,1,0,0,0,0,0,0,0
C:\Users\ehsra\Documents\GitHub\WMVxTOPNG\ModelsTree\Sound\Creature\Cocoon,2,0,0,0,0,0,0,0,0,0,0,0,0,0,0,0,0,0,2,0,0,0,0,0,0,0
C:\Users\ehsra\Documents\GitHub\WMVxTOPNG\ModelsTree\Sound\Creature\ColdWraith,24,0,0,0,0,0,0,0,0,0,0,0,0,0,0,0,0,0,24,0,0,0,0,0,0,0
C:\Users\ehsra\Documents\GitHub\WMVxTOPNG\ModelsTree\Sound\Creature\CommanderSarannis,14,0,0,0,0,0,0,0,0,0,0,0,0,0,0,0,0,0,14,0,0,0,0,0,0,0
C:\Users\ehsra\Documents\GitHub\WMVxTOPNG\ModelsTree\Sound\Creature\CoreHoundPet,3,0,0,0,0,0,0,0,0,0,0,0,0,0,0,0,0,0,3,0,0,0,0,0,0,0
C:\Users\ehsra\Documents\GitHub\WMVxTOPNG\ModelsTree\Sound\Creature\Cow,2,0,0,0,0,0,0,0,0,0,0,0,0,0,0,0,0,0,2,0,0,0,0,0,0,0
C:\Users\ehsra\Documents\GitHub\WMVxTOPNG\ModelsTree\Sound\Creature\Crab,14,0,0,0,0,0,0,0,0,0,0,0,0,0,0,0,0,0,14,0,0,0,0,0,0,0
C:\Users\ehsra\Documents\GitHub\WMVxTOPNG\ModelsTree\Sound\Creature\CrackElfMale,13,0,0,0,0,0,0,0,0,0,0,0,0,0,0,0,0,0,13,0,0,0,0,0,0,0
C:\Users\ehsra\Documents\GitHub\WMVxTOPNG\ModelsTree\Sound\Creature\Crawler,12,0,0,0,0,0,0,0,0,0,0,0,0,0,0,0,0,0,12,0,0,0,0,0,0,0
C:\Users\ehsra\Documents\GitHub\WMVxTOPNG\ModelsTree\Sound\Creature\Creature_BurningLegionCannon,1,0,0,0,0,0,0,0,0,0,0,0,0,0,0,0,0,0,1,0,0,0,0,0,0,0
C:\Users\ehsra\Documents\GitHub\WMVxTOPNG\ModelsTree\Sound\Creature\Creature_EtherialStorm,1,0,0,0,0,0,0,0,0,0,0,0,0,0,0,0,0,0,1,0,0,0,0,0,0,0
C:\Users\ehsra\Documents\GitHub\WMVxTOPNG\ModelsTree\Sound\Creature\Creature_PowerCrystal,1,0,0,0,0,0,0,0,0,0,0,0,0,0,0,0,0,0,1,0,0,0,0,0,0,0
C:\Users\ehsra\Documents\GitHub\WMVxTOPNG\ModelsTree\Sound\Creature\Creature_ScourgeCrystalDamaged,1,0,0,0,0,0,0,0,0,0,0,0,0,0,0,0,0,0,1,0,0,0,0,0,0,0
C:\Users\ehsra\Documents\GitHub\WMVxTOPNG\ModelsTree\Sound\Creature\CryptFiend,10,0,0,0,0,0,0,0,0,0,0,0,0,0,0,0,0,0,10,0,0,0,0,0,0,0
C:\Users\ehsra\Documents\GitHub\WMVxTOPNG\ModelsTree\Sound\Creature\CryptLord,9,0,0,0,0,0,0,0,0,0,0,0,0,0,0,0,0,0,9,0,0,0,0,0,0,0
C:\Users\ehsra\Documents\GitHub\WMVxTOPNG\ModelsTree\Sound\Creature\CrystalPortal,4,0,0,0,0,0,0,0,0,0,0,0,0,0,0,0,0,0,4,0,0,0,0,0,0,0
C:\Users\ehsra\Documents\GitHub\WMVxTOPNG\ModelsTree\Sound\Creature\Cthun,10,0,0,0,0,0,0,0,0,0,0,0,0,0,0,0,0,0,10,0,0,0,0,0,0,0
C:\Users\ehsra\Documents\GitHub\WMVxTOPNG\ModelsTree\Sound\Creature\DaliahTheDoomsayer,10,0,0,0,0,0,0,0,0,0,0,0,0,0,0,0,0,0,10,0,0,0,0,0,0,0
C:\Users\ehsra\Documents\GitHub\WMVxTOPNG\ModelsTree\Sound\Creature\DarkHound,13,0,0,0,0,0,0,0,0,0,0,0,0,0,0,0,0,0,13,0,0,0,0,0,0,0
C:\Users\ehsra\Documents\GitHub\WMVxTOPNG\ModelsTree\Sound\Creature\DeathKnight,13,0,0,0,0,0,0,0,0,0,0,0,0,0,0,0,0,0,13,0,0,0,0,0,0,0
C:\Users\ehsra\Documents\GitHub\WMVxTOPNG\ModelsTree\Sound\Creature\DeathKnightMount,10,0,0,0,0,0,0,0,0,0,0,0,0,0,0,0,0,0,10,0,0,0,0,0,0,0
C:\Users\ehsra\Documents\GitHub\WMVxTOPNG\ModelsTree\Sound\Creature\Deer,2,0,0,0,0,0,0,0,0,0,0,0,0,0,0,0,0,0,2,0,0,0,0,0,0,0
C:\Users\ehsra\Documents\GitHub\WMVxTOPNG\ModelsTree\Sound\Creature\DemonForm,22,0,0,0,0,0,0,0,0,0,0,0,0,0,0,0,0,0,22,0,0,0,0,0,0,0
C:\Users\ehsra\Documents\GitHub\WMVxTOPNG\ModelsTree\Sound\Creature\DemonHunter,13,0,0,0,0,0,0,0,0,0,0,0,0,0,0,0,0,0,13,0,0,0,0,0,0,0
C:\Users\ehsra\Documents\GitHub\WMVxTOPNG\ModelsTree\Sound\Creature\DiabloFunSized,3,0,0,0,0,0,0,0,0,0,0,0,0,0,0,0,0,0,3,0,0,0,0,0,0,0
C:\Users\ehsra\Documents\GitHub\WMVxTOPNG\ModelsTree\Sound\Creature\DoomGuard,11,0,0,0,0,0,0,0,0,0,0,0,0,0,0,0,0,0,11,0,0,0,0,0,0,0
C:\Users\ehsra\Documents\GitHub\WMVxTOPNG\ModelsTree\Sound\Creature\DoomGuardOutland,14,0,0,0,0,0,0,0,0,0,0,0,0,0,0,0,0,0,14,0,0,0,0,0,0,0
C:\Users\ehsra\Documents\GitHub\WMVxTOPNG\ModelsTree\Sound\Creature\DoomLordKazzak,9,0,0,0,0,0,0,0,0,0,0,0,0,0,0,0,0,0,9,0,0,0,0,0,0,0
C:\Users\ehsra\Documents\GitHub\WMVxTOPNG\ModelsTree\Sound\Creature\Doomwalker,9,0,0,0,0,0,0,0,0,0,0,0,0,0,0,0,0,0,9,0,0,0,0,0,0,0
C:\Users\ehsra\Documents\GitHub\WMVxTOPNG\ModelsTree\Sound\Creature\DragonFootSoldier,10,0,0,0,0,0,0,0,0,0,0,0,0,0,0,0,0,0,10,0,0,0,0,0,0,0
C:\Users\ehsra\Documents\GitHub\WMVxTOPNG\ModelsTree\Sound\Creature\DragonHawk,11,0,0,0,0,0,0,0,0,0,0,0,0,0,0,0,0,0,11,0,0,0,0,0,0,0
C:\Users\ehsra\Documents\GitHub\WMVxTOPNG\ModelsTree\Sound\Creature\DragonKite,1,0,0,0,0,0,0,0,0,0,0,0,0,0,0,0,0,0,1,0,0,0,0,0,0,0
C:\Users\ehsra\Documents\GitHub\WMVxTOPNG\ModelsTree\Sound\Creature\Dragons,16,0,0,0,0,0,0,0,0,0,0,0,0,0,0,0,0,0,16,0,0,0,0,0,0,0
C:\Users\ehsra\Documents\GitHub\WMVxTOPNG\ModelsTree\Sound\Creature\DragonSpawn,12,0,0,0,0,0,0,0,0,0,0,0,0,0,0,0,0,0,12,0,0,0,0,0,0,0
C:\Users\ehsra\Documents\GitHub\WMVxTOPNG\ModelsTree\Sound\Creature\DragonWhelp,21,0,0,0,0,0,0,0,0,0,0,0,0,0,0,0,0,0,21,0,0,0,0,0,0,0
C:\Users\ehsra\Documents\GitHub\WMVxTOPNG\ModelsTree\Sound\Creature\Drake,10,0,0,0,0,0,0,0,0,0,0,0,0,0,0,0,0,0,10,0,0,0,0,0,0,0
C:\Users\ehsra\Documents\GitHub\WMVxTOPNG\ModelsTree\Sound\Creature\Drakeadon,12,0,0,0,0,0,0,0,0,0,0,0,0,0,0,0,0,0,12,0,0,0,0,0,0,0
C:\Users\ehsra\Documents\GitHub\WMVxTOPNG\ModelsTree\Sound\Creature\drakemount,3,0,0,0,0,0,0,0,0,0,0,0,0,0,0,0,0,0,3,0,0,0,0,0,0,0
C:\Users\ehsra\Documents\GitHub\WMVxTOPNG\ModelsTree\Sound\Creature\DreadLord,11,0,0,0,0,0,0,0,0,0,0,0,0,0,0,0,0,0,11,0,0,0,0,0,0,0
C:\Users\ehsra\Documents\GitHub\WMVxTOPNG\ModelsTree\Sound\Creature\Dryad,10,0,0,0,0,0,0,0,0,0,0,0,0,0,0,0,0,0,10,0,0,0,0,0,0,0
C:\Users\ehsra\Documents\GitHub\WMVxTOPNG\ModelsTree\Sound\Creature\Elekk,12,0,0,0,0,0,0,0,0,0,0,0,0,0,0,0,0,0,12,0,0,0,0,0,0,0
C:\Users\ehsra\Documents\GitHub\WMVxTOPNG\ModelsTree\Sound\Creature\ElekkPet,4,0,0,0,0,0,0,0,0,0,0,0,0,0,0,0,0,0,4,0,0,0,0,0,0,0
C:\Users\ehsra\Documents\GitHub\WMVxTOPNG\ModelsTree\Sound\Creature\ElementalAir,11,0,0,0,0,0,0,0,0,0,0,0,0,0,0,0,0,0,11,0,0,0,0,0,0,0
C:\Users\ehsra\Documents\GitHub\WMVxTOPNG\ModelsTree\Sound\Creature\ElementalEarth,9,0,0,0,0,0,0,0,0,0,0,0,0,0,0,0,0,0,9,0,0,0,0,0,0,0
C:\Users\ehsra\Documents\GitHub\WMVxTOPNG\ModelsTree\Sound\Creature\ElementalFire,12,0,0,0,0,0,0,0,0,0,0,0,0,0,0,0,0,0,12,0,0,0,0,0,0,0
C:\Users\ehsra\Documents\GitHub\WMVxTOPNG\ModelsTree\Sound\Creature\Ent,13,0,0,0,0,0,0,0,0,0,0,0,0,0,0,0,0,0,13,0,0,0,0,0,0,0
C:\Users\ehsra\Documents\GitHub\WMVxTOPNG\ModelsTree\Sound\Creature\Eredar,13,0,0,0,0,0,0,0,0,0,0,0,0,0,0,0,0,0,13,0,0,0,0,0,0,0
C:\Users\ehsra\Documents\GitHub\WMVxTOPNG\ModelsTree\Sound\Creature\EssenceOfAnger,9,0,0,0,0,0,0,0,0,0,0,0,0,0,0,0,0,0,9,0,0,0,0,0,0,0
C:\Users\ehsra\Documents\GitHub\WMVxTOPNG\ModelsTree\Sound\Creature\Etherial,11,0,0,0,0,0,0,0,0,0,0,0,0,0,0,0,0,0,11,0,0,0,0,0,0,0
C:\Users\ehsra\Documents\GitHub\WMVxTOPNG\ModelsTree\Sound\Creature\FacelessOne,23,0,0,0,0,0,0,0,0,0,0,0,0,0,0,0,0,0,23,0,0,0,0,0,0,0
C:\Users\ehsra\Documents\GitHub\WMVxTOPNG\ModelsTree\Sound\Creature\FaerieDragon,10,0,0,0,0,0,0,0,0,0,0,0,0,0,0,0,0,0,10,0,0,0,0,0,0,0
C:\Users\ehsra\Documents\GitHub\WMVxTOPNG\ModelsTree\Sound\Creature\FathomLordKarathress,13,0,0,0,0,0,0,0,0,0,0,0,0,0,0,0,0,0,13,0,0,0,0,0,0,0
C:\Users\ehsra\Documents\GitHub\WMVxTOPNG\ModelsTree\Sound\Creature\FelBat,10,0,0,0,0,0,0,0,0,0,0,0,0,0,0,0,0,0,10,0,0,0,0,0,0,0
C:\Users\ehsra\Documents\GitHub\WMVxTOPNG\ModelsTree\Sound\Creature\FelBeast,10,0,0,0,0,0,0,0,0,0,0,0,0,0,0,0,0,0,10,0,0,0,0,0,0,0
C:\Users\ehsra\Documents\GitHub\WMVxTOPNG\ModelsTree\Sound\Creature\FelBoar,14,0,0,0,0,0,0,0,0,0,0,0,0,0,0,0,0,0,14,0,0,0,0,0,0,0
C:\Users\ehsra\Documents\GitHub\WMVxTOPNG\ModelsTree\Sound\Creature\FelElfCasterFemale,16,0,0,0,0,0,0,0,0,0,0,0,0,0,0,0,0,0,16,0,0,0,0,0,0,0
C:\Users\ehsra\Documents\GitHub\WMVxTOPNG\ModelsTree\Sound\Creature\FelElfCasterMale,20,0,0,0,0,0,0,0,0,0,0,0,0,0,0,0,0,0,20,0,0,0,0,0,0,0
C:\Users\ehsra\Documents\GitHub\WMVxTOPNG\ModelsTree\Sound\Creature\FelElfHunterFemale,18,0,0,0,0,0,0,0,0,0,0,0,0,0,0,0,0,0,18,0,0,0,0,0,0,0
C:\Users\ehsra\Documents\GitHub\WMVxTOPNG\ModelsTree\Sound\Creature\FelElfWarrirorMale,18,0,0,0,0,0,0,0,0,0,0,0,0,0,0,0,0,0,18,0,0,0,0,0,0,0
C:\Users\ehsra\Documents\GitHub\WMVxTOPNG\ModelsTree\Sound\Creature\FelGolem,12,0,0,0,0,0,0,0,0,0,0,0,0,0,0,0,0,0,12,0,0,0,0,0,0,0
C:\Users\ehsra\Documents\GitHub\WMVxTOPNG\ModelsTree\Sound\Creature\FelHound,11,0,0,0,0,0,0,0,0,0,0,0,0,0,0,0,0,0,11,0,0,0,0,0,0,0
C:\Users\ehsra\Documents\GitHub\WMVxTOPNG\ModelsTree\Sound\Creature\FelOrc,20,0,0,0,0,0,0,0,0,0,0,0,0,0,0,0,0,0,20,0,0,0,0,0,0,0
C:\Users\ehsra\Documents\GitHub\WMVxTOPNG\ModelsTree\Sound\Creature\FelReaver,14,0,0,0,0,0,0,0,0,0,0,0,0,0,0,0,0,0,14,0,0,0,0,0,0,0
C:\Users\ehsra\Documents\GitHub\WMVxTOPNG\ModelsTree\Sound\Creature\FemaleTitan,13,0,0,0,0,0,0,0,0,0,0,0,0,0,0,0,0,0,13,0,0,0,0,0,0,0
C:\Users\ehsra\Documents\GitHub\WMVxTOPNG\ModelsTree\Sound\Creature\FireFly,13,0,0,0,0,0,0,0,0,0,0,0,0,0,0,0,0,0,13,0,0,0,0,0,0,0
C:\Users\ehsra\Documents\GitHub\WMVxTOPNG\ModelsTree\Sound\Creature\flaminghippogryphmount,3,0,0,0,0,0,0,0,0,0,0,0,0,0,0,0,0,0,3,0,0,0,0,0,0,0
C:\Users\ehsra\Documents\GitHub\WMVxTOPNG\ModelsTree\Sound\Creature\FleshBeast,13,0,0,0,0,0,0,0,0,0,0,0,0,0,0,0,0,0,13,0,0,0,0,0,0,0
C:\Users\ehsra\Documents\GitHub\WMVxTOPNG\ModelsTree\Sound\Creature\FleshGiant,10,0,0,0,0,0,0,0,0,0,0,0,0,0,0,0,0,0,10,0,0,0,0,0,0,0
C:\Users\ehsra\Documents\GitHub\WMVxTOPNG\ModelsTree\Sound\Creature\FleshGolem,14,0,0,0,0,0,0,0,0,0,0,0,0,0,0,0,0,0,14,0,0,0,0,0,0,0
C:\Users\ehsra\Documents\GitHub\WMVxTOPNG\ModelsTree\Sound\Creature\FleshTitan,10,0,0,0,0,0,0,0,0,0,0,0,0,0,0,0,0,0,10,0,0,0,0,0,0,0
C:\Users\ehsra\Documents\GitHub\WMVxTOPNG\ModelsTree\Sound\Creature\flyingcarpetmount,16,0,0,0,0,0,0,0,0,0,0,0,0,0,0,0,0,0,16,0,0,0,0,0,0,0
C:\Users\ehsra\Documents\GitHub\WMVxTOPNG\ModelsTree\Sound\Creature\FlyingNerubian,13,0,0,0,0,0,0,0,0,0,0,0,0,0,0,0,0,0,13,0,0,0,0,0,0,0
C:\Users\ehsra\Documents\GitHub\WMVxTOPNG\ModelsTree\Sound\Creature\FlyingReindeer,1,0,0,0,0,0,0,0,0,0,0,0,0,0,0,0,0,0,1,0,0,0,0,0,0,0
C:\Users\ehsra\Documents\GitHub\WMVxTOPNG\ModelsTree\Sound\Creature\ForceofNature,10,0,0,0,0,0,0,0,0,0,0,0,0,0,0,0,0,0,10,0,0,0,0,0,0,0
C:\Users\ehsra\Documents\GitHub\WMVxTOPNG\ModelsTree\Sound\Creature\ForestTrollMale,19,0,0,0,0,0,0,0,0,0,0,0,0,0,0,0,0,0,19,0,0,0,0,0,0,0
C:\Users\ehsra\Documents\GitHub\WMVxTOPNG\ModelsTree\Sound\Creature\Frenzy,8,0,0,0,0,0,0,0,0,0,0,0,0,0,0,0,0,0,8,0,0,0,0,0,0,0
C:\Users\ehsra\Documents\GitHub\WMVxTOPNG\ModelsTree\Sound\Creature\Frog,5,0,0,0,0,0,0,0,0,0,0,0,0,0,0,0,0,0,5,0,0,0,0,0,0,0
C:\Users\ehsra\Documents\GitHub\WMVxTOPNG\ModelsTree\Sound\Creature\FrostLord,19,0,0,0,0,0,0,0,0,0,0,0,0,0,0,0,0,0,19,0,0,0,0,0,0,0
C:\Users\ehsra\Documents\GitHub\WMVxTOPNG\ModelsTree\Sound\Creature\FrostNymph,17,0,0,0,0,0,0,0,0,0,0,0,0,0,0,0,0,0,17,0,0,0,0,0,0,0
C:\Users\ehsra\Documents\GitHub\WMVxTOPNG\ModelsTree\Sound\Creature\FrostWurmFelFire,12,0,0,0,0,0,0,0,0,0,0,0,0,0,0,0,0,0,12,0,0,0,0,0,0,0
C:\Users\ehsra\Documents\GitHub\WMVxTOPNG\ModelsTree\Sound\Creature\FrostWyrm,11,0,0,0,0,0,0,0,0,0,0,0,0,0,0,0,0,0,11,0,0,0,0,0,0,0
C:\Users\ehsra\Documents\GitHub\WMVxTOPNG\ModelsTree\Sound\Creature\FrostWyrmPet,3,0,0,0,0,0,0,0,0,0,0,0,0,0,0,0,0,0,3,0,0,0,0,0,0,0
C:\Users\ehsra\Documents\GitHub\WMVxTOPNG\ModelsTree\Sound\Creature\FuelRobot,7,0,0,0,0,0,0,0,0,0,0,0,0,0,0,0,0,0,7,0,0,0,0,0,0,0
C:\Users\ehsra\Documents\GitHub\WMVxTOPNG\ModelsTree\Sound\Creature\FungalGiant,13,0,0,0,0,0,0,0,0,0,0,0,0,0,0,0,0,0,13,0,0,0,0,0,0,0
C:\Users\ehsra\Documents\GitHub\WMVxTOPNG\ModelsTree\Sound\Creature\Furbolg,12,0,0,0,0,0,0,0,0,0,0,0,0,0,0,0,0,0,12,0,0,0,0,0,0,0
C:\Users\ehsra\Documents\GitHub\WMVxTOPNG\ModelsTree\Sound\Creature\GatewatcherGyroKill,7,0,0,0,0,0,0,0,0,0,0,0,0,0,0,0,0,0,7,0,0,0,0,0,0,0
C:\Users\ehsra\Documents\GitHub\WMVxTOPNG\ModelsTree\Sound\Creature\GatewatcherIronHand,8,0,0,0,0,0,0,0,0,0,0,0,0,0,0,0,0,0,8,0,0,0,0,0,0,0
C:\Users\ehsra\Documents\GitHub\WMVxTOPNG\ModelsTree\Sound\Creature\GathiosTheShatterer,18,0,0,0,0,0,0,0,0,0,0,0,0,0,0,0,0,0,18,0,0,0,0,0,0,0
C:\Users\ehsra\Documents\GitHub\WMVxTOPNG\ModelsTree\Sound\Creature\Ghost,10,0,0,0,0,0,0,0,0,0,0,0,0,0,0,0,0,0,10,0,0,0,0,0,0,0
C:\Users\ehsra\Documents\GitHub\WMVxTOPNG\ModelsTree\Sound\Creature\GhostlySkullPet,4,0,0,0,0,0,0,0,0,0,0,0,0,0,0,0,0,0,4,0,0,0,0,0,0,0
C:\Users\ehsra\Documents\GitHub\WMVxTOPNG\ModelsTree\Sound\Creature\Ghoul,18,0,0,0,0,0,0,0,0,0,0,0,0,0,0,0,0,0,18,0,0,0,0,0,0,0
C:\Users\ehsra\Documents\GitHub\WMVxTOPNG\ModelsTree\Sound\Creature\GiantSpider,9,0,0,0,0,0,0,0,0,0,0,0,0,0,0,0,0,0,9,0,0,0,0,0,0,0
C:\Users\ehsra\Documents\GitHub\WMVxTOPNG\ModelsTree\Sound\Creature\Giraffe,10,0,0,0,0,0,0,0,0,0,0,0,0,0,0,0,0,0,10,0,0,0,0,0,0,0
C:\Users\ehsra\Documents\GitHub\WMVxTOPNG\ModelsTree\Sound\Creature\Gnoll,20,0,0,0,0,0,0,0,0,0,0,0,0,0,0,0,0,0,20,0,0,0,0,0,0,0
C:\Users\ehsra\Documents\GitHub\WMVxTOPNG\ModelsTree\Sound\Creature\Gnome,10,0,0,0,0,0,0,0,0,0,0,0,0,0,0,0,0,0,10,0,0,0,0,0,0,0
C:\Users\ehsra\Documents\GitHub\WMVxTOPNG\ModelsTree\Sound\Creature\GnomePounder,11,0,0,0,0,0,0,0,0,0,0,0,0,0,0,0,0,0,11,0,0,0,0,0,0,0
C:\Users\ehsra\Documents\GitHub\WMVxTOPNG\ModelsTree\Sound\Creature\GnomeSpiderTank,19,0,0,0,0,0,0,0,0,0,0,0,0,0,0,0,0,0,19,0,0,0,0,0,0,0
C:\Users\ehsra\Documents\GitHub\WMVxTOPNG\ModelsTree\Sound\Creature\GnomeSpiderTank02,6,0,0,0,0,0,0,0,0,0,0,0,0,0,0,0,0,0,6,0,0,0,0,0,0,0
C:\Users\ehsra\Documents\GitHub\WMVxTOPNG\ModelsTree\Sound\Creature\Goblin,11,0,0,0,0,0,0,0,0,0,0,0,0,0,0,0,0,0,11,0,0,0,0,0,0,0
C:\Users\ehsra\Documents\GitHub\WMVxTOPNG\ModelsTree\Sound\Creature\GoblinShredder,11,0,0,0,0,0,0,0,0,0,0,0,0,0,0,0,0,0,11,0,0,0,0,0,0,0
C:\Users\ehsra\Documents\GitHub\WMVxTOPNG\ModelsTree\Sound\Creature\Goblin_Cannon,2,0,0,0,0,0,0,0,0,0,0,0,0,0,0,0,0,0,2,0,0,0,0,0,0,0
C:\Users\ehsra\Documents\GitHub\WMVxTOPNG\ModelsTree\Sound\Creature\GolemIron,15,0,0,0,0,0,0,0,0,0,0,0,0,0,0,0,0,0,15,0,0,0,0,0,0,0
C:\Users\ehsra\Documents\GitHub\WMVxTOPNG\ModelsTree\Sound\Creature\Golem_Stone,13,0,0,0,0,0,0,0,0,0,0,0,0,0,0,0,0,0,13,0,0,0,0,0,0,0
C:\Users\ehsra\Documents\GitHub\WMVxTOPNG\ModelsTree\Sound\Creature\Gorilla,12,0,0,0,0,0,0,0,0,0,0,0,0,0,0,0,0,0,12,0,0,0,0,0,0,0
C:\Users\ehsra\Documents\GitHub\WMVxTOPNG\ModelsTree\Sound\Creature\GrandAstromancerCapernian,18,0,0,0,0,0,0,0,0,0,0,0,0,0,0,0,0,0,18,0,0,0,0,0,0,0
C:\Users\ehsra\Documents\GitHub\WMVxTOPNG\ModelsTree\Sound\Creature\Grell,9,0,0,0,0,0,0,0,0,0,0,0,0,0,0,0,0,0,9,0,0,0,0,0,0,0
C:\Users\ehsra\Documents\GitHub\WMVxTOPNG\ModelsTree\Sound\Creature\Gronn,11,0,0,0,0,0,0,0,0,0,0,0,0,0,0,0,0,0,11,0,0,0,0,0,0,0
C:\Users\ehsra\Documents\GitHub\WMVxTOPNG\ModelsTree\Sound\Creature\GroundFlower,2,0,0,0,0,0,0,0,0,0,0,0,0,0,0,0,0,0,2,0,0,0,0,0,0,0
C:\Users\ehsra\Documents\GitHub\WMVxTOPNG\ModelsTree\Sound\Creature\GruulTheDragonkiller,13,0,0,0,0,0,0,0,0,0,0,0,0,0,0,0,0,0,13,0,0,0,0,0,0,0
C:\Users\ehsra\Documents\GitHub\WMVxTOPNG\ModelsTree\Sound\Creature\Gryphon,11,0,0,0,0,0,0,0,0,0,0,0,0,0,0,0,0,0,11,0,0,0,0,0,0,0
C:\Users\ehsra\Documents\GitHub\WMVxTOPNG\ModelsTree\Sound\Creature\GryphonPet,3,0,0,0,0,0,0,0,0,0,0,0,0,0,0,0,0,0,3,0,0,0,0,0,0,0
C:\Users\ehsra\Documents\GitHub\WMVxTOPNG\ModelsTree\Sound\Creature\Gryphon_Ghost,10,0,0,0,0,0,0,0,0,0,0,0,0,0,0,0,0,0,10,0,0,0,0,0,0,0
C:\Users\ehsra\Documents\GitHub\WMVxTOPNG\ModelsTree\Sound\Creature\Gryphon_Skeletal,9,0,0,0,0,0,0,0,0,0,0,0,0,0,0,0,0,0,9,0,0,0,0,0,0,0
C:\Users\ehsra\Documents\GitHub\WMVxTOPNG\ModelsTree\Sound\Creature\Gyrocopter,20,0,0,0,0,0,0,0,0,0,0,0,0,0,0,0,0,0,20,0,0,0,0,0,0,0
C:\Users\ehsra\Documents\GitHub\WMVxTOPNG\ModelsTree\Sound\Creature\GyroPets,1,0,0,0,0,0,0,0,0,0,0,0,0,0,0,0,0,0,1,0,0,0,0,0,0,0
C:\Users\ehsra\Documents\GitHub\WMVxTOPNG\ModelsTree\Sound\Creature\Hakkar,8,0,0,0,0,0,0,0,0,0,0,0,0,0,0,0,0,0,8,0,0,0,0,0,0,0
C:\Users\ehsra\Documents\GitHub\WMVxTOPNG\ModelsTree\Sound\Creature\HalazziExertions,20,0,0,0,0,0,0,0,0,0,0,0,0,0,0,0,0,0,20,0,0,0,0,0,0,0
C:\Users\ehsra\Documents\GitHub\WMVxTOPNG\ModelsTree\Sound\Creature\HarbingerSkyriss,11,0,0,0,0,0,0,0,0,0,0,0,0,0,0,0,0,0,11,0,0,0,0,0,0,0
C:\Users\ehsra\Documents\GitHub\WMVxTOPNG\ModelsTree\Sound\Creature\Harkoa,11,0,0,0,0,0,0,0,0,0,0,0,0,0,0,0,0,0,11,0,0,0,0,0,0,0
C:\Users\ehsra\Documents\GitHub\WMVxTOPNG\ModelsTree\Sound\Creature\Harpy,10,0,0,0,0,0,0,0,0,0,0,0,0,0,0,0,0,0,10,0,0,0,0,0,0,0
C:\Users\ehsra\Documents\GitHub\WMVxTOPNG\ModelsTree\Sound\Creature\HarvestGolem,18,0,0,0,0,0,0,0,0,0,0,0,0,0,0,0,0,0,18,0,0,0,0,0,0,0
C:\Users\ehsra\Documents\GitHub\WMVxTOPNG\ModelsTree\Sound\Creature\HighAstromancerSolarian,16,0,0,0,0,0,0,0,0,0,0,0,0,0,0,0,0,0,16,0,0,0,0,0,0,0
C:\Users\ehsra\Documents\GitHub\WMVxTOPNG\ModelsTree\Sound\Creature\HighBontanistFreywinn,11,0,0,0,0,0,0,0,0,0,0,0,0,0,0,0,0,0,11,0,0,0,0,0,0,0
C:\Users\ehsra\Documents\GitHub\WMVxTOPNG\ModelsTree\Sound\Creature\HighKingMaulgar,13,0,0,0,0,0,0,0,0,0,0,0,0,0,0,0,0,0,13,0,0,0,0,0,0,0
C:\Users\ehsra\Documents\GitHub\WMVxTOPNG\ModelsTree\Sound\Creature\HighNethermancerZerevor,17,0,0,0,0,0,0,0,0,0,0,0,0,0,0,0,0,0,17,0,0,0,0,0,0,0
C:\Users\ehsra\Documents\GitHub\WMVxTOPNG\ModelsTree\Sound\Creature\HighWarlordNajentus,10,0,0,0,0,0,0,0,0,0,0,0,0,0,0,0,0,0,10,0,0,0,0,0,0,0
C:\Users\ehsra\Documents\GitHub\WMVxTOPNG\ModelsTree\Sound\Creature\Hippogryph,11,0,0,0,0,0,0,0,0,0,0,0,0,0,0,0,0,0,11,0,0,0,0,0,0,0
C:\Users\ehsra\Documents\GitHub\WMVxTOPNG\ModelsTree\Sound\Creature\Horisath,9,0,0,0,0,0,0,0,0,0,0,0,0,0,0,0,0,0,9,0,0,0,0,0,0,0
C:\Users\ehsra\Documents\GitHub\WMVxTOPNG\ModelsTree\Sound\Creature\Horse,35,0,0,0,0,0,0,0,0,0,0,0,0,0,0,0,0,0,35,0,0,0,0,0,0,0
C:\Users\ehsra\Documents\GitHub\WMVxTOPNG\ModelsTree\Sound\Creature\HorseUndead,10,0,0,0,0,0,0,0,0,0,0,0,0,0,0,0,0,0,10,0,0,0,0,0,0,0
C:\Users\ehsra\Documents\GitHub\WMVxTOPNG\ModelsTree\Sound\Creature\HumanFemaleKid,8,0,0,0,0,0,0,0,0,0,0,0,0,0,0,0,0,0,8,0,0,0,0,0,0,0
C:\Users\ehsra\Documents\GitHub\WMVxTOPNG\ModelsTree\Sound\Creature\HumanMAleKid,9,0,0,0,0,0,0,0,0,0,0,0,0,0,0,0,0,0,9,0,0,0,0,0,0,0
C:\Users\ehsra\Documents\GitHub\WMVxTOPNG\ModelsTree\Sound\Creature\Hydra,14,0,0,0,0,0,0,0,0,0,0,0,0,0,0,0,0,0,14,0,0,0,0,0,0,0
C:\Users\ehsra\Documents\GitHub\WMVxTOPNG\ModelsTree\Sound\Creature\HydraBossAggro,1,0,0,0,0,0,0,0,0,0,0,0,0,0,0,0,0,0,1,0,0,0,0,0,0,0
C:\Users\ehsra\Documents\GitHub\WMVxTOPNG\ModelsTree\Sound\Creature\HydrossTheUnstable_Clean,14,0,0,0,0,0,0,0,0,0,0,0,0,0,0,0,0,0,14,0,0,0,0,0,0,0
C:\Users\ehsra\Documents\GitHub\WMVxTOPNG\ModelsTree\Sound\Creature\HydrossTheUnstable_Corrupt,12,0,0,0,0,0,0,0,0,0,0,0,0,0,0,0,0,0,12,0,0,0,0,0,0,0
C:\Users\ehsra\Documents\GitHub\WMVxTOPNG\ModelsTree\Sound\Creature\Hyena,9,0,0,0,0,0,0,0,0,0,0,0,0,0,0,0,0,0,9,0,0,0,0,0,0,0
C:\Users\ehsra\Documents\GitHub\WMVxTOPNG\ModelsTree\Sound\Creature\Illidan,29,0,0,0,0,0,0,0,0,0,0,0,0,0,0,0,0,0,29,0,0,0,0,0,0,0
C:\Users\ehsra\Documents\GitHub\WMVxTOPNG\ModelsTree\Sound\Creature\Infernal,9,0,0,0,0,0,0,0,0,0,0,0,0,0,0,0,0,0,9,0,0,0,0,0,0,0
C:\Users\ehsra\Documents\GitHub\WMVxTOPNG\ModelsTree\Sound\Creature\IronDwarf,27,0,0,0,0,0,0,0,0,0,0,0,0,0,0,0,0,0,27,0,0,0,0,0,0,0
C:\Users\ehsra\Documents\GitHub\WMVxTOPNG\ModelsTree\Sound\Creature\IronVrykulMale,15,0,0,0,0,0,0,0,0,0,0,0,0,0,0,0,0,0,15,0,0,0,0,0,0,0
C:\Users\ehsra\Documents\GitHub\WMVxTOPNG\ModelsTree\Sound\Creature\JainaProudmoore,11,0,0,0,0,0,0,0,0,0,0,0,0,0,0,0,0,0,11,0,0,0,0,0,0,0
C:\Users\ehsra\Documents\GitHub\WMVxTOPNG\ModelsTree\Sound\Creature\JanAlaiExertions,16,0,0,0,0,0,0,0,0,0,0,0,0,0,0,0,0,0,16,0,0,0,0,0,0,0
C:\Users\ehsra\Documents\GitHub\WMVxTOPNG\ModelsTree\Sound\Creature\JormungarLarva,12,0,0,0,0,0,0,0,0,0,0,0,0,0,0,0,0,0,12,0,0,0,0,0,0,0
C:\Users\ehsra\Documents\GitHub\WMVxTOPNG\ModelsTree\Sound\Creature\KazRogal,12,0,0,0,0,0,0,0,0,0,0,0,0,0,0,0,0,0,12,0,0,0,0,0,0,0
C:\Users\ehsra\Documents\GitHub\WMVxTOPNG\ModelsTree\Sound\Creature\KeeperOfTheGrove,10,0,0,0,0,0,0,0,0,0,0,0,0,0,0,0,0,0,10,0,0,0,0,0,0,0
C:\Users\ehsra\Documents\GitHub\WMVxTOPNG\ModelsTree\Sound\Creature\Kelthuzad,10,0,0,0,0,0,0,0,0,0,0,0,0,0,0,0,0,0,10,0,0,0,0,0,0,0
C:\Users\ehsra\Documents\GitHub\WMVxTOPNG\ModelsTree\Sound\Creature\KilJaeden,18,0,0,0,0,0,0,0,0,0,0,0,0,0,0,0,0,0,18,0,0,0,0,0,0,0
C:\Users\ehsra\Documents\GitHub\WMVxTOPNG\ModelsTree\Sound\Creature\Kobold,12,0,0,0,0,0,0,0,0,0,0,0,0,0,0,0,0,0,12,0,0,0,0,0,0,0
C:\Users\ehsra\Documents\GitHub\WMVxTOPNG\ModelsTree\Sound\Creature\KodoBeast,10,0,0,0,0,0,0,0,0,0,0,0,0,0,0,0,0,0,10,0,0,0,0,0,0,0
C:\Users\ehsra\Documents\GitHub\WMVxTOPNG\ModelsTree\Sound\Creature\Kologarn,2,0,0,0,0,0,0,0,0,0,0,0,0,0,0,0,0,0,2,0,0,0,0,0,0,0
C:\Users\ehsra\Documents\GitHub\WMVxTOPNG\ModelsTree\Sound\Creature\Krakken,11,0,0,0,0,0,0,0,0,0,0,0,0,0,0,0,0,0,11,0,0,0,0,0,0,0
C:\Users\ehsra\Documents\GitHub\WMVxTOPNG\ModelsTree\Sound\Creature\KyleTheDog,3,0,0,0,0,0,0,0,0,0,0,0,0,0,0,0,0,0,3,0,0,0,0,0,0,0
C:\Users\ehsra\Documents\GitHub\WMVxTOPNG\ModelsTree\Sound\Creature\LadyMalande,11,0,0,0,0,0,0,0,0,0,0,0,0,0,0,0,0,0,11,0,0,0,0,0,0,0
C:\Users\ehsra\Documents\GitHub\WMVxTOPNG\ModelsTree\Sound\Creature\LadyVashj,15,0,0,0,0,0,0,0,0,0,0,0,0,0,0,0,0,0,15,0,0,0,0,0,0,0
C:\Users\ehsra\Documents\GitHub\WMVxTOPNG\ModelsTree\Sound\Creature\Larva,10,0,0,0,0,0,0,0,0,0,0,0,0,0,0,0,0,0,10,0,0,0,0,0,0,0
C:\Users\ehsra\Documents\GitHub\WMVxTOPNG\ModelsTree\Sound\Creature\Lasher,15,0,0,0,0,0,0,0,0,0,0,0,0,0,0,0,0,0,15,0,0,0,0,0,0,0
C:\Users\ehsra\Documents\GitHub\WMVxTOPNG\ModelsTree\Sound\Creature\Leotheras_Demon,9,0,0,0,0,0,0,0,0,0,0,0,0,0,0,0,0,0,9,0,0,0,0,0,0,0
C:\Users\ehsra\Documents\GitHub\WMVxTOPNG\ModelsTree\Sound\Creature\Leotheras_NightElf,13,0,0,0,0,0,0,0,0,0,0,0,0,0,0,0,0,0,13,0,0,0,0,0,0,0
C:\Users\ehsra\Documents\GitHub\WMVxTOPNG\ModelsTree\Sound\Creature\LesserManaFiend,10,0,0,0,0,0,0,0,0,0,0,0,0,0,0,0,0,0,10,0,0,0,0,0,0,0
C:\Users\ehsra\Documents\GitHub\WMVxTOPNG\ModelsTree\Sound\Creature\Lich,11,0,0,0,0,0,0,0,0,0,0,0,0,0,0,0,0,0,11,0,0,0,0,0,0,0
C:\Users\ehsra\Documents\GitHub\WMVxTOPNG\ModelsTree\Sound\Creature\LifebinderGift_Death,2,0,0,0,0,0,0,0,0,0,0,0,0,0,0,0,0,0,2,0,0,0,0,0,0,0
C:\Users\ehsra\Documents\GitHub\WMVxTOPNG\ModelsTree\Sound\Creature\LionSeal,9,0,0,0,0,0,0,0,0,0,0,0,0,0,0,0,0,0,9,0,0,0,0,0,0,0
C:\Users\ehsra\Documents\GitHub\WMVxTOPNG\ModelsTree\Sound\Creature\Lobstrok,10,0,0,0,0,0,0,0,0,0,0,0,0,0,0,0,0,0,10,0,0,0,0,0,0,0
C:\Users\ehsra\Documents\GitHub\WMVxTOPNG\ModelsTree\Sound\Creature\LordSanguinar,13,0,0,0,0,0,0,0,0,0,0,0,0,0,0,0,0,0,13,0,0,0,0,0,0,0
C:\Users\ehsra\Documents\GitHub\WMVxTOPNG\ModelsTree\Sound\Creature\LostOne,10,0,0,0,0,0,0,0,0,0,0,0,0,0,0,0,0,0,10,0,0,0,0,0,0,0
C:\Users\ehsra\Documents\GitHub\WMVxTOPNG\ModelsTree\Sound\Creature\MadScientist,9,0,0,0,0,0,0,0,0,0,0,0,0,0,0,0,0,0,9,0,0,0,0,0,0,0
C:\Users\ehsra\Documents\GitHub\WMVxTOPNG\ModelsTree\Sound\Creature\MageHunter,10,0,0,0,0,0,0,0,0,0,0,0,0,0,0,0,0,0,10,0,0,0,0,0,0,0
C:\Users\ehsra\Documents\GitHub\WMVxTOPNG\ModelsTree\Sound\Creature\Magnataur,15,0,0,0,0,0,0,0,0,0,0,0,0,0,0,0,0,0,15,0,0,0,0,0,0,0
C:\Users\ehsra\Documents\GitHub\WMVxTOPNG\ModelsTree\Sound\Creature\Mammoth,11,0,0,0,0,0,0,0,0,0,0,0,0,0,0,0,0,0,11,0,0,0,0,0,0,0
C:\Users\ehsra\Documents\GitHub\WMVxTOPNG\ModelsTree\Sound\Creature\MarineBabyMurloc,15,0,0,0,0,0,0,0,0,0,0,0,0,0,0,0,0,0,15,0,0,0,0,0,0,0
C:\Users\ehsra\Documents\GitHub\WMVxTOPNG\ModelsTree\Sound\Creature\MasterEngineerTelonicus,12,0,0,0,0,0,0,0,0,0,0,0,0,0,0,0,0,0,12,0,0,0,0,0,0,0
C:\Users\ehsra\Documents\GitHub\WMVxTOPNG\ModelsTree\Sound\Creature\MechanoLordCapacitus,11,0,0,0,0,0,0,0,0,0,0,0,0,0,0,0,0,0,11,0,0,0,0,0,0,0
C:\Users\ehsra\Documents\GitHub\WMVxTOPNG\ModelsTree\Sound\Creature\MechaStrider,11,0,0,0,0,0,0,0,0,0,0,0,0,0,0,0,0,0,11,0,0,0,0,0,0,0
C:\Users\ehsra\Documents\GitHub\WMVxTOPNG\ModelsTree\Sound\Creature\MillhouseManastorm,6,0,0,0,0,0,0,0,0,0,0,0,0,0,0,0,0,0,6,0,0,0,0,0,0,0
C:\Users\ehsra\Documents\GitHub\WMVxTOPNG\ModelsTree\Sound\Creature\MimironCannon,1,0,0,0,0,0,0,0,0,0,0,0,0,0,0,0,0,0,1,0,0,0,0,0,0,0
C:\Users\ehsra\Documents\GitHub\WMVxTOPNG\ModelsTree\Sound\Creature\MimironHeadMount,4,0,0,0,0,0,0,0,0,0,0,0,0,0,0,0,0,0,4,0,0,0,0,0,0,0
C:\Users\ehsra\Documents\GitHub\WMVxTOPNG\ModelsTree\Sound\Creature\MimironTorso,2,0,0,0,0,0,0,0,0,0,0,0,0,0,0,0,0,0,2,0,0,0,0,0,0,0
C:\Users\ehsra\Documents\GitHub\WMVxTOPNG\ModelsTree\Sound\Creature\Moarg,18,0,0,0,0,0,0,0,0,0,0,0,0,0,0,0,0,0,18,0,0,0,0,0,0,0
C:\Users\ehsra\Documents\GitHub\WMVxTOPNG\ModelsTree\Sound\Creature\MoargMinion,13,0,0,0,0,0,0,0,0,0,0,0,0,0,0,0,0,0,13,0,0,0,0,0,0,0
C:\Users\ehsra\Documents\GitHub\WMVxTOPNG\ModelsTree\Sound\Creature\Mobat,9,0,0,0,0,0,0,0,0,0,0,0,0,0,0,0,0,0,9,0,0,0,0,0,0,0
C:\Users\ehsra\Documents\GitHub\WMVxTOPNG\ModelsTree\Sound\Creature\MobileAlertBot,11,0,0,0,0,0,0,0,0,0,0,0,0,0,0,0,0,0,11,0,0,0,0,0,0,0
C:\Users\ehsra\Documents\GitHub\WMVxTOPNG\ModelsTree\Sound\Creature\MorogrimTidewalker,9,0,0,0,0,0,0,0,0,0,0,0,0,0,0,0,0,0,9,0,0,0,0,0,0,0
C:\Users\ehsra\Documents\GitHub\WMVxTOPNG\ModelsTree\Sound\Creature\MountainGiant,10,0,0,0,0,0,0,0,0,0,0,0,0,0,0,0,0,0,10,0,0,0,0,0,0,0
C:\Users\ehsra\Documents\GitHub\WMVxTOPNG\ModelsTree\Sound\Creature\Murloc,16,0,0,0,0,0,0,0,0,0,0,0,0,0,0,0,0,0,16,0,0,0,0,0,0,0
C:\Users\ehsra\Documents\GitHub\WMVxTOPNG\ModelsTree\Sound\Creature\Murmur,12,0,0,0,0,0,0,0,0,0,0,0,0,0,0,0,0,0,12,0,0,0,0,0,0,0
C:\Users\ehsra\Documents\GitHub\WMVxTOPNG\ModelsTree\Sound\Creature\Naaru,2,0,0,0,0,0,0,0,0,0,0,0,0,0,0,0,0,0,2,0,0,0,0,0,0,0
C:\Users\ehsra\Documents\GitHub\WMVxTOPNG\ModelsTree\Sound\Creature\Naga,14,0,0,0,0,0,0,0,0,0,0,0,0,0,0,0,0,0,14,0,0,0,0,0,0,0
C:\Users\ehsra\Documents\GitHub\WMVxTOPNG\ModelsTree\Sound\Creature\NagaFemale,10,0,0,0,0,0,0,0,0,0,0,0,0,0,0,0,0,0,10,0,0,0,0,0,0,0
C:\Users\ehsra\Documents\GitHub\WMVxTOPNG\ModelsTree\Sound\Creature\NalorakkExertions,20,0,0,0,0,0,0,0,0,0,0,0,0,0,0,0,0,0,20,0,0,0,0,0,0,0
C:\Users\ehsra\Documents\GitHub\WMVxTOPNG\ModelsTree\Sound\Creature\Nerubian,16,0,0,0,0,0,0,0,0,0,0,0,0,0,0,0,0,0,16,0,0,0,0,0,0,0
C:\Users\ehsra\Documents\GitHub\WMVxTOPNG\ModelsTree\Sound\Creature\NetherDragon,13,0,0,0,0,0,0,0,0,0,0,0,0,0,0,0,0,0,13,0,0,0,0,0,0,0
C:\Users\ehsra\Documents\GitHub\WMVxTOPNG\ModelsTree\Sound\Creature\NetherDrake,5,0,0,0,0,0,0,0,0,0,0,0,0,0,0,0,0,0,5,0,0,0,0,0,0,0
C:\Users\ehsra\Documents\GitHub\WMVxTOPNG\ModelsTree\Sound\Creature\NetherDrakeAll,11,0,0,0,0,0,0,0,0,0,0,0,0,0,0,0,0,0,11,0,0,0,0,0,0,0
C:\Users\ehsra\Documents\GitHub\WMVxTOPNG\ModelsTree\Sound\Creature\Nightbane,17,0,0,0,0,0,0,0,0,0,0,0,0,0,0,0,0,0,17,0,0,0,0,0,0,0
C:\Users\ehsra\Documents\GitHub\WMVxTOPNG\ModelsTree\Sound\Creature\NorthrendFleshGiant,39,0,0,0,0,0,0,0,0,0,0,0,0,0,0,0,0,0,39,0,0,0,0,0,0,0
C:\Users\ehsra\Documents\GitHub\WMVxTOPNG\ModelsTree\Sound\Creature\NorthrendGeist,19,0,0,0,0,0,0,0,0,0,0,0,0,0,0,0,0,0,19,0,0,0,0,0,0,0
C:\Users\ehsra\Documents\GitHub\WMVxTOPNG\ModelsTree\Sound\Creature\NorthrendGhoul,34,0,0,0,0,0,0,0,0,0,0,0,0,0,0,0,0,0,34,0,0,0,0,0,0,0
C:\Users\ehsra\Documents\GitHub\WMVxTOPNG\ModelsTree\Sound\Creature\NorthrendGiant,48,0,0,0,0,0,0,0,0,0,0,0,0,0,0,0,0,0,48,0,0,0,0,0,0,0
C:\Users\ehsra\Documents\GitHub\WMVxTOPNG\ModelsTree\Sound\Creature\NorthrendIceGiant,32,0,0,0,0,0,0,0,0,0,0,0,0,0,0,0,0,0,32,0,0,0,0,0,0,0
C:\Users\ehsra\Documents\GitHub\WMVxTOPNG\ModelsTree\Sound\Creature\NorthrendIronGiant,48,0,0,0,0,0,0,0,0,0,0,0,0,0,0,0,0,0,48,0,0,0,0,0,0,0
C:\Users\ehsra\Documents\GitHub\WMVxTOPNG\ModelsTree\Sound\Creature\NorthrendPenguin,2,0,0,0,0,0,0,0,0,0,0,0,0,0,0,0,0,0,2,0,0,0,0,0,0,0
C:\Users\ehsra\Documents\GitHub\WMVxTOPNG\ModelsTree\Sound\Creature\NorthrendStoneGiant,20,0,0,0,0,0,0,0,0,0,0,0,0,0,0,0,0,0,20,0,0,0,0,0,0,0
C:\Users\ehsra\Documents\GitHub\WMVxTOPNG\ModelsTree\Sound\Creature\Ogre,13,0,0,0,0,0,0,0,0,0,0,0,0,0,0,0,0,0,13,0,0,0,0,0,0,0
C:\Users\ehsra\Documents\GitHub\WMVxTOPNG\ModelsTree\Sound\Creature\OgreKing,13,0,0,0,0,0,0,0,0,0,0,0,0,0,0,0,0,0,13,0,0,0,0,0,0,0
C:\Users\ehsra\Documents\GitHub\WMVxTOPNG\ModelsTree\Sound\Creature\OgreMage,14,0,0,0,0,0,0,0,0,0,0,0,0,0,0,0,0,0,14,0,0,0,0,0,0,0
C:\Users\ehsra\Documents\GitHub\WMVxTOPNG\ModelsTree\Sound\Creature\Oracle,21,0,0,0,0,0,0,0,0,0,0,0,0,0,0,0,0,0,21,0,0,0,0,0,0,0
C:\Users\ehsra\Documents\GitHub\WMVxTOPNG\ModelsTree\Sound\Creature\ORca,10,0,0,0,0,0,0,0,0,0,0,0,0,0,0,0,0,0,10,0,0,0,0,0,0,0
C:\Users\ehsra\Documents\GitHub\WMVxTOPNG\ModelsTree\Sound\Creature\OrcFemaleKid,7,0,0,0,0,0,0,0,0,0,0,0,0,0,0,0,0,0,7,0,0,0,0,0,0,0
C:\Users\ehsra\Documents\GitHub\WMVxTOPNG\ModelsTree\Sound\Creature\OrcMaleKid,10,0,0,0,0,0,0,0,0,0,0,0,0,0,0,0,0,0,10,0,0,0,0,0,0,0
C:\Users\ehsra\Documents\GitHub\WMVxTOPNG\ModelsTree\Sound\Creature\OWl,10,0,0,0,0,0,0,0,0,0,0,0,0,0,0,0,0,0,10,0,0,0,0,0,0,0
C:\Users\ehsra\Documents\GitHub\WMVxTOPNG\ModelsTree\Sound\Creature\PandaCub,4,0,0,0,0,0,0,0,0,0,0,0,0,0,0,0,0,0,4,0,0,0,0,0,0,0
C:\Users\ehsra\Documents\GitHub\WMVxTOPNG\ModelsTree\Sound\Creature\PandarenPet,33,0,0,0,0,0,0,0,0,0,0,0,0,0,0,0,0,0,33,0,0,0,0,0,0,0
C:\Users\ehsra\Documents\GitHub\WMVxTOPNG\ModelsTree\Sound\Creature\Parrot,7,0,0,0,0,0,0,0,0,0,0,0,0,0,0,0,0,0,7,0,0,0,0,0,0,0
C:\Users\ehsra\Documents\GitHub\WMVxTOPNG\ModelsTree\Sound\Creature\PathaleonTheCalculator,7,0,0,0,0,0,0,0,0,0,0,0,0,0,0,0,0,0,7,0,0,0,0,0,0,0
C:\Users\ehsra\Documents\GitHub\WMVxTOPNG\ModelsTree\Sound\Creature\PenguinPet,3,0,0,0,0,0,0,0,0,0,0,0,0,0,0,0,0,0,3,0,0,0,0,0,0,0
C:\Users\ehsra\Documents\GitHub\WMVxTOPNG\ModelsTree\Sound\Creature\PetGorilla,3,0,0,0,0,0,0,0,0,0,0,0,0,0,0,0,0,0,3,0,0,0,0,0,0,0
C:\Users\ehsra\Documents\GitHub\WMVxTOPNG\ModelsTree\Sound\Creature\Phoenix,16,0,0,0,0,0,0,0,0,0,0,0,0,0,0,0,0,0,16,0,0,0,0,0,0,0
C:\Users\ehsra\Documents\GitHub\WMVxTOPNG\ModelsTree\Sound\Creature\PhoenixPet,3,0,0,0,0,0,0,0,0,0,0,0,0,0,0,0,0,0,3,0,0,0,0,0,0,0
C:\Users\ehsra\Documents\GitHub\WMVxTOPNG\ModelsTree\Sound\Creature\PitLord,12,0,0,0,0,0,0,0,0,0,0,0,0,0,0,0,0,0,12,0,0,0,0,0,0,0
C:\Users\ehsra\Documents\GitHub\WMVxTOPNG\ModelsTree\Sound\Creature\PolarBearCub,18,0,0,0,0,0,0,0,0,0,0,0,0,0,0,0,0,0,18,0,0,0,0,0,0,0
C:\Users\ehsra\Documents\GitHub\WMVxTOPNG\ModelsTree\Sound\Creature\PrinceKaelThas,10,0,0,0,0,0,0,0,0,0,0,0,0,0,0,0,0,0,10,0,0,0,0,0,0,0
C:\Users\ehsra\Documents\GitHub\WMVxTOPNG\ModelsTree\Sound\Creature\ProtoDragon,13,0,0,0,0,0,0,0,0,0,0,0,0,0,0,0,0,0,13,0,0,0,0,0,0,0
C:\Users\ehsra\Documents\GitHub\WMVxTOPNG\ModelsTree\Sound\Creature\Pterrodax,10,0,0,0,0,0,0,0,0,0,0,0,0,0,0,0,0,0,10,0,0,0,0,0,0,0
C:\Users\ehsra\Documents\GitHub\WMVxTOPNG\ModelsTree\Sound\Creature\PugDog,6,0,0,0,0,0,0,0,0,0,0,0,0,0,0,0,0,0,6,0,0,0,0,0,0,0
C:\Users\ehsra\Documents\GitHub\WMVxTOPNG\ModelsTree\Sound\Creature\PumpkinSoldier,13,0,0,0,0,0,0,0,0,0,0,0,0,0,0,0,0,0,13,0,0,0,0,0,0,0
C:\Users\ehsra\Documents\GitHub\WMVxTOPNG\ModelsTree\Sound\Creature\QuillBoar,11,0,0,0,0,0,0,0,0,0,0,0,0,0,0,0,0,0,11,0,0,0,0,0,0,0
C:\Users\ehsra\Documents\GitHub\WMVxTOPNG\ModelsTree\Sound\Creature\QuirajGladiator,10,0,0,0,0,0,0,0,0,0,0,0,0,0,0,0,0,0,10,0,0,0,0,0,0,0
C:\Users\ehsra\Documents\GitHub\WMVxTOPNG\ModelsTree\Sound\Creature\QuirajProphet,10,0,0,0,0,0,0,0,0,0,0,0,0,0,0,0,0,0,10,0,0,0,0,0,0,0
C:\Users\ehsra\Documents\GitHub\WMVxTOPNG\ModelsTree\Sound\Creature\QurajiProphet,10,0,0,0,0,0,0,0,0,0,0,0,0,0,0,0,0,0,10,0,0,0,0,0,0,0
C:\Users\ehsra\Documents\GitHub\WMVxTOPNG\ModelsTree\Sound\Creature\Rabbit,1,0,0,0,0,0,0,0,0,0,0,0,0,0,0,0,0,0,1,0,0,0,0,0,0,0
C:\Users\ehsra\Documents\GitHub\WMVxTOPNG\ModelsTree\Sound\Creature\RageWinterchill,13,0,0,0,0,0,0,0,0,0,0,0,0,0,0,0,0,0,13,0,0,0,0,0,0,0
C:\Users\ehsra\Documents\GitHub\WMVxTOPNG\ModelsTree\Sound\Creature\Ragnaros,8,0,0,0,0,0,0,0,0,0,0,0,0,0,0,0,0,0,8,0,0,0,0,0,0,0
C:\Users\ehsra\Documents\GitHub\WMVxTOPNG\ModelsTree\Sound\Creature\Ram,10,0,0,0,0,0,0,0,0,0,0,0,0,0,0,0,0,0,10,0,0,0,0,0,0,0
C:\Users\ehsra\Documents\GitHub\WMVxTOPNG\ModelsTree\Sound\Creature\Raptor,9,0,0,0,0,0,0,0,0,0,0,0,0,0,0,0,0,0,9,0,0,0,0,0,0,0
C:\Users\ehsra\Documents\GitHub\WMVxTOPNG\ModelsTree\Sound\Creature\Rat,2,1,0,0,0,0,0,0,0,0,0,0,0,0,0,0,0,0,2,0,0,0,0,0,0,0
C:\Users\ehsra\Documents\GitHub\WMVxTOPNG\ModelsTree\Sound\Creature\Rat\Rat,9,0,0,0,0,0,0,0,0,0,0,0,0,0,0,0,0,0,9,0,0,0,0,0,0,0
C:\Users\ehsra\Documents\GitHub\WMVxTOPNG\ModelsTree\Sound\Creature\Reindeer,1,0,0,0,0,0,0,0,0,0,0,0,0,0,0,0,0,0,1,0,0,0,0,0,0,0
C:\Users\ehsra\Documents\GitHub\WMVxTOPNG\ModelsTree\Sound\Creature\ReinDeerMount,3,0,0,0,0,0,0,0,0,0,0,0,0,0,0,0,0,0,3,0,0,0,0,0,0,0
C:\Users\ehsra\Documents\GitHub\WMVxTOPNG\ModelsTree\Sound\Creature\RevenantAir,23,0,0,0,0,0,0,0,0,0,0,0,0,0,0,0,0,0,23,0,0,0,0,0,0,0
C:\Users\ehsra\Documents\GitHub\WMVxTOPNG\ModelsTree\Sound\Creature\RevenantEarth,24,0,0,0,0,0,0,0,0,0,0,0,0,0,0,0,0,0,24,0,0,0,0,0,0,0
C:\Users\ehsra\Documents\GitHub\WMVxTOPNG\ModelsTree\Sound\Creature\RevenantFire,21,0,0,0,0,0,0,0,0,0,0,0,0,0,0,0,0,0,21,0,0,0,0,0,0,0
C:\Users\ehsra\Documents\GitHub\WMVxTOPNG\ModelsTree\Sound\Creature\RevenantWater,25,0,0,0,0,0,0,0,0,0,0,0,0,0,0,0,0,0,25,0,0,0,0,0,0,0
C:\Users\ehsra\Documents\GitHub\WMVxTOPNG\ModelsTree\Sound\Creature\RidingNetherRay,3,0,0,0,0,0,0,0,0,0,0,0,0,0,0,0,0,0,3,0,0,0,0,0,0,0
C:\Users\ehsra\Documents\GitHub\WMVxTOPNG\ModelsTree\Sound\Creature\RidingTalbuk,5,0,0,0,0,0,0,0,0,0,0,0,0,0,0,0,0,0,5,0,0,0,0,0,0,0
C:\Users\ehsra\Documents\GitHub\WMVxTOPNG\ModelsTree\Sound\Creature\RidingTurtle,1,0,0,0,0,0,0,0,0,0,0,0,0,0,0,0,0,0,1,0,0,0,0,0,0,0
C:\Users\ehsra\Documents\GitHub\WMVxTOPNG\ModelsTree\Sound\Creature\Roach,1,0,0,0,0,0,0,0,0,0,0,0,0,0,0,0,0,0,1,0,0,0,0,0,0,0
C:\Users\ehsra\Documents\GitHub\WMVxTOPNG\ModelsTree\Sound\Creature\RobotPet,11,0,0,0,0,0,0,0,0,0,0,0,0,0,0,0,0,0,11,0,0,0,0,0,0,0
C:\Users\ehsra\Documents\GitHub\WMVxTOPNG\ModelsTree\Sound\Creature\RocketChicken,12,0,0,0,0,0,0,0,0,0,0,0,0,0,0,0,0,0,12,0,0,0,0,0,0,0
C:\Users\ehsra\Documents\GitHub\WMVxTOPNG\ModelsTree\Sound\Creature\RocketMount,11,0,0,0,0,0,0,0,0,0,0,0,0,0,0,0,0,0,11,0,0,0,0,0,0,0
C:\Users\ehsra\Documents\GitHub\WMVxTOPNG\ModelsTree\Sound\Creature\RockFlayer,13,0,0,0,0,0,0,0,0,0,0,0,0,0,0,0,0,0,13,0,0,0,0,0,0,0
C:\Users\ehsra\Documents\GitHub\WMVxTOPNG\ModelsTree\Sound\Creature\SaberWorg,11,0,0,0,0,0,0,0,0,0,0,0,0,0,0,0,0,0,11,0,0,0,0,0,0,0
C:\Users\ehsra\Documents\GitHub\WMVxTOPNG\ModelsTree\Sound\Creature\Satyr,10,0,0,0,0,0,0,0,0,0,0,0,0,0,0,0,0,0,10,0,0,0,0,0,0,0
C:\Users\ehsra\Documents\GitHub\WMVxTOPNG\ModelsTree\Sound\Creature\SeaGiant,12,0,0,0,0,0,0,0,0,0,0,0,0,0,0,0,0,0,12,0,0,0,0,0,0,0
C:\Users\ehsra\Documents\GitHub\WMVxTOPNG\ModelsTree\Sound\Creature\SeaTurtle,11,0,0,0,0,0,0,0,0,0,0,0,0,0,0,0,0,0,11,0,0,0,0,0,0,0
C:\Users\ehsra\Documents\GitHub\WMVxTOPNG\ModelsTree\Sound\Creature\SeaVrykulMale,22,0,0,0,0,0,0,0,0,0,0,0,0,0,0,0,0,0,22,0,0,0,0,0,0,0
C:\Users\ehsra\Documents\GitHub\WMVxTOPNG\ModelsTree\Sound\Creature\Serpent,10,0,0,0,0,0,0,0,0,0,0,0,0,0,0,0,0,0,10,0,0,0,0,0,0,0
C:\Users\ehsra\Documents\GitHub\WMVxTOPNG\ModelsTree\Sound\Creature\Shade,10,0,0,0,0,0,0,0,0,0,0,0,0,0,0,0,0,0,10,0,0,0,0,0,0,0
C:\Users\ehsra\Documents\GitHub\WMVxTOPNG\ModelsTree\Sound\Creature\Shark,12,0,0,0,0,0,0,0,0,0,0,0,0,0,0,0,0,0,12,0,0,0,0,0,0,0
C:\Users\ehsra\Documents\GitHub\WMVxTOPNG\ModelsTree\Sound\Creature\Sheep,1,0,0,0,0,0,0,0,0,0,0,0,0,0,0,0,0,0,1,0,0,0,0,0,0,0
C:\Users\ehsra\Documents\GitHub\WMVxTOPNG\ModelsTree\Sound\Creature\Shivan,17,0,0,0,0,0,0,0,0,0,0,0,0,0,0,0,0,0,17,0,0,0,0,0,0,0
C:\Users\ehsra\Documents\GitHub\WMVxTOPNG\ModelsTree\Sound\Creature\ShovelTusk,13,0,0,0,0,0,0,0,0,0,0,0,0,0,0,0,0,0,13,0,0,0,0,0,0,0
C:\Users\ehsra\Documents\GitHub\WMVxTOPNG\ModelsTree\Sound\Creature\SilithidWasp,11,0,0,0,0,0,0,0,0,0,0,0,0,0,0,0,0,0,11,0,0,0,0,0,0,0
C:\Users\ehsra\Documents\GitHub\WMVxTOPNG\ModelsTree\Sound\Creature\SilthidWaspBoss,10,0,0,0,0,0,0,0,0,0,0,0,0,0,0,0,0,0,10,0,0,0,0,0,0,0
C:\Users\ehsra\Documents\GitHub\WMVxTOPNG\ModelsTree\Sound\Creature\Skeleton,9,0,0,0,0,0,0,0,0,0,0,0,0,0,0,0,0,0,9,0,0,0,0,0,0,0
C:\Users\ehsra\Documents\GitHub\WMVxTOPNG\ModelsTree\Sound\Creature\SkeletonMage,10,0,0,0,0,0,0,0,0,0,0,0,0,0,0,0,0,0,10,0,0,0,0,0,0,0
C:\Users\ehsra\Documents\GitHub\WMVxTOPNG\ModelsTree\Sound\Creature\Skunk,10,0,0,0,0,0,0,0,0,0,0,0,0,0,0,0,0,0,10,0,0,0,0,0,0,0
C:\Users\ehsra\Documents\GitHub\WMVxTOPNG\ModelsTree\Sound\Creature\Slime,8,0,0,0,0,0,0,0,0,0,0,0,0,0,0,0,0,0,8,0,0,0,0,0,0,0
C:\Users\ehsra\Documents\GitHub\WMVxTOPNG\ModelsTree\Sound\Creature\Slith,9,0,0,0,0,0,0,0,0,0,0,0,0,0,0,0,0,0,9,0,0,0,0,0,0,0
C:\Users\ehsra\Documents\GitHub\WMVxTOPNG\ModelsTree\Sound\Creature\Snake,2,0,0,0,0,0,0,0,0,0,0,0,0,0,0,0,0,0,2,0,0,0,0,0,0,0
C:\Users\ehsra\Documents\GitHub\WMVxTOPNG\ModelsTree\Sound\Creature\SnowflakeCreature,1,0,0,0,0,0,0,0,0,0,0,0,0,0,0,0,0,0,1,0,0,0,0,0,0,0
C:\Users\ehsra\Documents\GitHub\WMVxTOPNG\ModelsTree\Sound\Creature\SpectralCat,3,0,0,0,0,0,0,0,0,0,0,0,0,0,0,0,0,0,3,0,0,0,0,0,0,0
C:\Users\ehsra\Documents\GitHub\WMVxTOPNG\ModelsTree\Sound\Creature\SpectralSaberWorg,11,0,0,0,0,0,0,0,0,0,0,0,0,0,0,0,0,0,11,0,0,0,0,0,0,0
C:\Users\ehsra\Documents\GitHub\WMVxTOPNG\ModelsTree\Sound\Creature\SpectralTiger,10,0,0,0,0,0,0,0,0,0,0,0,0,0,0,0,0,0,10,0,0,0,0,0,0,0
C:\Users\ehsra\Documents\GitHub\WMVxTOPNG\ModelsTree\Sound\Creature\SpiritHealer,1,0,0,0,0,0,0,0,0,0,0,0,0,0,0,0,0,0,1,0,0,0,0,0,0,0
C:\Users\ehsra\Documents\GitHub\WMVxTOPNG\ModelsTree\Sound\Creature\SporeBat,14,0,0,0,0,0,0,0,0,0,0,0,0,0,0,0,0,0,14,0,0,0,0,0,0,0
C:\Users\ehsra\Documents\GitHub\WMVxTOPNG\ModelsTree\Sound\Creature\SporeCreature,10,0,0,0,0,0,0,0,0,0,0,0,0,0,0,0,0,0,10,0,0,0,0,0,0,0
C:\Users\ehsra\Documents\GitHub\WMVxTOPNG\ModelsTree\Sound\Creature\Sporeling,13,0,0,0,0,0,0,0,0,0,0,0,0,0,0,0,0,0,13,0,0,0,0,0,0,0
C:\Users\ehsra\Documents\GitHub\WMVxTOPNG\ModelsTree\Sound\Creature\Squirrel,2,0,0,0,0,0,0,0,0,0,0,0,0,0,0,0,0,0,2,0,0,0,0,0,0,0
C:\Users\ehsra\Documents\GitHub\WMVxTOPNG\ModelsTree\Sound\Creature\SteamTonk,1,0,0,0,0,0,0,0,0,0,0,0,0,0,0,0,0,0,1,0,0,0,0,0,0,0
C:\Users\ehsra\Documents\GitHub\WMVxTOPNG\ModelsTree\Sound\Creature\StoneGolem,11,0,0,0,0,0,0,0,0,0,0,0,0,0,0,0,0,0,11,0,0,0,0,0,0,0
C:\Users\ehsra\Documents\GitHub\WMVxTOPNG\ModelsTree\Sound\Creature\StormCrow,10,0,0,0,0,0,0,0,0,0,0,0,0,0,0,0,0,0,10,0,0,0,0,0,0,0
C:\Users\ehsra\Documents\GitHub\WMVxTOPNG\ModelsTree\Sound\Creature\Succubus,12,0,0,0,0,0,0,0,0,0,0,0,0,0,0,0,0,0,12,0,0,0,0,0,0,0
C:\Users\ehsra\Documents\GitHub\WMVxTOPNG\ModelsTree\Sound\Creature\SuperZombie,13,0,0,0,0,0,0,0,0,0,0,0,0,0,0,0,0,0,13,0,0,0,0,0,0,0
C:\Users\ehsra\Documents\GitHub\WMVxTOPNG\ModelsTree\Sound\Creature\Tallstrider,11,0,0,0,0,0,0,0,0,0,0,0,0,0,0,0,0,0,11,0,0,0,0,0,0,0
C:\Users\ehsra\Documents\GitHub\WMVxTOPNG\ModelsTree\Sound\Creature\Tarantula,15,1,0,0,0,0,0,0,0,0,0,0,0,0,0,0,0,0,15,0,0,0,0,0,0,0
C:\Users\ehsra\Documents\GitHub\WMVxTOPNG\ModelsTree\Sound\Creature\Tarantula\SpiderFootsteps,5,0,0,0,0,0,0,0,0,0,0,0,0,0,0,0,0,0,5,0,0,0,0,0,0,0
C:\Users\ehsra\Documents\GitHub\WMVxTOPNG\ModelsTree\Sound\Creature\Tauren_MountedCanoe,8,0,0,0,0,0,0,0,0,0,0,0,0,0,0,0,0,0,8,0,0,0,0,0,0,0
C:\Users\ehsra\Documents\GitHub\WMVxTOPNG\ModelsTree\Sound\Creature\TeronGorefiend,11,0,0,0,0,0,0,0,0,0,0,0,0,0,0,0,0,0,11,0,0,0,0,0,0,0
C:\Users\ehsra\Documents\GitHub\WMVxTOPNG\ModelsTree\Sound\Creature\Thief,16,1,0,0,0,0,0,0,0,0,0,0,0,0,0,0,0,0,16,0,0,0,0,0,0,0
C:\Users\ehsra\Documents\GitHub\WMVxTOPNG\ModelsTree\Sound\Creature\Thief\Thief_not used,17,0,0,0,0,0,0,0,0,0,0,0,0,0,0,0,0,0,17,0,0,0,0,0,0,0
C:\Users\ehsra\Documents\GitHub\WMVxTOPNG\ModelsTree\Sound\Creature\Threshadon,10,0,0,0,0,0,0,0,0,0,0,0,0,0,0,0,0,0,10,0,0,0,0,0,0,0
C:\Users\ehsra\Documents\GitHub\WMVxTOPNG\ModelsTree\Sound\Creature\Thunderaan,10,0,0,0,0,0,0,0,0,0,0,0,0,0,0,0,0,0,10,0,0,0,0,0,0,0
C:\Users\ehsra\Documents\GitHub\WMVxTOPNG\ModelsTree\Sound\Creature\ThunderLizard,10,0,0,0,0,0,0,0,0,0,0,0,0,0,0,0,0,0,10,0,0,0,0,0,0,0
C:\Users\ehsra\Documents\GitHub\WMVxTOPNG\ModelsTree\Sound\Creature\Tiger,11,0,0,0,0,0,0,0,0,0,0,0,0,0,0,0,0,0,11,0,0,0,0,0,0,0
C:\Users\ehsra\Documents\GitHub\WMVxTOPNG\ModelsTree\Sound\Creature\TigerCub,3,0,0,0,0,0,0,0,0,0,0,0,0,0,0,0,0,0,3,0,0,0,0,0,0,0
C:\Users\ehsra\Documents\GitHub\WMVxTOPNG\ModelsTree\Sound\Creature\TigonFemale,10,0,0,0,0,0,0,0,0,0,0,0,0,0,0,0,0,0,10,0,0,0,0,0,0,0
C:\Users\ehsra\Documents\GitHub\WMVxTOPNG\ModelsTree\Sound\Creature\TigonMale,11,0,0,0,0,0,0,0,0,0,0,0,0,0,0,0,0,0,11,0,0,0,0,0,0,0
C:\Users\ehsra\Documents\GitHub\WMVxTOPNG\ModelsTree\Sound\Creature\Time_Rift,1,0,0,0,0,0,0,0,0,0,0,0,0,0,0,0,0,0,1,0,0,0,0,0,0,0
C:\Users\ehsra\Documents\GitHub\WMVxTOPNG\ModelsTree\Sound\Creature\TitanFemale,11,0,0,0,0,0,0,0,0,0,0,0,0,0,0,0,0,0,11,0,0,0,0,0,0,0
C:\Users\ehsra\Documents\GitHub\WMVxTOPNG\ModelsTree\Sound\Creature\TitanMale,13,0,0,0,0,0,0,0,0,0,0,0,0,0,0,0,0,0,13,0,0,0,0,0,0,0
C:\Users\ehsra\Documents\GitHub\WMVxTOPNG\ModelsTree\Sound\Creature\TitanMale_Ghost,19,0,0,0,0,0,0,0,0,0,0,0,0,0,0,0,0,0,19,0,0,0,0,0,0,0
C:\Users\ehsra\Documents\GitHub\WMVxTOPNG\ModelsTree\Sound\Creature\TitanNPCGreetings,7,0,0,0,0,0,0,0,0,0,0,0,0,0,0,0,0,0,7,0,0,0,0,0,0,0
C:\Users\ehsra\Documents\GitHub\WMVxTOPNG\ModelsTree\Sound\Creature\TitanOrb_02,1,0,0,0,0,0,0,0,0,0,0,0,0,0,0,0,0,0,1,0,0,0,0,0,0,0
C:\Users\ehsra\Documents\GitHub\WMVxTOPNG\ModelsTree\Sound\Creature\TotemAll,12,0,0,0,0,0,0,0,0,0,0,0,0,0,0,0,0,0,12,0,0,0,0,0,0,0
C:\Users\ehsra\Documents\GitHub\WMVxTOPNG\ModelsTree\Sound\Creature\Trex,10,0,0,0,0,0,0,0,0,0,0,0,0,0,0,0,0,0,10,0,0,0,0,0,0,0
C:\Users\ehsra\Documents\GitHub\WMVxTOPNG\ModelsTree\Sound\Creature\Tripod,13,0,0,0,0,0,0,0,0,0,0,0,0,0,0,0,0,0,13,0,0,0,0,0,0,0
C:\Users\ehsra\Documents\GitHub\WMVxTOPNG\ModelsTree\Sound\Creature\Troglodyte,10,0,0,0,0,0,0,0,0,0,0,0,0,0,0,0,0,0,10,0,0,0,0,0,0,0
C:\Users\ehsra\Documents\GitHub\WMVxTOPNG\ModelsTree\Sound\Creature\Troll,10,0,0,0,0,0,0,0,0,0,0,0,0,0,0,0,0,0,10,0,0,0,0,0,0,0
C:\Users\ehsra\Documents\GitHub\WMVxTOPNG\ModelsTree\Sound\Creature\TrollDire,10,0,0,0,0,0,0,0,0,0,0,0,0,0,0,0,0,0,10,0,0,0,0,0,0,0
C:\Users\ehsra\Documents\GitHub\WMVxTOPNG\ModelsTree\Sound\Creature\turkey,4,0,0,0,0,0,0,0,0,0,0,0,0,0,0,0,0,0,4,0,0,0,0,0,0,0
C:\Users\ehsra\Documents\GitHub\WMVxTOPNG\ModelsTree\Sound\Creature\TuskarrMale,18,0,0,0,0,0,0,0,0,0,0,0,0,0,0,0,0,0,18,0,0,0,0,0,0,0
C:\Users\ehsra\Documents\GitHub\WMVxTOPNG\ModelsTree\Sound\Creature\Tyral,3,0,0,0,0,0,0,0,0,0,0,0,0,0,0,0,0,0,3,0,0,0,0,0,0,0
C:\Users\ehsra\Documents\GitHub\WMVxTOPNG\ModelsTree\Sound\Creature\T_Robot_Pet,8,0,0,0,0,0,0,0,0,0,0,0,0,0,0,0,0,0,8,0,0,0,0,0,0,0
C:\Users\ehsra\Documents\GitHub\WMVxTOPNG\ModelsTree\Sound\Creature\UndeadBeast,9,0,0,0,0,0,0,0,0,0,0,0,0,0,0,0,0,0,9,0,0,0,0,0,0,0
C:\Users\ehsra\Documents\GitHub\WMVxTOPNG\ModelsTree\Sound\Creature\UndeadDrake,10,0,0,0,0,0,0,0,0,0,0,0,0,0,0,0,0,0,10,0,0,0,0,0,0,0
C:\Users\ehsra\Documents\GitHub\WMVxTOPNG\ModelsTree\Sound\Creature\UndeadIceTroll,24,0,0,0,0,0,0,0,0,0,0,0,0,0,0,0,0,0,24,0,0,0,0,0,0,0
C:\Users\ehsra\Documents\GitHub\WMVxTOPNG\ModelsTree\Sound\Creature\Undead_Eagle,7,0,0,0,0,0,0,0,0,0,0,0,0,0,0,0,0,0,7,0,0,0,0,0,0,0
C:\Users\ehsra\Documents\GitHub\WMVxTOPNG\ModelsTree\Sound\Creature\Valkier,24,0,0,0,0,0,0,0,0,0,0,0,0,0,0,0,0,0,24,0,0,0,0,0,0,0
C:\Users\ehsra\Documents\GitHub\WMVxTOPNG\ModelsTree\Sound\Creature\VoidGod,20,0,0,0,0,0,0,0,0,0,0,0,0,0,0,0,0,0,20,0,0,0,0,0,0,0
C:\Users\ehsra\Documents\GitHub\WMVxTOPNG\ModelsTree\Sound\Creature\VoidReaver,10,0,0,0,0,0,0,0,0,0,0,0,0,0,0,0,0,0,10,0,0,0,0,0,0,0
C:\Users\ehsra\Documents\GitHub\WMVxTOPNG\ModelsTree\Sound\Creature\VoidWalker,13,0,0,0,0,0,0,0,0,0,0,0,0,0,0,0,0,0,13,0,0,0,0,0,0,0
C:\Users\ehsra\Documents\GitHub\WMVxTOPNG\ModelsTree\Sound\Creature\Voidwalker_VoidWraith,14,0,0,0,0,0,0,0,0,0,0,0,0,0,0,0,0,0,14,0,0,0,0,0,0,0
C:\Users\ehsra\Documents\GitHub\WMVxTOPNG\ModelsTree\Sound\Creature\VrykulFemale,22,0,0,0,0,0,0,0,0,0,0,0,0,0,0,0,0,0,22,0,0,0,0,0,0,0
C:\Users\ehsra\Documents\GitHub\WMVxTOPNG\ModelsTree\Sound\Creature\VrykulFemaleFrost,24,0,0,0,0,0,0,0,0,0,0,0,0,0,0,0,0,0,24,0,0,0,0,0,0,0
C:\Users\ehsra\Documents\GitHub\WMVxTOPNG\ModelsTree\Sound\Creature\Walrus,10,0,0,0,0,0,0,0,0,0,0,0,0,0,0,0,0,0,10,0,0,0,0,0,0,0
C:\Users\ehsra\Documents\GitHub\WMVxTOPNG\ModelsTree\Sound\Creature\WarpStalker,12,0,0,0,0,0,0,0,0,0,0,0,0,0,0,0,0,0,12,0,0,0,0,0,0,0
C:\Users\ehsra\Documents\GitHub\WMVxTOPNG\ModelsTree\Sound\Creature\WarpStorm,1,0,0,0,0,0,0,0,0,0,0,0,0,0,0,0,0,0,1,0,0,0,0,0,0,0
C:\Users\ehsra\Documents\GitHub\WMVxTOPNG\ModelsTree\Sound\Creature\WaterElemental,11,0,0,0,0,0,0,0,0,0,0,0,0,0,0,0,0,0,11,0,0,0,0,0,0,0
C:\Users\ehsra\Documents\GitHub\WMVxTOPNG\ModelsTree\Sound\Creature\WellOFSouls,12,0,0,0,0,0,0,0,0,0,0,0,0,0,0,0,0,0,12,0,0,0,0,0,0,0
C:\Users\ehsra\Documents\GitHub\WMVxTOPNG\ModelsTree\Sound\Creature\Wendigo,10,0,0,0,0,0,0,0,0,0,0,0,0,0,0,0,0,0,10,0,0,0,0,0,0,0
C:\Users\ehsra\Documents\GitHub\WMVxTOPNG\ModelsTree\Sound\Creature\Whisp,1,0,0,0,0,0,0,0,0,0,0,0,0,0,0,0,0,0,1,0,0,0,0,0,0,0
C:\Users\ehsra\Documents\GitHub\WMVxTOPNG\ModelsTree\Sound\Creature\Wight,10,0,0,0,0,0,0,0,0,0,0,0,0,0,0,0,0,0,10,0,0,0,0,0,0,0
C:\Users\ehsra\Documents\GitHub\WMVxTOPNG\ModelsTree\Sound\Creature\WindSerpant,13,0,0,0,0,0,0,0,0,0,0,0,0,0,0,0,0,0,13,0,0,0,0,0,0,0
C:\Users\ehsra\Documents\GitHub\WMVxTOPNG\ModelsTree\Sound\Creature\WingedHorse,3,0,0,0,0,0,0,0,0,0,0,0,0,0,0,0,0,0,3,0,0,0,0,0,0,0
C:\Users\ehsra\Documents\GitHub\WMVxTOPNG\ModelsTree\Sound\Creature\WingFlaps,7,0,0,0,0,0,0,0,0,0,0,0,0,0,0,0,0,0,7,0,0,0,0,0,0,0
C:\Users\ehsra\Documents\GitHub\WMVxTOPNG\ModelsTree\Sound\Creature\WingFlapSmall,5,0,0,0,0,0,0,0,0,0,0,0,0,0,0,0,0,0,5,0,0,0,0,0,0,0
C:\Users\ehsra\Documents\GitHub\WMVxTOPNG\ModelsTree\Sound\Creature\Wolf,24,0,0,0,0,0,0,0,0,0,0,0,0,0,0,0,0,0,24,0,0,0,0,0,0,0
C:\Users\ehsra\Documents\GitHub\WMVxTOPNG\ModelsTree\Sound\Creature\Wolf_Ghost,16,0,0,0,0,0,0,0,0,0,0,0,0,0,0,0,0,0,16,0,0,0,0,0,0,0
C:\Users\ehsra\Documents\GitHub\WMVxTOPNG\ModelsTree\Sound\Creature\Wolpertinger,6,0,0,0,0,0,0,0,0,0,0,0,0,0,0,0,0,0,6,0,0,0,0,0,0,0
C:\Users\ehsra\Documents\GitHub\WMVxTOPNG\ModelsTree\Sound\Creature\Wolvar,22,0,0,0,0,0,0,0,0,0,0,0,0,0,0,0,0,0,22,0,0,0,0,0,0,0
C:\Users\ehsra\Documents\GitHub\WMVxTOPNG\ModelsTree\Sound\Creature\Worgen,13,0,0,0,0,0,0,0,0,0,0,0,0,0,0,0,0,0,13,0,0,0,0,0,0,0
C:\Users\ehsra\Documents\GitHub\WMVxTOPNG\ModelsTree\Sound\Creature\WratchScryerSoccothrates,10,0,0,0,0,0,0,0,0,0,0,0,0,0,0,0,0,0,10,0,0,0,0,0,0,0
C:\Users\ehsra\Documents\GitHub\WMVxTOPNG\ModelsTree\Sound\Creature\Wyvern,11,0,0,0,0,0,0,0,0,0,0,0,0,0,0,0,0,0,11,0,0,0,0,0,0,0
C:\Users\ehsra\Documents\GitHub\WMVxTOPNG\ModelsTree\Sound\Creature\WyvernPet,3,0,0,0,0,0,0,0,0,0,0,0,0,0,0,0,0,0,3,0,0,0,0,0,0,0
C:\Users\ehsra\Documents\GitHub\WMVxTOPNG\ModelsTree\Sound\Creature\Yeti,14,0,0,0,0,0,0,0,0,0,0,0,0,0,0,0,0,0,14,0,0,0,0,0,0,0
C:\Users\ehsra\Documents\GitHub\WMVxTOPNG\ModelsTree\Sound\Creature\YoggSaron,3,0,0,0,0,0,0,0,0,0,0,0,0,0,0,0,0,0,3,0,0,0,0,0,0,0
C:\Users\ehsra\Documents\GitHub\WMVxTOPNG\ModelsTree\Sound\Creature\YoggSaronTentacles,6,0,0,0,0,0,0,0,0,0,0,0,0,0,0,0,0,0,6,0,0,0,0,0,0,0
C:\Users\ehsra\Documents\GitHub\WMVxTOPNG\ModelsTree\Sound\Creature\ZerglingPet,4,0,0,0,0,0,0,0,0,0,0,0,0,0,0,0,0,0,4,0,0,0,0,0,0,0
C:\Users\ehsra\Documents\GitHub\WMVxTOPNG\ModelsTree\Sound\Creature\Zippelin,3,0,0,0,0,0,0,0,0,0,0,0,0,0,0,0,0,0,3,0,0,0,0,0,0,0
C:\Users\ehsra\Documents\GitHub\WMVxTOPNG\ModelsTree\Sound\Creature\Zombie,12,0,0,0,0,0,0,0,0,0,0,0,0,0,0,0,0,0,12,0,0,0,0,0,0,0
C:\Users\ehsra\Documents\GitHub\WMVxTOPNG\ModelsTree\Sound\Creature\ZombifiedVrykul,18,0,0,0,0,0,0,0,0,0,0,0,0,0,0,0,0,0,18,0,0,0,0,0,0,0
C:\Users\ehsra\Documents\GitHub\WMVxTOPNG\ModelsTree\Sound\Creature\ZuldrakGolem,25,0,0,0,0,0,0,0,0,0,0,0,0,0,0,0,0,0,25,0,0,0,0,0,0,0
C:\Users\ehsra\Documents\GitHub\WMVxTOPNG\ModelsTree\Sound\Doodad,1241,1,0,0,0,0,0,0,0,0,0,0,0,0,0,0,0,0,1241,0,0,0,0,0,0,0
C:\Users\ehsra\Documents\GitHub\WMVxTOPNG\ModelsTree\Sound\Doodad\DoodadCompression,2,0,0,0,0,0,0,0,0,0,0,0,0,0,0,0,0,0,2,0,0,0,0,0,0,0
C:\Users\ehsra\Documents\GitHub\WMVxTOPNG\ModelsTree\Sound\Effects,0,1,0,0,0,0,0,0,0,0,0,0,0,0,0,0,0,0,0,0,0,0,0,0,0,0
C:\Users\ehsra\Documents\GitHub\WMVxTOPNG\ModelsTree\Sound\Effects\DeathImpacts,31,1,0,0,0,0,0,0,0,0,0,0,0,0,0,0,0,0,31,0,0,0,0,0,0,0
C:\Users\ehsra\Documents\GitHub\WMVxTOPNG\ModelsTree\Sound\Effects\DeathImpacts\InWater,4,0,0,0,0,0,0,0,0,0,0,0,0,0,0,0,0,0,4,0,0,0,0,0,0,0
C:\Users\ehsra\Documents\GitHub\WMVxTOPNG\ModelsTree\Sound\Elevator_Transport,15,0,0,0,0,0,0,0,0,0,0,0,0,0,0,0,0,0,15,0,0,0,0,0,0,0
C:\Users\ehsra\Documents\GitHub\WMVxTOPNG\ModelsTree\Sound\Emitters,105,0,0,0,0,0,0,0,0,0,0,0,0,0,0,0,0,0,105,0,0,0,0,0,0,0
C:\Users\ehsra\Documents\GitHub\WMVxTOPNG\ModelsTree\Sound\event,1,0,0,0,0,0,0,0,0,0,0,0,0,0,0,0,0,0,1,0,0,0,0,0,0,0
C:\Users\ehsra\Documents\GitHub\WMVxTOPNG\ModelsTree\Sound\Event Sounds,10,2,0,0,0,0,0,0,0,0,0,0,0,0,0,0,0,0,10,0,0,0,0,0,0,0
C:\Users\ehsra\Documents\GitHub\WMVxTOPNG\ModelsTree\Sound\Event Sounds\Mortar Team,1,0,0,0,0,0,0,0,0,0,0,0,0,0,0,0,0,0,1,0,0,0,0,0,0,0
C:\Users\ehsra\Documents\GitHub\WMVxTOPNG\ModelsTree\Sound\Event Sounds\Wisp,10,0,0,0,0,0,0,0,0,0,0,0,0,0,0,0,0,0,10,0,0,0,0,0,0,0
C:\Users\ehsra\Documents\GitHub\WMVxTOPNG\ModelsTree\Sound\Events,97,0,0,0,0,0,0,0,0,0,0,0,0,0,0,0,0,0,97,0,0,0,0,0,0,0
C:\Users\ehsra\Documents\GitHub\WMVxTOPNG\ModelsTree\Sound\Interface,129,1,0,0,0,0,0,0,0,0,0,0,0,0,0,0,0,0,129,0,0,0,0,0,0,0
C:\Users\ehsra\Documents\GitHub\WMVxTOPNG\ModelsTree\Sound\Interface\PickUp,36,0,0,0,0,0,0,0,0,0,0,0,0,0,0,0,0,0,36,0,0,0,0,0,0,0
C:\Users\ehsra\Documents\GitHub\WMVxTOPNG\ModelsTree\Sound\Item,0,3,0,0,0,0,0,0,0,0,0,0,0,0,0,0,0,0,0,0,0,0,0,0,0,0
C:\Users\ehsra\Documents\GitHub\WMVxTOPNG\ModelsTree\Sound\Item\FoleySounds,30,0,0,0,0,0,0,0,0,0,0,0,0,0,0,0,0,0,30,0,0,0,0,0,0,0
C:\Users\ehsra\Documents\GitHub\WMVxTOPNG\ModelsTree\Sound\Item\UseSounds,9,0,0,0,0,0,0,0,0,0,0,0,0,0,0,0,0,0,9,0,0,0,0,0,0,0
C:\Users\ehsra\Documents\GitHub\WMVxTOPNG\ModelsTree\Sound\Item\Weapons,2,19,0,0,0,0,0,0,0,0,0,0,0,0,0,0,0,0,2,0,0,0,0,0,0,0
C:\Users\ehsra\Documents\GitHub\WMVxTOPNG\ModelsTree\Sound\Item\Weapons\Axe1H,26,0,0,0,0,0,0,0,0,0,0,0,0,0,0,0,0,0,26,0,0,0,0,0,0,0
C:\Users\ehsra\Documents\GitHub\WMVxTOPNG\ModelsTree\Sound\Item\Weapons\Axe2H,26,0,0,0,0,0,0,0,0,0,0,0,0,0,0,0,0,0,26,0,0,0,0,0,0,0
C:\Users\ehsra\Documents\GitHub\WMVxTOPNG\ModelsTree\Sound\Item\Weapons\Bow,14,0,0,0,0,0,0,0,0,0,0,0,0,0,0,0,0,0,14,0,0,0,0,0,0,0
C:\Users\ehsra\Documents\GitHub\WMVxTOPNG\ModelsTree\Sound\Item\Weapons\Dagger,28,0,0,0,0,0,0,0,0,0,0,0,0,0,0,0,0,0,28,0,0,0,0,0,0,0
C:\Users\ehsra\Documents\GitHub\WMVxTOPNG\ModelsTree\Sound\Item\Weapons\Ethereal,6,0,0,0,0,0,0,0,0,0,0,0,0,0,0,0,0,0,6,0,0,0,0,0,0,0
C:\Users\ehsra\Documents\GitHub\WMVxTOPNG\ModelsTree\Sound\Item\Weapons\Gun,6,0,0,0,0,0,0,0,0,0,0,0,0,0,0,0,0,0,6,0,0,0,0,0,0,0
C:\Users\ehsra\Documents\GitHub\WMVxTOPNG\ModelsTree\Sound\Item\Weapons\Mace1H,28,0,0,0,0,0,0,0,0,0,0,0,0,0,0,0,0,0,28,0,0,0,0,0,0,0
C:\Users\ehsra\Documents\GitHub\WMVxTOPNG\ModelsTree\Sound\Item\Weapons\Mace1HMetal,28,0,0,0,0,0,0,0,0,0,0,0,0,0,0,0,0,0,28,0,0,0,0,0,0,0
C:\Users\ehsra\Documents\GitHub\WMVxTOPNG\ModelsTree\Sound\Item\Weapons\Mace2H,28,0,0,0,0,0,0,0,0,0,0,0,0,0,0,0,0,0,28,0,0,0,0,0,0,0
C:\Users\ehsra\Documents\GitHub\WMVxTOPNG\ModelsTree\Sound\Item\Weapons\Mace2HMetal,27,0,0,0,0,0,0,0,0,0,0,0,0,0,0,0,0,0,27,0,0,0,0,0,0,0
C:\Users\ehsra\Documents\GitHub\WMVxTOPNG\ModelsTree\Sound\Item\Weapons\MissSwings,2,0,0,0,0,0,0,0,0,0,0,0,0,0,0,0,0,0,2,0,0,0,0,0,0,0
C:\Users\ehsra\Documents\GitHub\WMVxTOPNG\ModelsTree\Sound\Item\Weapons\Parry,6,0,0,0,0,0,0,0,0,0,0,0,0,0,0,0,0,0,6,0,0,0,0,0,0,0
C:\Users\ehsra\Documents\GitHub\WMVxTOPNG\ModelsTree\Sound\Item\Weapons\ParrySounds,16,0,0,0,0,0,0,0,0,0,0,0,0,0,0,0,0,0,16,0,0,0,0,0,0,0
C:\Users\ehsra\Documents\GitHub\WMVxTOPNG\ModelsTree\Sound\Item\Weapons\Shields,6,0,0,0,0,0,0,0,0,0,0,0,0,0,0,0,0,0,6,0,0,0,0,0,0,0
C:\Users\ehsra\Documents\GitHub\WMVxTOPNG\ModelsTree\Sound\Item\Weapons\Sword1H,26,0,0,0,0,0,0,0,0,0,0,0,0,0,0,0,0,0,26,0,0,0,0,0,0,0
C:\Users\ehsra\Documents\GitHub\WMVxTOPNG\ModelsTree\Sound\Item\Weapons\Sword2H,26,0,0,0,0,0,0,0,0,0,0,0,0,0,0,0,0,0,26,0,0,0,0,0,0,0
C:\Users\ehsra\Documents\GitHub\WMVxTOPNG\ModelsTree\Sound\Item\Weapons\Unarmed,16,0,0,0,0,0,0,0,0,0,0,0,0,0,0,0,0,0,16,0,0,0,0,0,0,0
C:\Users\ehsra\Documents\GitHub\WMVxTOPNG\ModelsTree\Sound\Item\Weapons\WeaponSwings,12,0,0,0,0,0,0,0,0,0,0,0,0,0,0,0,0,0,12,0,0,0,0,0,0,0
C:\Users\ehsra\Documents\GitHub\WMVxTOPNG\ModelsTree\Sound\Item\Weapons\Whip,3,0,0,0,0,0,0,0,0,0,0,0,0,0,0,0,0,0,3,0,0,0,0,0,0,0
C:\Users\ehsra\Documents\GitHub\WMVxTOPNG\ModelsTree\Sound\Music,0,6,0,0,0,0,0,0,0,0,0,0,0,0,0,0,0,0,0,0,0,0,0,0,0,0
C:\Users\ehsra\Documents\GitHub\WMVxTOPNG\ModelsTree\Sound\Music\CityMusic,0,7,0,0,0,0,0,0,0,0,0,0,0,0,0,0,0,0,0,0,0,0,0,0,0,0
C:\Users\ehsra\Documents\GitHub\WMVxTOPNG\ModelsTree\Sound\Music\CityMusic\Darnassus,6,0,0,0,0,0,0,0,0,0,0,6,0,0,0,0,0,0,0,0,0,0,0,0,0,0
C:\Users\ehsra\Documents\GitHub\WMVxTOPNG\ModelsTree\Sound\Music\CityMusic\Gnomeragon,2,0,0,0,0,0,0,0,0,0,0,2,0,0,0,0,0,0,0,0,0,0,0,0,0,0
C:\Users\ehsra\Documents\GitHub\WMVxTOPNG\ModelsTree\Sound\Music\CityMusic\Ironforge,6,0,0,0,0,0,0,0,0,0,0,6,0,0,0,0,0,0,0,0,0,0,0,0,0,0
C:\Users\ehsra\Documents\GitHub\WMVxTOPNG\ModelsTree\Sound\Music\CityMusic\Orgrimmar,5,0,0,0,0,0,0,0,0,0,0,5,0,0,0,0,0,0,0,0,0,0,0,0,0,0
C:\Users\ehsra\Documents\GitHub\WMVxTOPNG\ModelsTree\Sound\Music\CityMusic\Stormwind,10,0,0,0,0,0,0,0,0,0,0,10,0,0,0,0,0,0,0,0,0,0,0,0,0,0
C:\Users\ehsra\Documents\GitHub\WMVxTOPNG\ModelsTree\Sound\Music\CityMusic\Thunderbluff,4,0,0,0,0,0,0,0,0,0,0,4,0,0,0,0,0,0,0,0,0,0,0,0,0,0
C:\Users\ehsra\Documents\GitHub\WMVxTOPNG\ModelsTree\Sound\Music\CityMusic\Undercity,4,0,0,0,0,0,0,0,0,0,0,4,0,0,0,0,0,0,0,0,0,0,0,0,0,0
C:\Users\ehsra\Documents\GitHub\WMVxTOPNG\ModelsTree\Sound\Music\event,24,0,0,0,0,0,0,0,0,0,0,24,0,0,0,0,0,0,0,0,0,0,0,0,0,0
C:\Users\ehsra\Documents\GitHub\WMVxTOPNG\ModelsTree\Sound\Music\GlueScreenMusic,4,0,0,0,0,0,0,0,0,0,0,4,0,0,0,0,0,0,0,0,0,0,0,0,0,0
C:\Users\ehsra\Documents\GitHub\WMVxTOPNG\ModelsTree\Sound\Music\Musical Moments,3,9,0,0,0,0,0,0,0,0,0,3,0,0,0,0,0,0,0,0,0,0,0,0,0,0
C:\Users\ehsra\Documents\GitHub\WMVxTOPNG\ModelsTree\Sound\Music\Musical Moments\angelic,1,0,0,0,0,0,0,0,0,0,0,1,0,0,0,0,0,0,0,0,0,0,0,0,0,0
C:\Users\ehsra\Documents\GitHub\WMVxTOPNG\ModelsTree\Sound\Music\Musical Moments\battle,6,0,0,0,0,0,0,0,0,0,0,6,0,0,0,0,0,0,0,0,0,0,0,0,0,0
C:\Users\ehsra\Documents\GitHub\WMVxTOPNG\ModelsTree\Sound\Music\Musical Moments\gloomy,2,0,0,0,0,0,0,0,0,0,0,2,0,0,0,0,0,0,0,0,0,0,0,0,0,0
C:\Users\ehsra\Documents\GitHub\WMVxTOPNG\ModelsTree\Sound\Music\Musical Moments\haunted,2,0,0,0,0,0,0,0,0,0,0,2,0,0,0,0,0,0,0,0,0,0,0,0,0,0
C:\Users\ehsra\Documents\GitHub\WMVxTOPNG\ModelsTree\Sound\Music\Musical Moments\magic,3,0,0,0,0,0,0,0,0,0,0,3,0,0,0,0,0,0,0,0,0,0,0,0,0,0
C:\Users\ehsra\Documents\GitHub\WMVxTOPNG\ModelsTree\Sound\Music\Musical Moments\mystery,11,0,0,0,0,0,0,0,0,0,0,11,0,0,0,0,0,0,0,0,0,0,0,0,0,0
C:\Users\ehsra\Documents\GitHub\WMVxTOPNG\ModelsTree\Sound\Music\Musical Moments\Sacred,2,0,0,0,0,0,0,0,0,0,0,2,0,0,0,0,0,0,0,0,0,0,0,0,0,0
C:\Users\ehsra\Documents\GitHub\WMVxTOPNG\ModelsTree\Sound\Music\Musical Moments\spooky,1,0,0,0,0,0,0,0,0,0,0,1,0,0,0,0,0,0,0,0,0,0,0,0,0,0
C:\Users\ehsra\Documents\GitHub\WMVxTOPNG\ModelsTree\Sound\Music\Musical Moments\swamp,1,0,0,0,0,0,0,0,0,0,0,1,0,0,0,0,0,0,0,0,0,0,0,0,0,0
C:\Users\ehsra\Documents\GitHub\WMVxTOPNG\ModelsTree\Sound\Music\WorldEvents,6,0,0,0,0,0,0,0,0,0,0,6,0,0,0,0,0,0,0,0,0,0,0,0,0,0
C:\Users\ehsra\Documents\GitHub\WMVxTOPNG\ModelsTree\Sound\Music\ZoneMusic,6,67,0,0,0,0,0,0,0,0,0,6,0,0,0,0,0,0,0,0,0,0,0,0,0,0
C:\Users\ehsra\Documents\GitHub\WMVxTOPNG\ModelsTree\Sound\Music\ZoneMusic\AhnQiraj,17,0,0,0,0,0,0,0,0,0,0,17,0,0,0,0,0,0,0,0,0,0,0,0,0,0
C:\Users\ehsra\Documents\GitHub\WMVxTOPNG\ModelsTree\Sound\Music\ZoneMusic\ArgentColiseum,6,0,0,0,0,0,0,0,0,0,0,6,0,0,0,0,0,0,0,0,0,0,0,0,0,0
C:\Users\ehsra\Documents\GitHub\WMVxTOPNG\ModelsTree\Sound\Music\ZoneMusic\ArgentTournament,11,0,0,0,0,0,0,0,0,0,0,11,0,0,0,0,0,0,0,0,0,0,0,0,0,0
C:\Users\ehsra\Documents\GitHub\WMVxTOPNG\ModelsTree\Sound\Music\ZoneMusic\AzjolNerub,24,0,0,0,0,0,0,0,0,0,0,24,0,0,0,0,0,0,0,0,0,0,0,0,0,0
C:\Users\ehsra\Documents\GitHub\WMVxTOPNG\ModelsTree\Sound\Music\ZoneMusic\Azuremyst,21,0,0,0,0,0,0,0,0,0,0,21,0,0,0,0,0,0,0,0,0,0,0,0,0,0
C:\Users\ehsra\Documents\GitHub\WMVxTOPNG\ModelsTree\Sound\Music\ZoneMusic\BarrenDry,6,0,0,0,0,0,0,0,0,0,0,6,0,0,0,0,0,0,0,0,0,0,0,0,0,0
C:\Users\ehsra\Documents\GitHub\WMVxTOPNG\ModelsTree\Sound\Music\ZoneMusic\BlackTemple,45,0,0,0,0,0,0,0,0,0,0,45,0,0,0,0,0,0,0,0,0,0,0,0,0,0
C:\Users\ehsra\Documents\GitHub\WMVxTOPNG\ModelsTree\Sound\Music\ZoneMusic\BladesEdge,10,0,0,0,0,0,0,0,0,0,0,10,0,0,0,0,0,0,0,0,0,0,0,0,0,0
C:\Users\ehsra\Documents\GitHub\WMVxTOPNG\ModelsTree\Sound\Music\ZoneMusic\Bloodmyst,7,0,0,0,0,0,0,0,0,0,0,7,0,0,0,0,0,0,0,0,0,0,0,0,0,0
C:\Users\ehsra\Documents\GitHub\WMVxTOPNG\ModelsTree\Sound\Music\ZoneMusic\BoreanTundra,35,0,0,0,0,0,0,0,0,0,0,35,0,0,0,0,0,0,0,0,0,0,0,0,0,0
C:\Users\ehsra\Documents\GitHub\WMVxTOPNG\ModelsTree\Sound\Music\ZoneMusic\CavernsOfTime,47,0,0,0,0,0,0,0,0,0,0,47,0,0,0,0,0,0,0,0,0,0,0,0,0,0
C:\Users\ehsra\Documents\GitHub\WMVxTOPNG\ModelsTree\Sound\Music\ZoneMusic\ChamberOfTheAspects,12,0,0,0,0,0,0,0,0,0,0,12,0,0,0,0,0,0,0,0,0,0,0,0,0,0
C:\Users\ehsra\Documents\GitHub\WMVxTOPNG\ModelsTree\Sound\Music\ZoneMusic\Crystalsong,5,0,0,0,0,0,0,0,0,0,0,5,0,0,0,0,0,0,0,0,0,0,0,0,0,0
C:\Users\ehsra\Documents\GitHub\WMVxTOPNG\ModelsTree\Sound\Music\ZoneMusic\CursedLand,6,0,0,0,0,0,0,0,0,0,0,6,0,0,0,0,0,0,0,0,0,0,0,0,0,0
C:\Users\ehsra\Documents\GitHub\WMVxTOPNG\ModelsTree\Sound\Music\ZoneMusic\Dalaran,10,0,0,0,0,0,0,0,0,0,0,10,0,0,0,0,0,0,0,0,0,0,0,0,0,0
C:\Users\ehsra\Documents\GitHub\WMVxTOPNG\ModelsTree\Sound\Music\ZoneMusic\Desert,6,0,0,0,0,0,0,0,0,0,0,6,0,0,0,0,0,0,0,0,0,0,0,0,0,0
C:\Users\ehsra\Documents\GitHub\WMVxTOPNG\ModelsTree\Sound\Music\ZoneMusic\Dragonblight,28,0,0,0,0,0,0,0,0,0,0,28,0,0,0,0,0,0,0,0,0,0,0,0,0,0
C:\Users\ehsra\Documents\GitHub\WMVxTOPNG\ModelsTree\Sound\Music\ZoneMusic\Ebon Hold,10,0,0,0,0,0,0,0,0,0,0,10,0,0,0,0,0,0,0,0,0,0,0,0,0,0
C:\Users\ehsra\Documents\GitHub\WMVxTOPNG\ModelsTree\Sound\Music\ZoneMusic\EnchantedForest,5,0,0,0,0,0,0,0,0,0,0,5,0,0,0,0,0,0,0,0,0,0,0,0,0,0
C:\Users\ehsra\Documents\GitHub\WMVxTOPNG\ModelsTree\Sound\Music\ZoneMusic\Eversong,28,0,0,0,0,0,0,0,0,0,0,28,0,0,0,0,0,0,0,0,0,0,0,0,0,0
C:\Users\ehsra\Documents\GitHub\WMVxTOPNG\ModelsTree\Sound\Music\ZoneMusic\EvilForest,6,0,0,0,0,0,0,0,0,0,0,6,0,0,0,0,0,0,0,0,0,0,0,0,0,0
C:\Users\ehsra\Documents\GitHub\WMVxTOPNG\ModelsTree\Sound\Music\ZoneMusic\Forest,7,0,0,0,0,0,0,0,0,0,0,7,0,0,0,0,0,0,0,0,0,0,0,0,0,0
C:\Users\ehsra\Documents\GitHub\WMVxTOPNG\ModelsTree\Sound\Music\ZoneMusic\Ghostlands,20,0,0,0,0,0,0,0,0,0,0,20,0,0,0,0,0,0,0,0,0,0,0,0,0,0
C:\Users\ehsra\Documents\GitHub\WMVxTOPNG\ModelsTree\Sound\Music\ZoneMusic\GhostMusic,1,0,0,0,0,0,0,0,0,0,0,1,0,0,0,0,0,0,0,0,0,0,0,0,0,0
C:\Users\ehsra\Documents\GitHub\WMVxTOPNG\ModelsTree\Sound\Music\ZoneMusic\GrizzlyHills,27,0,0,0,0,0,0,0,0,0,0,27,0,0,0,0,0,0,0,0,0,0,0,0,0,0
C:\Users\ehsra\Documents\GitHub\WMVxTOPNG\ModelsTree\Sound\Music\ZoneMusic\HellfirePeninsula,17,0,0,0,0,0,0,0,0,0,0,17,0,0,0,0,0,0,0,0,0,0,0,0,0,0
C:\Users\ehsra\Documents\GitHub\WMVxTOPNG\ModelsTree\Sound\Music\ZoneMusic\HowlingFjord,22,0,0,0,0,0,0,0,0,0,0,22,0,0,0,0,0,0,0,0,0,0,0,0,0,0
C:\Users\ehsra\Documents\GitHub\WMVxTOPNG\ModelsTree\Sound\Music\ZoneMusic\IcecrownGlacier,12,0,0,0,0,0,0,0,0,0,0,12,0,0,0,0,0,0,0,0,0,0,0,0,0,0
C:\Users\ehsra\Documents\GitHub\WMVxTOPNG\ModelsTree\Sound\Music\ZoneMusic\IcecrownRaid,100,0,0,0,0,0,0,0,0,0,0,100,0,0,0,0,0,0,0,0,0,0,0,0,0,0
C:\Users\ehsra\Documents\GitHub\WMVxTOPNG\ModelsTree\Sound\Music\ZoneMusic\Jungle,6,0,0,0,0,0,0,0,0,0,0,6,0,0,0,0,0,0,0,0,0,0,0,0,0,0
C:\Users\ehsra\Documents\GitHub\WMVxTOPNG\ModelsTree\Sound\Music\ZoneMusic\Karazhan,30,0,0,0,0,0,0,0,0,0,0,30,0,0,0,0,0,0,0,0,0,0,0,0,0,0
C:\Users\ehsra\Documents\GitHub\WMVxTOPNG\ModelsTree\Sound\Music\ZoneMusic\LakeWintergrasp,8,0,0,0,0,0,0,0,0,0,0,8,0,0,0,0,0,0,0,0,0,0,0,0,0,0
C:\Users\ehsra\Documents\GitHub\WMVxTOPNG\ModelsTree\Sound\Music\ZoneMusic\Mountain,7,0,0,0,0,0,0,0,0,0,0,7,0,0,0,0,0,0,0,0,0,0,0,0,0,0
C:\Users\ehsra\Documents\GitHub\WMVxTOPNG\ModelsTree\Sound\Music\ZoneMusic\Nagrand,7,0,0,0,0,0,0,0,0,0,0,7,0,0,0,0,0,0,0,0,0,0,0,0,0,0
C:\Users\ehsra\Documents\GitHub\WMVxTOPNG\ModelsTree\Sound\Music\ZoneMusic\Naxxramas,29,0,0,0,0,0,0,0,0,0,0,29,0,0,0,0,0,0,0,0,0,0,0,0,0,0
C:\Users\ehsra\Documents\GitHub\WMVxTOPNG\ModelsTree\Sound\Music\ZoneMusic\Netherstorm,17,0,0,0,0,0,0,0,0,0,0,17,0,0,0,0,0,0,0,0,0,0,0,0,0,0
C:\Users\ehsra\Documents\GitHub\WMVxTOPNG\ModelsTree\Sound\Music\ZoneMusic\Nexus,13,0,0,0,0,0,0,0,0,0,0,13,0,0,0,0,0,0,0,0,0,0,0,0,0,0
C:\Users\ehsra\Documents\GitHub\WMVxTOPNG\ModelsTree\Sound\Music\ZoneMusic\Northrend,0,5,0,0,0,0,0,0,0,0,0,0,0,0,0,0,0,0,0,0,0,0,0,0,0,0
C:\Users\ehsra\Documents\GitHub\WMVxTOPNG\ModelsTree\Sound\Music\ZoneMusic\Northrend\IronDwarf,13,0,0,0,0,0,0,0,0,0,0,13,0,0,0,0,0,0,0,0,0,0,0,0,0,0
C:\Users\ehsra\Documents\GitHub\WMVxTOPNG\ModelsTree\Sound\Music\ZoneMusic\Northrend\NorthrendTransport,2,0,0,0,0,0,0,0,0,0,0,2,0,0,0,0,0,0,0,0,0,0,0,0,0,0
C:\Users\ehsra\Documents\GitHub\WMVxTOPNG\ModelsTree\Sound\Music\ZoneMusic\Northrend\Orc,8,0,0,0,0,0,0,0,0,0,0,8,0,0,0,0,0,0,0,0,0,0,0,0,0,0
C:\Users\ehsra\Documents\GitHub\WMVxTOPNG\ModelsTree\Sound\Music\ZoneMusic\Northrend\Taunka,11,0,0,0,0,0,0,0,0,0,0,11,0,0,0,0,0,0,0,0,0,0,0,0,0,0
C:\Users\ehsra\Documents\GitHub\WMVxTOPNG\ModelsTree\Sound\Music\ZoneMusic\Northrend\Troll,4,0,0,0,0,0,0,0,0,0,0,4,0,0,0,0,0,0,0,0,0,0,0,0,0,0
C:\Users\ehsra\Documents\GitHub\WMVxTOPNG\ModelsTree\Sound\Music\ZoneMusic\OutlandGeneral,43,0,0,0,0,0,0,0,0,0,0,43,0,0,0,0,0,0,0,0,0,0,0,0,0,0
C:\Users\ehsra\Documents\GitHub\WMVxTOPNG\ModelsTree\Sound\Music\ZoneMusic\Plains,4,0,0,0,0,0,0,0,0,0,0,4,0,0,0,0,0,0,0,0,0,0,0,0,0,0
C:\Users\ehsra\Documents\GitHub\WMVxTOPNG\ModelsTree\Sound\Music\ZoneMusic\PVP,5,0,0,0,0,0,0,0,0,0,0,5,0,0,0,0,0,0,0,0,0,0,0,0,0,0
C:\Users\ehsra\Documents\GitHub\WMVxTOPNG\ModelsTree\Sound\Music\ZoneMusic\ShadowmoonValley,6,0,0,0,0,0,0,0,0,0,0,6,0,0,0,0,0,0,0,0,0,0,0,0,0,0
C:\Users\ehsra\Documents\GitHub\WMVxTOPNG\ModelsTree\Sound\Music\ZoneMusic\SholazarBasin,24,0,0,0,0,0,0,0,0,0,0,24,0,0,0,0,0,0,0,0,0,0,0,0,0,0
C:\Users\ehsra\Documents\GitHub\WMVxTOPNG\ModelsTree\Sound\Music\ZoneMusic\SoggyPlace,5,0,0,0,0,0,0,0,0,0,0,5,0,0,0,0,0,0,0,0,0,0,0,0,0,0
C:\Users\ehsra\Documents\GitHub\WMVxTOPNG\ModelsTree\Sound\Music\ZoneMusic\StormPeaks,15,0,0,0,0,0,0,0,0,0,0,15,0,0,0,0,0,0,0,0,0,0,0,0,0,0
C:\Users\ehsra\Documents\GitHub\WMVxTOPNG\ModelsTree\Sound\Music\ZoneMusic\StratholmePast,15,0,0,0,0,0,0,0,0,0,0,15,0,0,0,0,0,0,0,0,0,0,0,0,0,0
C:\Users\ehsra\Documents\GitHub\WMVxTOPNG\ModelsTree\Sound\Music\ZoneMusic\Sunwell,37,0,0,0,0,0,0,0,0,0,0,37,0,0,0,0,0,0,0,0,0,0,0,0,0,0
C:\Users\ehsra\Documents\GitHub\WMVxTOPNG\ModelsTree\Sound\Music\ZoneMusic\TavernAlliance,2,0,0,0,0,0,0,0,0,0,0,2,0,0,0,0,0,0,0,0,0,0,0,0,0,0
C:\Users\ehsra\Documents\GitHub\WMVxTOPNG\ModelsTree\Sound\Music\ZoneMusic\TavernDwarf,5,0,0,0,0,0,0,0,0,0,0,5,0,0,0,0,0,0,0,0,0,0,0,0,0,0
C:\Users\ehsra\Documents\GitHub\WMVxTOPNG\ModelsTree\Sound\Music\ZoneMusic\TavernHorde,4,0,0,0,0,0,0,0,0,0,0,4,0,0,0,0,0,0,0,0,0,0,0,0,0,0
C:\Users\ehsra\Documents\GitHub\WMVxTOPNG\ModelsTree\Sound\Music\ZoneMusic\TavernHuman,6,0,0,0,0,0,0,0,0,0,0,6,0,0,0,0,0,0,0,0,0,0,0,0,0,0
C:\Users\ehsra\Documents\GitHub\WMVxTOPNG\ModelsTree\Sound\Music\ZoneMusic\TavernNightElf,2,0,0,0,0,0,0,0,0,0,0,2,0,0,0,0,0,0,0,0,0,0,0,0,0,0
C:\Users\ehsra\Documents\GitHub\WMVxTOPNG\ModelsTree\Sound\Music\ZoneMusic\TavernOrc,6,0,0,0,0,0,0,0,0,0,0,6,0,0,0,0,0,0,0,0,0,0,0,0,0,0
C:\Users\ehsra\Documents\GitHub\WMVxTOPNG\ModelsTree\Sound\Music\ZoneMusic\TavernPirate,6,0,0,0,0,0,0,0,0,0,0,6,0,0,0,0,0,0,0,0,0,0,0,0,0,0
C:\Users\ehsra\Documents\GitHub\WMVxTOPNG\ModelsTree\Sound\Music\ZoneMusic\TavernTauren,6,0,0,0,0,0,0,0,0,0,0,6,0,0,0,0,0,0,0,0,0,0,0,0,0,0
C:\Users\ehsra\Documents\GitHub\WMVxTOPNG\ModelsTree\Sound\Music\ZoneMusic\TavernUndead,5,0,0,0,0,0,0,0,0,0,0,5,0,0,0,0,0,0,0,0,0,0,0,0,0,0
C:\Users\ehsra\Documents\GitHub\WMVxTOPNG\ModelsTree\Sound\Music\ZoneMusic\TempestKeep,17,0,0,0,0,0,0,0,0,0,0,17,0,0,0,0,0,0,0,0,0,0,0,0,0,0
C:\Users\ehsra\Documents\GitHub\WMVxTOPNG\ModelsTree\Sound\Music\ZoneMusic\Terokkar,16,0,0,0,0,0,0,0,0,0,0,16,0,0,0,0,0,0,0,0,0,0,0,0,0,0
C:\Users\ehsra\Documents\GitHub\WMVxTOPNG\ModelsTree\Sound\Music\ZoneMusic\Ulduar,10,0,0,0,0,0,0,0,0,0,0,10,0,0,0,0,0,0,0,0,0,0,0,0,0,0
C:\Users\ehsra\Documents\GitHub\WMVxTOPNG\ModelsTree\Sound\Music\ZoneMusic\UlduarRaidExt,36,0,0,0,0,0,0,0,0,0,0,36,0,0,0,0,0,0,0,0,0,0,0,0,0,0
C:\Users\ehsra\Documents\GitHub\WMVxTOPNG\ModelsTree\Sound\Music\ZoneMusic\UlduarRaidInt,28,0,0,0,0,0,0,0,0,0,0,28,0,0,0,0,0,0,0,0,0,0,0,0,0,0
C:\Users\ehsra\Documents\GitHub\WMVxTOPNG\ModelsTree\Sound\Music\ZoneMusic\Utgarde Keep,7,0,0,0,0,0,0,0,0,0,0,7,0,0,0,0,0,0,0,0,0,0,0,0,0,0
C:\Users\ehsra\Documents\GitHub\WMVxTOPNG\ModelsTree\Sound\Music\ZoneMusic\VioletHold,3,0,0,0,0,0,0,0,0,0,0,3,0,0,0,0,0,0,0,0,0,0,0,0,0,0
C:\Users\ehsra\Documents\GitHub\WMVxTOPNG\ModelsTree\Sound\Music\ZoneMusic\Volcanic,4,0,0,0,0,0,0,0,0,0,0,4,0,0,0,0,0,0,0,0,0,0,0,0,0,0
C:\Users\ehsra\Documents\GitHub\WMVxTOPNG\ModelsTree\Sound\Music\ZoneMusic\ZangarMarsh,9,0,0,0,0,0,0,0,0,0,0,9,0,0,0,0,0,0,0,0,0,0,0,0,0,0
C:\Users\ehsra\Documents\GitHub\WMVxTOPNG\ModelsTree\Sound\Music\ZoneMusic\Zulaman,12,0,0,0,0,0,0,0,0,0,0,12,0,0,0,0,0,0,0,0,0,0,0,0,0,0
C:\Users\ehsra\Documents\GitHub\WMVxTOPNG\ModelsTree\Sound\Music\ZoneMusic\ZulDrak,24,0,0,0,0,0,0,0,0,0,0,24,0,0,0,0,0,0,0,0,0,0,0,0,0,0
C:\Users\ehsra\Documents\GitHub\WMVxTOPNG\ModelsTree\Sound\Spells,896,7,0,0,0,0,0,0,0,0,0,0,0,0,0,0,0,0,896,0,0,0,0,0,0,0
C:\Users\ehsra\Documents\GitHub\WMVxTOPNG\ModelsTree\Sound\Spells\Cast,5,0,0,0,0,0,0,0,0,0,0,0,0,0,0,0,0,0,5,0,0,0,0,0,0,0
C:\Users\ehsra\Documents\GitHub\WMVxTOPNG\ModelsTree\Sound\Spells\DirectDamage,4,0,0,0,0,0,0,0,0,0,0,0,0,0,0,0,0,0,4,0,0,0,0,0,0,0
C:\Users\ehsra\Documents\GitHub\WMVxTOPNG\ModelsTree\Sound\Spells\Fizzle,5,0,0,0,0,0,0,0,0,0,0,0,0,0,0,0,0,0,5,0,0,0,0,0,0,0
C:\Users\ehsra\Documents\GitHub\WMVxTOPNG\ModelsTree\Sound\Spells\Missile,5,0,0,0,0,0,0,0,0,0,0,0,0,0,0,0,0,0,5,0,0,0,0,0,0,0
C:\Users\ehsra\Documents\GitHub\WMVxTOPNG\ModelsTree\Sound\Spells\PlayerDamage,9,0,0,0,0,0,0,0,0,0,0,0,0,0,0,0,0,0,9,0,0,0,0,0,0,0
C:\Users\ehsra\Documents\GitHub\WMVxTOPNG\ModelsTree\Sound\Spells\Tradeskills,36,0,0,0,0,0,0,0,0,0,0,0,0,0,0,0,0,0,36,0,0,0,0,0,0,0
C:\Users\ehsra\Documents\GitHub\WMVxTOPNG\ModelsTree\Sound\Spells\WarriorSwings,5,0,0,0,0,0,0,0,0,0,0,0,0,0,0,0,0,0,5,0,0,0,0,0,0,0
C:\Users\ehsra\Documents\GitHub\WMVxTOPNG\ModelsTree\Sound\Universal,11,0,0,0,0,0,0,0,0,0,0,0,0,0,0,0,0,0,11,0,0,0,0,0,0,0
C:\Users\ehsra\Documents\GitHub\WMVxTOPNG\ModelsTree\Sound\Vehicles,15,8,0,0,0,0,0,0,0,0,0,0,0,0,0,0,0,0,15,0,0,0,0,0,0,0
C:\Users\ehsra\Documents\GitHub\WMVxTOPNG\ModelsTree\Sound\Vehicles\AllianceGunShip,1,0,0,0,0,0,0,0,0,0,0,0,0,0,0,0,0,0,1,0,0,0,0,0,0,0
C:\Users\ehsra\Documents\GitHub\WMVxTOPNG\ModelsTree\Sound\Vehicles\Demolisher,15,0,0,0,0,0,0,0,0,0,0,0,0,0,0,0,0,0,15,0,0,0,0,0,0,0
C:\Users\ehsra\Documents\GitHub\WMVxTOPNG\ModelsTree\Sound\Vehicles\FlyingBomber,4,0,0,0,0,0,0,0,0,0,0,0,0,0,0,0,0,0,4,0,0,0,0,0,0,0
C:\Users\ehsra\Documents\GitHub\WMVxTOPNG\ModelsTree\Sound\Vehicles\FlyingMachineCreature_Vehicle,5,0,0,0,0,0,0,0,0,0,0,0,0,0,0,0,0,0,5,0,0,0,0,0,0,0
C:\Users\ehsra\Documents\GitHub\WMVxTOPNG\ModelsTree\Sound\Vehicles\ForsakenCatapult,15,0,0,0,0,0,0,0,0,0,0,0,0,0,0,0,0,0,15,0,0,0,0,0,0,0
C:\Users\ehsra\Documents\GitHub\WMVxTOPNG\ModelsTree\Sound\Vehicles\HordeGunShip,1,0,0,0,0,0,0,0,0,0,0,0,0,0,0,0,0,0,1,0,0,0,0,0,0,0
C:\Users\ehsra\Documents\GitHub\WMVxTOPNG\ModelsTree\Sound\Vehicles\MotorcycleVehicle,10,0,0,0,0,0,0,0,0,0,0,0,0,0,0,0,0,0,10,0,0,0,0,0,0,0
C:\Users\ehsra\Documents\GitHub\WMVxTOPNG\ModelsTree\Sound\Vehicles\SiegeVehicle,12,0,0,0,0,0,0,0,0,0,0,0,0,0,0,0,0,0,12,0,0,0,0,0,0,0
C:\Users\ehsra\Documents\GitHub\WMVxTOPNG\ModelsTree\spell,2,0,0,0,0,0,0,0,0,0,1,0,0,1,0,0,0,0,0,0,0,0,0,0,0,0
C:\Users\ehsra\Documents\GitHub\WMVxTOPNG\ModelsTree\SPELLS,3916,5,0,44,0,753,0,0,0,0,1516,0,0,1603,0,0,0,0,0,0,0,0,0,0,0,0
C:\Users\ehsra\Documents\GitHub\WMVxTOPNG\ModelsTree\SPELLS\ENCHANTMENTS,89,0,0,0,0,3,0,0,0,0,43,0,0,43,0,0,0,0,0,0,0,0,0,0,0,0
C:\Users\ehsra\Documents\GitHub\WMVxTOPNG\ModelsTree\SPELLS\HOLIDAYS,18,0,0,0,0,6,0,0,0,0,6,0,0,6,0,0,0,0,0,0,0,0,0,0,0,0
C:\Users\ehsra\Documents\GitHub\WMVxTOPNG\ModelsTree\SPELLS\LevelUp,2,0,0,0,0,0,0,0,0,0,1,0,0,1,0,0,0,0,0,0,0,0,0,0,0,0
C:\Users\ehsra\Documents\GitHub\WMVxTOPNG\ModelsTree\SPELLS\LevelUpSpell,2,0,0,0,0,0,0,0,0,0,1,0,0,1,0,0,0,0,0,0,0,0,0,0,0,0
C:\Users\ehsra\Documents\GitHub\WMVxTOPNG\ModelsTree\SPELLS\TEXTURES,22,0,0,0,0,22,0,0,0,0,0,0,0,0,0,0,0,0,0,0,0,0,0,0,0,0
C:\Users\ehsra\Documents\GitHub\WMVxTOPNG\ModelsTree\TEST,2,0,0,0,0,2,0,0,0,0,0,0,0,0,0,0,0,0,0,0,0,0,0,0,0,0
C:\Users\ehsra\Documents\GitHub\WMVxTOPNG\ModelsTree\textures,11,11,0,0,0,11,0,0,0,0,0,0,0,0,0,0,0,0,0,0,0,0,0,0,0,0
C:\Users\ehsra\Documents\GitHub\WMVxTOPNG\ModelsTree\textures\BakedNpcTextures,15666,0,0,0,0,15666,0,0,0,0,0,0,0,0,0,0,0,0,0,0,0,0,0,0,0,0
C:\Users\ehsra\Documents\GitHub\WMVxTOPNG\ModelsTree\textures\BloodSplats,12,0,0,0,0,12,0,0,0,0,0,0,0,0,0,0,0,0,0,0,0,0,0,0,0,0
C:\Users\ehsra\Documents\GitHub\WMVxTOPNG\ModelsTree\textures\ELWYNN,0,1,0,0,0,0,0,0,0,0,0,0,0,0,0,0,0,0,0,0,0,0,0,0,0,0
C:\Users\ehsra\Documents\GitHub\WMVxTOPNG\ModelsTree\textures\ELWYNN\BATTLEGLADE,0,1,0,0,0,0,0,0,0,0,0,0,0,0,0,0,0,0,0,0,0,0,0,0,0,0
C:\Users\ehsra\Documents\GitHub\WMVxTOPNG\ModelsTree\textures\ELWYNN\BATTLEGLADE\SKULLS,1,0,0,0,0,1,0,0,0,0,0,0,0,0,0,0,0,0,0,0,0,0,0,0,0,0
C:\Users\ehsra\Documents\GitHub\WMVxTOPNG\ModelsTree\textures\Footsteps,6,0,0,0,0,6,0,0,0,0,0,0,0,0,0,0,0,0,0,0,0,0,0,0,0,0
C:\Users\ehsra\Documents\GitHub\WMVxTOPNG\ModelsTree\textures\GuildEmblems,6118,0,0,0,0,6118,0,0,0,0,0,0,0,0,0,0,0,0,0,0,0,0,0,0,0,0
C:\Users\ehsra\Documents\GitHub\WMVxTOPNG\ModelsTree\textures\Minimap,18537,0,0,0,0,18536,0,0,0,0,0,0,0,0,0,1,0,0,0,0,0,0,0,0,0,0
C:\Users\ehsra\Documents\GitHub\WMVxTOPNG\ModelsTree\textures\Shaders,0,1,0,0,0,0,0,0,0,0,0,0,0,0,0,0,0,0,0,0,0,0,0,0,0,0
C:\Users\ehsra\Documents\GitHub\WMVxTOPNG\ModelsTree\textures\Shaders\Vertex,2,0,0,0,0,0,2,0,0,0,0,0,0,0,0,0,0,0,0,0,0,0,0,0,0,0
C:\Users\ehsra\Documents\GitHub\WMVxTOPNG\ModelsTree\textures\SpellChainEffects,35,0,0,0,0,35,0,0,0,0,0,0,0,0,0,0,0,0,0,0,0,0,0,0,0,0
C:\Users\ehsra\Documents\GitHub\WMVxTOPNG\ModelsTree\textures\TaxiMaps,2,0,0,0,0,2,0,0,0,0,0,0,0,0,0,0,0,0,0,0,0,0,0,0,0,0
C:\Users\ehsra\Documents\GitHub\WMVxTOPNG\ModelsTree\textures\WEATHER,7,0,0,0,0,7,0,0,0,0,0,0,0,0,0,0,0,0,0,0,0,0,0,0,0,0
C:\Users\ehsra\Documents\GitHub\WMVxTOPNG\ModelsTree\textures\WESTWOOD,0,2,0,0,0,0,0,0,0,0,0,0,0,0,0,0,0,0,0,0,0,0,0,0,0,0
C:\Users\ehsra\Documents\GitHub\WMVxTOPNG\ModelsTree\textures\WESTWOOD\DOORS,1,0,0,0,0,1,0,0,0,0,0,0,0,0,0,0,0,0,0,0,0,0,0,0,0,0
C:\Users\ehsra\Documents\GitHub\WMVxTOPNG\ModelsTree\textures\WESTWOOD\MISC,1,0,0,0,0,1,0,0,0,0,0,0,0,0,0,0,0,0,0,0,0,0,0,0,0,0
C:\Users\ehsra\Documents\GitHub\WMVxTOPNG\ModelsTree\TILESET,0,53,0,0,0,0,0,0,0,0,0,0,0,0,0,0,0,0,0,0,0,0,0,0,0,0
C:\Users\ehsra\Documents\GitHub\WMVxTOPNG\ModelsTree\TILESET\Aerie Peaks,18,0,0,0,0,18,0,0,0,0,0,0,0,0,0,0,0,0,0,0,0,0,0,0,0,0
C:\Users\ehsra\Documents\GitHub\WMVxTOPNG\ModelsTree\TILESET\AlteracMtns,36,0,0,0,0,36,0,0,0,0,0,0,0,0,0,0,0,0,0,0,0,0,0,0,0,0
C:\Users\ehsra\Documents\GitHub\WMVxTOPNG\ModelsTree\TILESET\AraithiHighlands,16,0,0,0,0,16,0,0,0,0,0,0,0,0,0,0,0,0,0,0,0,0,0,0,0,0
C:\Users\ehsra\Documents\GitHub\WMVxTOPNG\ModelsTree\TILESET\Ashenvale,26,0,0,0,0,26,0,0,0,0,0,0,0,0,0,0,0,0,0,0,0,0,0,0,0,0
C:\Users\ehsra\Documents\GitHub\WMVxTOPNG\ModelsTree\TILESET\Ashzara,45,0,0,0,0,45,0,0,0,0,0,0,0,0,0,0,0,0,0,0,0,0,0,0,0,0
C:\Users\ehsra\Documents\GitHub\WMVxTOPNG\ModelsTree\TILESET\Barrens,30,0,0,0,0,30,0,0,0,0,0,0,0,0,0,0,0,0,0,0,0,0,0,0,0,0
C:\Users\ehsra\Documents\GitHub\WMVxTOPNG\ModelsTree\TILESET\BOREANTUNDRA,0,1,0,0,0,0,0,0,0,0,0,0,0,0,0,0,0,0,0,0,0,0,0,0,0,0
C:\Users\ehsra\Documents\GitHub\WMVxTOPNG\ModelsTree\TILESET\BOREANTUNDRA\JKUNZ,6,0,0,0,0,6,0,0,0,0,0,0,0,0,0,0,0,0,0,0,0,0,0,0,0,0
C:\Users\ehsra\Documents\GitHub\WMVxTOPNG\ModelsTree\TILESET\BURNINGSTEPPS,33,0,0,0,0,33,0,0,0,0,0,0,0,0,0,0,0,0,0,0,0,0,0,0,0,0
C:\Users\ehsra\Documents\GitHub\WMVxTOPNG\ModelsTree\TILESET\Darkshore,25,0,0,0,0,25,0,0,0,0,0,0,0,0,0,0,0,0,0,0,0,0,0,0,0,0
C:\Users\ehsra\Documents\GitHub\WMVxTOPNG\ModelsTree\TILESET\Deadwind Pass,10,0,0,0,0,10,0,0,0,0,0,0,0,0,0,0,0,0,0,0,0,0,0,0,0,0
C:\Users\ehsra\Documents\GitHub\WMVxTOPNG\ModelsTree\TILESET\Desolace,18,0,0,0,0,18,0,0,0,0,0,0,0,0,0,0,0,0,0,0,0,0,0,0,0,0
C:\Users\ehsra\Documents\GitHub\WMVxTOPNG\ModelsTree\TILESET\Durotar,28,0,0,0,0,28,0,0,0,0,0,0,0,0,0,0,0,0,0,0,0,0,0,0,0,0
C:\Users\ehsra\Documents\GitHub\WMVxTOPNG\ModelsTree\TILESET\Duskwallow Marsh,24,0,0,0,0,24,0,0,0,0,0,0,0,0,0,0,0,0,0,0,0,0,0,0,0,0
C:\Users\ehsra\Documents\GitHub\WMVxTOPNG\ModelsTree\TILESET\DUSKWOOD,32,0,0,0,0,32,0,0,0,0,0,0,0,0,0,0,0,0,0,0,0,0,0,0,0,0
C:\Users\ehsra\Documents\GitHub\WMVxTOPNG\ModelsTree\TILESET\Elwynn,44,0,0,0,0,44,0,0,0,0,0,0,0,0,0,0,0,0,0,0,0,0,0,0,0,0
C:\Users\ehsra\Documents\GitHub\WMVxTOPNG\ModelsTree\TILESET\EMERALDDREAM,22,1,0,0,0,22,0,0,0,0,0,0,0,0,0,0,0,0,0,0,0,0,0,0,0,0
C:\Users\ehsra\Documents\GitHub\WMVxTOPNG\ModelsTree\TILESET\EMERALDDREAM\Old,16,0,0,0,0,16,0,0,0,0,0,0,0,0,0,0,0,0,0,0,0,0,0,0,0,0
C:\Users\ehsra\Documents\GitHub\WMVxTOPNG\ModelsTree\TILESET\EmeraldDreamCanyon,4,0,0,0,0,4,0,0,0,0,0,0,0,0,0,0,0,0,0,0,0,0,0,0,0,0
C:\Users\ehsra\Documents\GitHub\WMVxTOPNG\ModelsTree\TILESET\EXPANSION01,0,12,0,0,0,0,0,0,0,0,0,0,0,0,0,0,0,0,0,0,0,0,0,0,0,0
C:\Users\ehsra\Documents\GitHub\WMVxTOPNG\ModelsTree\TILESET\EXPANSION01\BladesEdge,28,0,0,0,0,28,0,0,0,0,0,0,0,0,0,0,0,0,0,0,0,0,0,0,0,0
C:\Users\ehsra\Documents\GitHub\WMVxTOPNG\ModelsTree\TILESET\EXPANSION01\BloodMyst,28,0,0,0,0,28,0,0,0,0,0,0,0,0,0,0,0,0,0,0,0,0,0,0,0,0
C:\Users\ehsra\Documents\GitHub\WMVxTOPNG\ModelsTree\TILESET\EXPANSION01\BONEWASTES,30,0,0,0,0,30,0,0,0,0,0,0,0,0,0,0,0,0,0,0,0,0,0,0,0,0
C:\Users\ehsra\Documents\GitHub\WMVxTOPNG\ModelsTree\TILESET\EXPANSION01\EVERSONG,37,0,0,0,0,37,0,0,0,0,0,0,0,0,0,0,0,0,0,0,0,0,0,0,0,0
C:\Users\ehsra\Documents\GitHub\WMVxTOPNG\ModelsTree\TILESET\EXPANSION01\GHOSTLANDS,19,0,0,0,0,19,0,0,0,0,0,0,0,0,0,0,0,0,0,0,0,0,0,0,0,0
C:\Users\ehsra\Documents\GitHub\WMVxTOPNG\ModelsTree\TILESET\EXPANSION01\NAGRAND,38,0,0,0,0,38,0,0,0,0,0,0,0,0,0,0,0,0,0,0,0,0,0,0,0,0
C:\Users\ehsra\Documents\GitHub\WMVxTOPNG\ModelsTree\TILESET\EXPANSION01\Netherstorm,12,0,0,0,0,12,0,0,0,0,0,0,0,0,0,0,0,0,0,0,0,0,0,0,0,0
C:\Users\ehsra\Documents\GitHub\WMVxTOPNG\ModelsTree\TILESET\EXPANSION01\PortalLegion,12,0,0,0,0,12,0,0,0,0,0,0,0,0,0,0,0,0,0,0,0,0,0,0,0,0
C:\Users\ehsra\Documents\GitHub\WMVxTOPNG\ModelsTree\TILESET\EXPANSION01\ShadowmoonValley,12,0,0,0,0,12,0,0,0,0,0,0,0,0,0,0,0,0,0,0,0,0,0,0,0,0
C:\Users\ehsra\Documents\GitHub\WMVxTOPNG\ModelsTree\TILESET\EXPANSION01\SilverMyst,28,0,0,0,0,28,0,0,0,0,0,0,0,0,0,0,0,0,0,0,0,0,0,0,0,0
C:\Users\ehsra\Documents\GitHub\WMVxTOPNG\ModelsTree\TILESET\EXPANSION01\Terokkar,18,0,0,0,0,18,0,0,0,0,0,0,0,0,0,0,0,0,0,0,0,0,0,0,0,0
C:\Users\ehsra\Documents\GitHub\WMVxTOPNG\ModelsTree\TILESET\EXPANSION01\Zangarmarsh,58,0,0,0,0,58,0,0,0,0,0,0,0,0,0,0,0,0,0,0,0,0,0,0,0,0
C:\Users\ehsra\Documents\GitHub\WMVxTOPNG\ModelsTree\TILESET\EXPANSION02,0,9,0,0,0,0,0,0,0,0,0,0,0,0,0,0,0,0,0,0,0,0,0,0,0,0
C:\Users\ehsra\Documents\GitHub\WMVxTOPNG\ModelsTree\TILESET\EXPANSION02\BOREANTUNDRA,130,0,0,0,0,130,0,0,0,0,0,0,0,0,0,0,0,0,0,0,0,0,0,0,0,0
C:\Users\ehsra\Documents\GitHub\WMVxTOPNG\ModelsTree\TILESET\EXPANSION02\DRAGONBLIGHT,161,0,0,0,0,161,0,0,0,0,0,0,0,0,0,0,0,0,0,0,0,0,0,0,0,0
C:\Users\ehsra\Documents\GitHub\WMVxTOPNG\ModelsTree\TILESET\EXPANSION02\GrizzlyHills,129,0,0,0,0,129,0,0,0,0,0,0,0,0,0,0,0,0,0,0,0,0,0,0,0,0
C:\Users\ehsra\Documents\GitHub\WMVxTOPNG\ModelsTree\TILESET\EXPANSION02\HOWLINGFJORD,100,0,0,0,0,100,0,0,0,0,0,0,0,0,0,0,0,0,0,0,0,0,0,0,0,0
C:\Users\ehsra\Documents\GitHub\WMVxTOPNG\ModelsTree\TILESET\EXPANSION02\IceCrown,82,0,0,0,0,82,0,0,0,0,0,0,0,0,0,0,0,0,0,0,0,0,0,0,0,0
C:\Users\ehsra\Documents\GitHub\WMVxTOPNG\ModelsTree\TILESET\EXPANSION02\LakeWintergrasp,44,0,0,0,0,44,0,0,0,0,0,0,0,0,0,0,0,0,0,0,0,0,0,0,0,0
C:\Users\ehsra\Documents\GitHub\WMVxTOPNG\ModelsTree\TILESET\EXPANSION02\SHOLAZARBASIN,89,0,0,0,0,89,0,0,0,0,0,0,0,0,0,0,0,0,0,0,0,0,0,0,0,0
C:\Users\ehsra\Documents\GitHub\WMVxTOPNG\ModelsTree\TILESET\EXPANSION02\StormPeaks,88,0,0,0,0,88,0,0,0,0,0,0,0,0,0,0,0,0,0,0,0,0,0,0,0,0
C:\Users\ehsra\Documents\GitHub\WMVxTOPNG\ModelsTree\TILESET\EXPANSION02\ZULDRAK,121,0,0,0,0,121,0,0,0,0,0,0,0,0,0,0,0,0,0,0,0,0,0,0,0,0
C:\Users\ehsra\Documents\GitHub\WMVxTOPNG\ModelsTree\TILESET\FELWOOD,33,0,0,0,0,33,0,0,0,0,0,0,0,0,0,0,0,0,0,0,0,0,0,0,0,0
C:\Users\ehsra\Documents\GitHub\WMVxTOPNG\ModelsTree\TILESET\FERALAS,21,0,0,0,0,21,0,0,0,0,0,0,0,0,0,0,0,0,0,0,0,0,0,0,0,0
C:\Users\ehsra\Documents\GitHub\WMVxTOPNG\ModelsTree\TILESET\Generic,69,0,0,0,0,69,0,0,0,0,0,0,0,0,0,0,0,0,0,0,0,0,0,0,0,0
C:\Users\ehsra\Documents\GitHub\WMVxTOPNG\ModelsTree\TILESET\GRIZZLYHILLS,0,1,0,0,0,0,0,0,0,0,0,0,0,0,0,0,0,0,0,0,0,0,0,0,0,0
C:\Users\ehsra\Documents\GitHub\WMVxTOPNG\ModelsTree\TILESET\GRIZZLYHILLS\JKUNZ,1,0,0,0,0,1,0,0,0,0,0,0,0,0,0,0,0,0,0,0,0,0,0,0,0,0
C:\Users\ehsra\Documents\GitHub\WMVxTOPNG\ModelsTree\TILESET\Hyjal,19,0,0,0,0,19,0,0,0,0,0,0,0,0,0,0,0,0,0,0,0,0,0,0,0,0
C:\Users\ehsra\Documents\GitHub\WMVxTOPNG\ModelsTree\TILESET\IRONFORGE,24,0,0,0,0,24,0,0,0,0,0,0,0,0,0,0,0,0,0,0,0,0,0,0,0,0
C:\Users\ehsra\Documents\GitHub\WMVxTOPNG\ModelsTree\TILESET\Kalidar,26,0,0,0,0,26,0,0,0,0,0,0,0,0,0,0,0,0,0,0,0,0,0,0,0,0
C:\Users\ehsra\Documents\GitHub\WMVxTOPNG\ModelsTree\TILESET\Loch Modan,25,0,0,0,0,25,0,0,0,0,0,0,0,0,0,0,0,0,0,0,0,0,0,0,0,0
C:\Users\ehsra\Documents\GitHub\WMVxTOPNG\ModelsTree\TILESET\MOONGLADE,14,0,0,0,0,14,0,0,0,0,0,0,0,0,0,0,0,0,0,0,0,0,0,0,0,0
C:\Users\ehsra\Documents\GitHub\WMVxTOPNG\ModelsTree\TILESET\Mullgore,22,0,0,0,0,22,0,0,0,0,0,0,0,0,0,0,0,0,0,0,0,0,0,0,0,0
C:\Users\ehsra\Documents\GitHub\WMVxTOPNG\ModelsTree\TILESET\Outland,18,0,0,0,0,18,0,0,0,0,0,0,0,0,0,0,0,0,0,0,0,0,0,0,0,0
C:\Users\ehsra\Documents\GitHub\WMVxTOPNG\ModelsTree\TILESET\PlagueLands,10,0,0,0,0,10,0,0,0,0,0,0,0,0,0,0,0,0,0,0,0,0,0,0,0,0
C:\Users\ehsra\Documents\GitHub\WMVxTOPNG\ModelsTree\TILESET\PlagueLandsEast,30,0,0,0,0,30,0,0,0,0,0,0,0,0,0,0,0,0,0,0,0,0,0,0,0,0
C:\Users\ehsra\Documents\GitHub\WMVxTOPNG\ModelsTree\TILESET\PlagueLandsWest,16,0,0,0,0,16,0,0,0,0,0,0,0,0,0,0,0,0,0,0,0,0,0,0,0,0
C:\Users\ehsra\Documents\GitHub\WMVxTOPNG\ModelsTree\TILESET\Razorfen,4,0,0,0,0,4,0,0,0,0,0,0,0,0,0,0,0,0,0,0,0,0,0,0,0,0
C:\Users\ehsra\Documents\GitHub\WMVxTOPNG\ModelsTree\TILESET\RedRidge,18,0,0,0,0,18,0,0,0,0,0,0,0,0,0,0,0,0,0,0,0,0,0,0,0,0
C:\Users\ehsra\Documents\GitHub\WMVxTOPNG\ModelsTree\TILESET\Silithis,19,0,0,0,0,19,0,0,0,0,0,0,0,0,0,0,0,0,0,0,0,0,0,0,0,0
C:\Users\ehsra\Documents\GitHub\WMVxTOPNG\ModelsTree\TILESET\SilverPine,18,0,0,0,0,18,0,0,0,0,0,0,0,0,0,0,0,0,0,0,0,0,0,0,0,0
C:\Users\ehsra\Documents\GitHub\WMVxTOPNG\ModelsTree\TILESET\STONETALON MTS,13,0,0,0,0,13,0,0,0,0,0,0,0,0,0,0,0,0,0,0,0,0,0,0,0,0
C:\Users\ehsra\Documents\GitHub\WMVxTOPNG\ModelsTree\TILESET\Stranglethorn,22,0,0,0,0,22,0,0,0,0,0,0,0,0,0,0,0,0,0,0,0,0,0,0,0,0
C:\Users\ehsra\Documents\GitHub\WMVxTOPNG\ModelsTree\TILESET\Swamp of Sorrows,18,0,0,0,0,18,0,0,0,0,0,0,0,0,0,0,0,0,0,0,0,0,0,0,0,0
C:\Users\ehsra\Documents\GitHub\WMVxTOPNG\ModelsTree\TILESET\TANARIS,23,0,0,0,0,23,0,0,0,0,0,0,0,0,0,0,0,0,0,0,0,0,0,0,0,0
C:\Users\ehsra\Documents\GitHub\WMVxTOPNG\ModelsTree\TILESET\Terrain Cube Maps,4,0,0,0,0,4,0,0,0,0,0,0,0,0,0,0,0,0,0,0,0,0,0,0,0,0
C:\Users\ehsra\Documents\GitHub\WMVxTOPNG\ModelsTree\TILESET\The Badlands,24,0,0,0,0,24,0,0,0,0,0,0,0,0,0,0,0,0,0,0,0,0,0,0,0,0
C:\Users\ehsra\Documents\GitHub\WMVxTOPNG\ModelsTree\TILESET\The Blasted Lands,27,0,0,0,0,27,0,0,0,0,0,0,0,0,0,0,0,0,0,0,0,0,0,0,0,0
C:\Users\ehsra\Documents\GitHub\WMVxTOPNG\ModelsTree\TILESET\ThousandNeedles,21,0,0,0,0,21,0,0,0,0,0,0,0,0,0,0,0,0,0,0,0,0,0,0,0,0
C:\Users\ehsra\Documents\GitHub\WMVxTOPNG\ModelsTree\TILESET\TirisFall,15,0,0,0,0,15,0,0,0,0,0,0,0,0,0,0,0,0,0,0,0,0,0,0,0,0
C:\Users\ehsra\Documents\GitHub\WMVxTOPNG\ModelsTree\TILESET\TOL BARAD,9,0,0,0,0,9,0,0,0,0,0,0,0,0,0,0,0,0,0,0,0,0,0,0,0,0
C:\Users\ehsra\Documents\GitHub\WMVxTOPNG\ModelsTree\TILESET\UNGORO,7,0,0,0,0,7,0,0,0,0,0,0,0,0,0,0,0,0,0,0,0,0,0,0,0,0
C:\Users\ehsra\Documents\GitHub\WMVxTOPNG\ModelsTree\TILESET\Westwood,36,0,0,0,0,36,0,0,0,0,0,0,0,0,0,0,0,0,0,0,0,0,0,0,0,0
C:\Users\ehsra\Documents\GitHub\WMVxTOPNG\ModelsTree\TILESET\Wetlands,12,0,0,0,0,12,0,0,0,0,0,0,0,0,0,0,0,0,0,0,0,0,0,0,0,0
C:\Users\ehsra\Documents\GitHub\WMVxTOPNG\ModelsTree\TILESET\WINTERSPRING GROVE,28,0,0,0,0,28,0,0,0,0,0,0,0,0,0,0,0,0,0,0,0,0,0,0,0,0
C:\Users\ehsra\Documents\GitHub\WMVxTOPNG\ModelsTree\TILESET\ZulAman,11,0,0,0,0,11,0,0,0,0,0,0,0,0,0,0,0,0,0,0,0,0,0,0,0,0
C:\Users\ehsra\Documents\GitHub\WMVxTOPNG\ModelsTree\TILESET\ZulGurub,10,0,0,0,0,10,0,0,0,0,0,0,0,0,0,0,0,0,0,0,0,0,0,0,0,0
C:\Users\ehsra\Documents\GitHub\WMVxTOPNG\ModelsTree\World,2,22,0,0,1,0,0,1,0,0,0,0,0,0,0,0,0,0,0,0,0,0,0,0,0,0
C:\Users\ehsra\Documents\GitHub\WMVxTOPNG\ModelsTree\World\ArtTest,0,2,0,0,0,0,0,0,0,0,0,0,0,0,0,0,0,0,0,0,0,0,0,0,0,0
C:\Users\ehsra\Documents\GitHub\WMVxTOPNG\ModelsTree\World\ArtTest\Boxtest,3,0,0,0,0,1,0,0,0,0,1,0,0,1,0,0,0,0,0,0,0,0,0,0,0,0
C:\Users\ehsra\Documents\GitHub\WMVxTOPNG\ModelsTree\World\ArtTest\Shader,2,0,0,0,0,0,0,0,0,0,1,0,0,1,0,0,0,0,0,0,0,0,0,0,0,0
C:\Users\ehsra\Documents\GitHub\WMVxTOPNG\ModelsTree\World\AZEROTH,0,15,0,0,0,0,0,0,0,0,0,0,0,0,0,0,0,0,0,0,0,0,0,0,0,0
C:\Users\ehsra\Documents\GitHub\WMVxTOPNG\ModelsTree\World\AZEROTH\BOOTYBAY,0,1,0,0,0,0,0,0,0,0,0,0,0,0,0,0,0,0,0,0,0,0,0,0,0,0
C:\Users\ehsra\Documents\GitHub\WMVxTOPNG\ModelsTree\World\AZEROTH\BOOTYBAY\PASSIVEDOODAD,0,7,0,0,0,0,0,0,0,0,0,0,0,0,0,0,0,0,0,0,0,0,0,0,0,0
C:\Users\ehsra\Documents\GitHub\WMVxTOPNG\ModelsTree\World\AZEROTH\BOOTYBAY\PASSIVEDOODAD\BOOTYENTRANCE,7,0,0,0,0,5,0,0,0,0,1,0,0,1,0,0,0,0,0,0,0,0,0,0,0,0
C:\Users\ehsra\Documents\GitHub\WMVxTOPNG\ModelsTree\World\AZEROTH\BOOTYBAY\PASSIVEDOODAD\DeadFish,14,0,0,0,0,0,0,0,0,0,7,0,0,7,0,0,0,0,0,0,0,0,0,0,0,0
C:\Users\ehsra\Documents\GitHub\WMVxTOPNG\ModelsTree\World\AZEROTH\BOOTYBAY\PASSIVEDOODAD\FishingBox,2,0,0,0,0,0,0,0,0,0,1,0,0,1,0,0,0,0,0,0,0,0,0,0,0,0
C:\Users\ehsra\Documents\GitHub\WMVxTOPNG\ModelsTree\World\AZEROTH\BOOTYBAY\PASSIVEDOODAD\FishingPoles,4,0,0,0,0,0,0,0,0,0,2,0,0,2,0,0,0,0,0,0,0,0,0,0,0,0
C:\Users\ehsra\Documents\GitHub\WMVxTOPNG\ModelsTree\World\AZEROTH\BOOTYBAY\PASSIVEDOODAD\GoblinStatue,3,0,0,0,0,1,0,0,0,0,1,0,0,1,0,0,0,0,0,0,0,0,0,0,0,0
C:\Users\ehsra\Documents\GitHub\WMVxTOPNG\ModelsTree\World\AZEROTH\BOOTYBAY\PASSIVEDOODAD\Harpoons,2,0,0,0,0,0,0,0,0,0,1,0,0,1,0,0,0,0,0,0,0,0,0,0,0,0
C:\Users\ehsra\Documents\GitHub\WMVxTOPNG\ModelsTree\World\AZEROTH\BOOTYBAY\PASSIVEDOODAD\SharkModels,4,0,0,0,0,2,0,0,0,0,1,0,0,1,0,0,0,0,0,0,0,0,0,0,0,0
C:\Users\ehsra\Documents\GitHub\WMVxTOPNG\ModelsTree\World\AZEROTH\BURNINGSTEPPES,0,2,0,0,0,0,0,0,0,0,0,0,0,0,0,0,0,0,0,0,0,0,0,0,0,0
C:\Users\ehsra\Documents\GitHub\WMVxTOPNG\ModelsTree\World\AZEROTH\BURNINGSTEPPES\ActiveDoodads,0,1,0,0,0,0,0,0,0,0,0,0,0,0,0,0,0,0,0,0,0,0,0,0,0,0
C:\Users\ehsra\Documents\GitHub\WMVxTOPNG\ModelsTree\World\AZEROTH\BURNINGSTEPPES\ActiveDoodads\DarkIronNode,6,0,0,0,0,2,0,0,0,0,2,0,0,2,0,0,0,0,0,0,0,0,0,0,0,0
C:\Users\ehsra\Documents\GitHub\WMVxTOPNG\ModelsTree\World\AZEROTH\BURNINGSTEPPES\PASSIVEDOODADS,0,33,0,0,0,0,0,0,0,0,0,0,0,0,0,0,0,0,0,0,0,0,0,0,0,0
C:\Users\ehsra\Documents\GitHub\WMVxTOPNG\ModelsTree\World\AZEROTH\BURNINGSTEPPES\PASSIVEDOODADS\AnimalHeads,6,0,0,0,0,2,0,0,0,0,2,0,0,2,0,0,0,0,0,0,0,0,0,0,0,0
C:\Users\ehsra\Documents\GitHub\WMVxTOPNG\ModelsTree\World\AZEROTH\BURNINGSTEPPES\PASSIVEDOODADS\Ashpeople,13,0,0,0,0,3,0,0,0,0,5,0,0,5,0,0,0,0,0,0,0,0,0,0,0,0
C:\Users\ehsra\Documents\GitHub\WMVxTOPNG\ModelsTree\World\AZEROTH\BURNINGSTEPPES\PASSIVEDOODADS\Bonfire,9,0,0,0,0,3,0,0,0,0,3,0,0,3,0,0,0,0,0,0,0,0,0,0,0,0
C:\Users\ehsra\Documents\GitHub\WMVxTOPNG\ModelsTree\World\AZEROTH\BURNINGSTEPPES\PASSIVEDOODADS\Bridges,4,0,0,0,0,2,0,0,0,0,1,0,0,1,0,0,0,0,0,0,0,0,0,0,0,0
C:\Users\ehsra\Documents\GitHub\WMVxTOPNG\ModelsTree\World\AZEROTH\BURNINGSTEPPES\PASSIVEDOODADS\BurningGiantWheel,2,0,0,0,0,0,0,0,0,0,1,0,0,1,0,0,0,0,0,0,0,0,0,0,0,0
C:\Users\ehsra\Documents\GitHub\WMVxTOPNG\ModelsTree\World\AZEROTH\BURNINGSTEPPES\PASSIVEDOODADS\CliffRocks,12,0,0,0,0,0,0,0,0,0,6,0,0,6,0,0,0,0,0,0,0,0,0,0,0,0
C:\Users\ehsra\Documents\GitHub\WMVxTOPNG\ModelsTree\World\AZEROTH\BURNINGSTEPPES\PASSIVEDOODADS\FALLINGEMBERS,3,0,0,0,0,1,0,0,0,0,1,0,0,1,0,0,0,0,0,0,0,0,0,0,0,0
C:\Users\ehsra\Documents\GitHub\WMVxTOPNG\ModelsTree\World\AZEROTH\BURNINGSTEPPES\PASSIVEDOODADS\FENCES,7,0,0,0,0,1,0,0,0,0,3,0,0,3,0,0,0,0,0,0,0,0,0,0,0,0
C:\Users\ehsra\Documents\GitHub\WMVxTOPNG\ModelsTree\World\AZEROTH\BURNINGSTEPPES\PASSIVEDOODADS\LAVAALTAR,8,0,0,0,0,6,0,0,0,0,1,0,0,1,0,0,0,0,0,0,0,0,0,0,0,0
C:\Users\ehsra\Documents\GitHub\WMVxTOPNG\ModelsTree\World\AZEROTH\BURNINGSTEPPES\PASSIVEDOODADS\LavaBridge,5,0,0,0,0,3,0,0,0,0,1,0,0,1,0,0,0,0,0,0,0,0,0,0,0,0
C:\Users\ehsra\Documents\GitHub\WMVxTOPNG\ModelsTree\World\AZEROTH\BURNINGSTEPPES\PASSIVEDOODADS\LavaFalls,9,0,0,0,0,1,0,0,0,0,4,0,0,4,0,0,0,0,0,0,0,0,0,0,0,0
C:\Users\ehsra\Documents\GitHub\WMVxTOPNG\ModelsTree\World\AZEROTH\BURNINGSTEPPES\PASSIVEDOODADS\LavaPillar,11,0,0,0,0,3,0,0,0,0,4,0,0,4,0,0,0,0,0,0,0,0,0,0,0,0
C:\Users\ehsra\Documents\GitHub\WMVxTOPNG\ModelsTree\World\AZEROTH\BURNINGSTEPPES\PASSIVEDOODADS\LAVAPLUGS,8,0,0,0,0,4,0,0,0,0,2,0,0,2,0,0,0,0,0,0,0,0,0,0,0,0
C:\Users\ehsra\Documents\GitHub\WMVxTOPNG\ModelsTree\World\AZEROTH\BURNINGSTEPPES\PASSIVEDOODADS\LavaShrine,16,0,0,0,0,6,0,0,0,0,5,0,0,5,0,0,0,0,0,0,0,0,0,0,0,0
C:\Users\ehsra\Documents\GitHub\WMVxTOPNG\ModelsTree\World\AZEROTH\BURNINGSTEPPES\PASSIVEDOODADS\LotharStatue,2,0,0,0,0,0,0,0,0,0,1,0,0,1,0,0,0,0,0,0,0,0,0,0,0,0
C:\Users\ehsra\Documents\GitHub\WMVxTOPNG\ModelsTree\World\AZEROTH\BURNINGSTEPPES\PASSIVEDOODADS\OGREHEADPIKE,5,0,0,0,0,3,0,0,0,0,1,0,0,1,0,0,0,0,0,0,0,0,0,0,0,0
C:\Users\ehsra\Documents\GitHub\WMVxTOPNG\ModelsTree\World\AZEROTH\BURNINGSTEPPES\PASSIVEDOODADS\OrcAnvilStoneBurningSteppes,4,0,0,0,0,2,0,0,0,0,1,0,0,1,0,0,0,0,0,0,0,0,0,0,0,0
C:\Users\ehsra\Documents\GitHub\WMVxTOPNG\ModelsTree\World\AZEROTH\BURNINGSTEPPES\PASSIVEDOODADS\OrcBurialPyres,7,0,0,0,0,3,0,0,0,0,2,0,0,2,0,0,0,0,0,0,0,0,0,0,0,0
C:\Users\ehsra\Documents\GitHub\WMVxTOPNG\ModelsTree\World\AZEROTH\BURNINGSTEPPES\PASSIVEDOODADS\OrcFoundryPit,3,0,0,0,0,1,0,0,0,0,1,0,0,1,0,0,0,0,0,0,0,0,0,0,0,0
C:\Users\ehsra\Documents\GitHub\WMVxTOPNG\ModelsTree\World\AZEROTH\BURNINGSTEPPES\PASSIVEDOODADS\ORCSLEEPMATS,9,0,0,0,0,3,0,0,0,0,3,0,0,3,0,0,0,0,0,0,0,0,0,0,0,0
C:\Users\ehsra\Documents\GitHub\WMVxTOPNG\ModelsTree\World\AZEROTH\BURNINGSTEPPES\PASSIVEDOODADS\OrcTents,5,0,0,0,0,3,0,0,0,0,1,0,0,1,0,0,0,0,0,0,0,0,0,0,0,0
C:\Users\ehsra\Documents\GitHub\WMVxTOPNG\ModelsTree\World\AZEROTH\BURNINGSTEPPES\PASSIVEDOODADS\OrcToolRackBurningSteppes,4,0,0,0,0,2,0,0,0,0,1,0,0,1,0,0,0,0,0,0,0,0,0,0,0,0
C:\Users\ehsra\Documents\GitHub\WMVxTOPNG\ModelsTree\World\AZEROTH\BURNINGSTEPPES\PASSIVEDOODADS\PentagramDirt,3,0,0,0,0,1,0,0,0,0,1,0,0,1,0,0,0,0,0,0,0,0,0,0,0,0
C:\Users\ehsra\Documents\GitHub\WMVxTOPNG\ModelsTree\World\AZEROTH\BURNINGSTEPPES\PASSIVEDOODADS\Rocks,29,0,0,0,0,5,0,0,0,0,12,0,0,12,0,0,0,0,0,0,0,0,0,0,0,0
C:\Users\ehsra\Documents\GitHub\WMVxTOPNG\ModelsTree\World\AZEROTH\BURNINGSTEPPES\PASSIVEDOODADS\RUINS,3,0,0,0,0,1,0,0,0,0,1,0,0,1,0,0,0,0,0,0,0,0,0,0,0,0
C:\Users\ehsra\Documents\GitHub\WMVxTOPNG\ModelsTree\World\AZEROTH\BURNINGSTEPPES\PASSIVEDOODADS\SMELTINGCAULDRON,4,0,0,0,0,2,0,0,0,0,1,0,0,1,0,0,0,0,0,0,0,0,0,0,0,0
C:\Users\ehsra\Documents\GitHub\WMVxTOPNG\ModelsTree\World\AZEROTH\BURNINGSTEPPES\PASSIVEDOODADS\SmeltingWeapons,3,0,0,0,0,1,0,0,0,0,1,0,0,1,0,0,0,0,0,0,0,0,0,0,0,0
C:\Users\ehsra\Documents\GitHub\WMVxTOPNG\ModelsTree\World\AZEROTH\BURNINGSTEPPES\PASSIVEDOODADS\SMOKE,4,0,0,0,0,2,0,0,0,0,1,0,0,1,0,0,0,0,0,0,0,0,0,0,0,0
C:\Users\ehsra\Documents\GitHub\WMVxTOPNG\ModelsTree\World\AZEROTH\BURNINGSTEPPES\PASSIVEDOODADS\StoneBrackets,10,0,0,0,0,0,0,0,0,0,5,0,0,5,0,0,0,0,0,0,0,0,0,0,0,0
C:\Users\ehsra\Documents\GitHub\WMVxTOPNG\ModelsTree\World\AZEROTH\BURNINGSTEPPES\PASSIVEDOODADS\StoneGolemStatue,18,0,0,0,0,0,0,0,0,0,9,0,0,9,0,0,0,0,0,0,0,0,0,0,0,0
C:\Users\ehsra\Documents\GitHub\WMVxTOPNG\ModelsTree\World\AZEROTH\BURNINGSTEPPES\PASSIVEDOODADS\Trees,30,0,0,0,0,12,0,0,0,0,9,0,0,9,0,0,0,0,0,0,0,0,0,0,0,0
C:\Users\ehsra\Documents\GitHub\WMVxTOPNG\ModelsTree\World\AZEROTH\BURNINGSTEPPES\PASSIVEDOODADS\VolcanicVents,12,0,0,0,0,0,0,0,0,0,6,0,0,6,0,0,0,0,0,0,0,0,0,0,0,0
C:\Users\ehsra\Documents\GitHub\WMVxTOPNG\ModelsTree\World\AZEROTH\BURNINGSTEPPES\PASSIVEDOODADS\WARLOCKSHRINE,5,0,0,0,0,3,0,0,0,0,1,0,0,1,0,0,0,0,0,0,0,0,0,0,0,0
C:\Users\ehsra\Documents\GitHub\WMVxTOPNG\ModelsTree\World\AZEROTH\DEADMINES,0,1,0,0,0,0,0,0,0,0,0,0,0,0,0,0,0,0,0,0,0,0,0,0,0,0
C:\Users\ehsra\Documents\GitHub\WMVxTOPNG\ModelsTree\World\AZEROTH\DEADMINES\PASSIVEDOODADS,2,1,0,0,0,0,0,0,0,0,1,0,0,1,0,0,0,0,0,0,0,0,0,0,0,0
C:\Users\ehsra\Documents\GitHub\WMVxTOPNG\ModelsTree\World\AZEROTH\DEADMINES\PASSIVEDOODADS\GOBLINMELTINGPOT,8,0,0,0,0,5,0,0,0,0,1,0,0,2,0,0,0,0,0,0,0,0,0,0,0,0
C:\Users\ehsra\Documents\GitHub\WMVxTOPNG\ModelsTree\World\AZEROTH\DEADWINDPASS,0,2,0,0,0,0,0,0,0,0,0,0,0,0,0,0,0,0,0,0,0,0,0,0,0,0
C:\Users\ehsra\Documents\GitHub\WMVxTOPNG\ModelsTree\World\AZEROTH\DEADWINDPASS\Buildings,0,2,0,0,0,0,0,0,0,0,0,0,0,0,0,0,0,0,0,0,0,0,0,0,0,0
C:\Users\ehsra\Documents\GitHub\WMVxTOPNG\ModelsTree\World\AZEROTH\DEADWINDPASS\Buildings\AbandonedGuardTower,4,0,0,0,0,2,0,0,0,0,1,0,0,1,0,0,0,0,0,0,0,0,0,0,0,0
C:\Users\ehsra\Documents\GitHub\WMVxTOPNG\ModelsTree\World\AZEROTH\DEADWINDPASS\Buildings\RockBridge,4,0,0,0,0,2,0,0,0,0,1,0,0,1,0,0,0,0,0,0,0,0,0,0,0,0
C:\Users\ehsra\Documents\GitHub\WMVxTOPNG\ModelsTree\World\AZEROTH\DEADWINDPASS\PASSIVEDOODADS,0,9,0,0,0,0,0,0,0,0,0,0,0,0,0,0,0,0,0,0,0,0,0,0,0,0
C:\Users\ehsra\Documents\GitHub\WMVxTOPNG\ModelsTree\World\AZEROTH\DEADWINDPASS\PASSIVEDOODADS\DeadwindTotems,9,0,0,0,0,1,0,0,0,0,4,0,0,4,0,0,0,0,0,0,0,0,0,0,0,0
C:\Users\ehsra\Documents\GitHub\WMVxTOPNG\ModelsTree\World\AZEROTH\DEADWINDPASS\PASSIVEDOODADS\HANGINGBODIES,7,0,0,0,0,3,0,0,0,0,2,0,0,2,0,0,0,0,0,0,0,0,0,0,0,0
C:\Users\ehsra\Documents\GitHub\WMVxTOPNG\ModelsTree\World\AZEROTH\DEADWINDPASS\PASSIVEDOODADS\HANGINGTREE,4,0,0,0,0,2,0,0,0,0,1,0,0,1,0,0,0,0,0,0,0,0,0,0,0,0
C:\Users\ehsra\Documents\GitHub\WMVxTOPNG\ModelsTree\World\AZEROTH\DEADWINDPASS\PASSIVEDOODADS\Kharazan_Brick,2,0,0,0,0,0,0,0,0,0,1,0,0,1,0,0,0,0,0,0,0,0,0,0,0,0
C:\Users\ehsra\Documents\GitHub\WMVxTOPNG\ModelsTree\World\AZEROTH\DEADWINDPASS\PASSIVEDOODADS\Rocks,22,0,0,0,0,0,0,0,0,0,11,0,0,11,0,0,0,0,0,0,0,0,0,0,0,0
C:\Users\ehsra\Documents\GitHub\WMVxTOPNG\ModelsTree\World\AZEROTH\DEADWINDPASS\PASSIVEDOODADS\RockTrees,25,0,0,0,0,7,0,0,0,0,9,0,0,9,0,0,0,0,0,0,0,0,0,0,0,0
C:\Users\ehsra\Documents\GitHub\WMVxTOPNG\ModelsTree\World\AZEROTH\DEADWINDPASS\PASSIVEDOODADS\Roots,2,0,0,0,0,0,0,0,0,0,1,0,0,1,0,0,0,0,0,0,0,0,0,0,0,0
C:\Users\ehsra\Documents\GitHub\WMVxTOPNG\ModelsTree\World\AZEROTH\DEADWINDPASS\PASSIVEDOODADS\TREES,5,0,0,0,0,1,0,0,0,0,2,0,0,2,0,0,0,0,0,0,0,0,0,0,0,0
C:\Users\ehsra\Documents\GitHub\WMVxTOPNG\ModelsTree\World\AZEROTH\DEADWINDPASS\PASSIVEDOODADS\Weeds,26,0,0,0,0,8,0,0,0,0,9,0,0,9,0,0,0,0,0,0,0,0,0,0,0,0
C:\Users\ehsra\Documents\GitHub\WMVxTOPNG\ModelsTree\World\AZEROTH\DUSKWOOD,0,2,0,0,0,0,0,0,0,0,0,0,0,0,0,0,0,0,0,0,0,0,0,0,0,0
C:\Users\ehsra\Documents\GitHub\WMVxTOPNG\ModelsTree\World\AZEROTH\DUSKWOOD\BUILDINGS,6,3,0,0,0,6,0,0,0,0,0,0,0,0,0,0,0,0,0,0,0,0,0,0,0,0
C:\Users\ehsra\Documents\GitHub\WMVxTOPNG\ModelsTree\World\AZEROTH\DUSKWOOD\BUILDINGS\GnollTent,6,0,0,0,0,2,0,0,0,0,2,0,0,2,0,0,0,0,0,0,0,0,0,0,0,0
C:\Users\ehsra\Documents\GitHub\WMVxTOPNG\ModelsTree\World\AZEROTH\DUSKWOOD\BUILDINGS\GYPSYWAGON,24,0,0,0,0,22,0,0,0,0,1,0,0,1,0,0,0,0,0,0,0,0,0,0,0,0
C:\Users\ehsra\Documents\GitHub\WMVxTOPNG\ModelsTree\World\AZEROTH\DUSKWOOD\BUILDINGS\Ogremound,5,0,0,0,0,3,0,0,0,0,1,0,0,1,0,0,0,0,0,0,0,0,0,0,0,0
C:\Users\ehsra\Documents\GitHub\WMVxTOPNG\ModelsTree\World\AZEROTH\DUSKWOOD\PASSIVEDOODADS,0,33,0,0,0,0,0,0,0,0,0,0,0,0,0,0,0,0,0,0,0,0,0,0,0,0
C:\Users\ehsra\Documents\GitHub\WMVxTOPNG\ModelsTree\World\AZEROTH\DUSKWOOD\PASSIVEDOODADS\Barn,2,0,0,0,0,0,0,0,0,0,1,0,0,1,0,0,0,0,0,0,0,0,0,0,0,0
C:\Users\ehsra\Documents\GitHub\WMVxTOPNG\ModelsTree\World\AZEROTH\DUSKWOOD\PASSIVEDOODADS\Bush,31,0,0,0,0,5,0,0,0,0,13,0,0,13,0,0,0,0,0,0,0,0,0,0,0,0
C:\Users\ehsra\Documents\GitHub\WMVxTOPNG\ModelsTree\World\AZEROTH\DUSKWOOD\PASSIVEDOODADS\CHASMBRIDGE,5,0,0,0,0,3,0,0,0,0,1,0,0,1,0,0,0,0,0,0,0,0,0,0,0,0
C:\Users\ehsra\Documents\GitHub\WMVxTOPNG\ModelsTree\World\AZEROTH\DUSKWOOD\PASSIVEDOODADS\Coffin,2,0,0,0,0,0,0,0,0,0,1,0,0,1,0,0,0,0,0,0,0,0,0,0,0,0
C:\Users\ehsra\Documents\GitHub\WMVxTOPNG\ModelsTree\World\AZEROTH\DUSKWOOD\PASSIVEDOODADS\CoffinLid,2,0,0,0,0,0,0,0,0,0,1,0,0,1,0,0,0,0,0,0,0,0,0,0,0,0
C:\Users\ehsra\Documents\GitHub\WMVxTOPNG\ModelsTree\World\AZEROTH\DUSKWOOD\PASSIVEDOODADS\COVEREDBRIDGE,5,0,0,0,0,3,0,0,0,0,1,0,0,1,0,0,0,0,0,0,0,0,0,0,0,0
C:\Users\ehsra\Documents\GitHub\WMVxTOPNG\ModelsTree\World\AZEROTH\DUSKWOOD\PASSIVEDOODADS\DarkshireEntrance,5,0,0,0,0,3,0,0,0,0,1,0,0,1,0,0,0,0,0,0,0,0,0,0,0,0
C:\Users\ehsra\Documents\GitHub\WMVxTOPNG\ModelsTree\World\AZEROTH\DUSKWOOD\PASSIVEDOODADS\Detail,0,9,0,0,0,0,0,0,0,0,0,0,0,0,0,0,0,0,0,0,0,0,0,0,0,0
C:\Users\ehsra\Documents\GitHub\WMVxTOPNG\ModelsTree\World\AZEROTH\DUSKWOOD\PASSIVEDOODADS\Detail\DuskwoodCatails01,3,0,0,0,0,1,0,0,0,0,1,0,0,1,0,0,0,0,0,0,0,0,0,0,0,0
C:\Users\ehsra\Documents\GitHub\WMVxTOPNG\ModelsTree\World\AZEROTH\DUSKWOOD\PASSIVEDOODADS\Detail\DuskwoodGrass01,3,0,0,0,0,1,0,0,0,0,1,0,0,1,0,0,0,0,0,0,0,0,0,0,0,0
C:\Users\ehsra\Documents\GitHub\WMVxTOPNG\ModelsTree\World\AZEROTH\DUSKWOOD\PASSIVEDOODADS\Detail\DuskwoodLillyPad01,4,0,0,0,0,2,0,0,0,0,1,0,0,1,0,0,0,0,0,0,0,0,0,0,0,0
C:\Users\ehsra\Documents\GitHub\WMVxTOPNG\ModelsTree\World\AZEROTH\DUSKWOOD\PASSIVEDOODADS\Detail\DuskwoodMushroom01,3,0,0,0,0,1,0,0,0,0,1,0,0,1,0,0,0,0,0,0,0,0,0,0,0,0
C:\Users\ehsra\Documents\GitHub\WMVxTOPNG\ModelsTree\World\AZEROTH\DUSKWOOD\PASSIVEDOODADS\Detail\DuskwoodSeaWeed01,3,0,0,0,0,1,0,0,0,0,1,0,0,1,0,0,0,0,0,0,0,0,0,0,0,0
C:\Users\ehsra\Documents\GitHub\WMVxTOPNG\ModelsTree\World\AZEROTH\DUSKWOOD\PASSIVEDOODADS\Detail\DuskwoodThornBush01,3,0,0,0,0,1,0,0,0,0,1,0,0,1,0,0,0,0,0,0,0,0,0,0,0,0
C:\Users\ehsra\Documents\GitHub\WMVxTOPNG\ModelsTree\World\AZEROTH\DUSKWOOD\PASSIVEDOODADS\Detail\DuskwoodThornBush02,3,0,0,0,0,1,0,0,0,0,1,0,0,1,0,0,0,0,0,0,0,0,0,0,0,0
C:\Users\ehsra\Documents\GitHub\WMVxTOPNG\ModelsTree\World\AZEROTH\DUSKWOOD\PASSIVEDOODADS\Detail\DuskwoodVine01,3,0,0,0,0,1,0,0,0,0,1,0,0,1,0,0,0,0,0,0,0,0,0,0,0,0
C:\Users\ehsra\Documents\GitHub\WMVxTOPNG\ModelsTree\World\AZEROTH\DUSKWOOD\PASSIVEDOODADS\Detail\DuskwoodVine02,4,0,0,0,0,2,0,0,0,0,1,0,0,1,0,0,0,0,0,0,0,0,0,0,0,0
C:\Users\ehsra\Documents\GitHub\WMVxTOPNG\ModelsTree\World\AZEROTH\DUSKWOOD\PASSIVEDOODADS\DuskwoodBarn,8,0,0,0,0,6,0,0,0,0,1,0,0,1,0,0,0,0,0,0,0,0,0,0,0,0
C:\Users\ehsra\Documents\GitHub\WMVxTOPNG\ModelsTree\World\AZEROTH\DUSKWOOD\PASSIVEDOODADS\DuskwoodHaystack,2,0,0,0,0,0,0,0,0,0,1,0,0,1,0,0,0,0,0,0,0,0,0,0,0,0
C:\Users\ehsra\Documents\GitHub\WMVxTOPNG\ModelsTree\World\AZEROTH\DUSKWOOD\PASSIVEDOODADS\DuskwoodHaywagon,5,0,0,0,0,3,0,0,0,0,1,0,0,1,0,0,0,0,0,0,0,0,0,0,0,0
C:\Users\ehsra\Documents\GitHub\WMVxTOPNG\ModelsTree\World\AZEROTH\DUSKWOOD\PASSIVEDOODADS\DuskwoodHearse,2,0,0,0,0,0,0,0,0,0,1,0,0,1,0,0,0,0,0,0,0,0,0,0,0,0
C:\Users\ehsra\Documents\GitHub\WMVxTOPNG\ModelsTree\World\AZEROTH\DUSKWOOD\PASSIVEDOODADS\DuskwoodScarecrow,3,0,0,0,0,1,0,0,0,0,1,0,0,1,0,0,0,0,0,0,0,0,0,0,0,0
C:\Users\ehsra\Documents\GitHub\WMVxTOPNG\ModelsTree\World\AZEROTH\DUSKWOOD\PASSIVEDOODADS\DuskwoodStraw,3,0,0,0,0,1,0,0,0,0,1,0,0,1,0,0,0,0,0,0,0,0,0,0,0,0
C:\Users\ehsra\Documents\GitHub\WMVxTOPNG\ModelsTree\World\AZEROTH\DUSKWOOD\PASSIVEDOODADS\DuskwoodWheat,3,0,0,0,0,1,0,0,0,0,1,0,0,1,0,0,0,0,0,0,0,0,0,0,0,0
C:\Users\ehsra\Documents\GitHub\WMVxTOPNG\ModelsTree\World\AZEROTH\DUSKWOOD\PASSIVEDOODADS\Farm,4,0,0,0,0,0,0,0,0,0,2,0,0,2,0,0,0,0,0,0,0,0,0,0,0,0
C:\Users\ehsra\Documents\GitHub\WMVxTOPNG\ModelsTree\World\AZEROTH\DUSKWOOD\PASSIVEDOODADS\FENCE,27,0,0,0,0,5,0,0,0,0,11,0,0,11,0,0,0,0,0,0,0,0,0,0,0,0
C:\Users\ehsra\Documents\GitHub\WMVxTOPNG\ModelsTree\World\AZEROTH\DUSKWOOD\PASSIVEDOODADS\Gates,7,0,0,0,0,3,0,0,0,0,2,0,0,2,0,0,0,0,0,0,0,0,0,0,0,0
C:\Users\ehsra\Documents\GitHub\WMVxTOPNG\ModelsTree\World\AZEROTH\DUSKWOOD\PASSIVEDOODADS\GraveFrame,2,0,0,0,0,0,0,0,0,0,1,0,0,1,0,0,0,0,0,0,0,0,0,0,0,0
C:\Users\ehsra\Documents\GitHub\WMVxTOPNG\ModelsTree\World\AZEROTH\DUSKWOOD\PASSIVEDOODADS\IronGate,15,0,0,0,0,5,0,0,0,0,5,0,0,5,0,0,0,0,0,0,0,0,0,0,0,0
C:\Users\ehsra\Documents\GitHub\WMVxTOPNG\ModelsTree\World\AZEROTH\DUSKWOOD\PASSIVEDOODADS\Mausoleum,5,0,0,0,0,1,0,0,0,0,2,0,0,2,0,0,0,0,0,0,0,0,0,0,0,0
C:\Users\ehsra\Documents\GitHub\WMVxTOPNG\ModelsTree\World\AZEROTH\DUSKWOOD\PASSIVEDOODADS\Rocks,7,0,0,0,0,1,0,0,0,0,3,0,0,3,0,0,0,0,0,0,0,0,0,0,0,0
C:\Users\ehsra\Documents\GitHub\WMVxTOPNG\ModelsTree\World\AZEROTH\DUSKWOOD\PASSIVEDOODADS\Ruins,22,0,0,0,0,4,0,0,0,0,9,0,0,9,0,0,0,0,0,0,0,0,0,0,0,0
C:\Users\ehsra\Documents\GitHub\WMVxTOPNG\ModelsTree\World\AZEROTH\DUSKWOOD\PASSIVEDOODADS\SpooklessTrees,11,0,0,0,0,3,0,0,0,0,4,0,0,4,0,0,0,0,0,0,0,0,0,0,0,0
C:\Users\ehsra\Documents\GitHub\WMVxTOPNG\ModelsTree\World\AZEROTH\DUSKWOOD\PASSIVEDOODADS\Stable,2,0,0,0,0,0,0,0,0,0,1,0,0,1,0,0,0,0,0,0,0,0,0,0,0,0
C:\Users\ehsra\Documents\GitHub\WMVxTOPNG\ModelsTree\World\AZEROTH\DUSKWOOD\PASSIVEDOODADS\StoneFrames,6,0,0,0,0,0,0,0,0,0,3,0,0,3,0,0,0,0,0,0,0,0,0,0,0,0
C:\Users\ehsra\Documents\GitHub\WMVxTOPNG\ModelsTree\World\AZEROTH\DUSKWOOD\PASSIVEDOODADS\Straw,3,0,0,0,0,1,0,0,0,0,1,0,0,1,0,0,0,0,0,0,0,0,0,0,0,0
C:\Users\ehsra\Documents\GitHub\WMVxTOPNG\ModelsTree\World\AZEROTH\DUSKWOOD\PASSIVEDOODADS\tombs,23,0,0,0,0,5,0,0,0,0,9,0,0,9,0,0,0,0,0,0,0,0,0,0,0,0
C:\Users\ehsra\Documents\GitHub\WMVxTOPNG\ModelsTree\World\AZEROTH\DUSKWOOD\PASSIVEDOODADS\Trees,55,0,0,0,0,23,0,0,0,0,16,0,0,16,0,0,0,0,0,0,0,0,0,0,0,0
C:\Users\ehsra\Documents\GitHub\WMVxTOPNG\ModelsTree\World\AZEROTH\DUSKWOOD\PASSIVEDOODADS\Walls,2,0,0,0,0,0,0,0,0,0,1,0,0,1,0,0,0,0,0,0,0,0,0,0,0,0
C:\Users\ehsra\Documents\GitHub\WMVxTOPNG\ModelsTree\World\AZEROTH\DUSKWOOD\PASSIVEDOODADS\WarningTree,9,0,0,0,0,7,0,0,0,0,1,0,0,1,0,0,0,0,0,0,0,0,0,0,0,0
C:\Users\ehsra\Documents\GitHub\WMVxTOPNG\ModelsTree\World\AZEROTH\DUSKWOOD\PASSIVEDOODADS\Warpgate,7,0,0,0,0,5,0,0,0,0,1,0,0,1,0,0,0,0,0,0,0,0,0,0,0,0
C:\Users\ehsra\Documents\GitHub\WMVxTOPNG\ModelsTree\World\AZEROTH\DUSKWOOD\PASSIVEDOODADS\Webs,6,0,0,0,0,0,0,0,0,0,3,0,0,3,0,0,0,0,0,0,0,0,0,0,0,0
C:\Users\ehsra\Documents\GitHub\WMVxTOPNG\ModelsTree\World\AZEROTH\ELWYNN,0,3,0,0,0,0,0,0,0,0,0,0,0,0,0,0,0,0,0,0,0,0,0,0,0,0
C:\Users\ehsra\Documents\GitHub\WMVxTOPNG\ModelsTree\World\AZEROTH\ELWYNN\ActiveDoodads,0,1,0,0,0,0,0,0,0,0,0,0,0,0,0,0,0,0,0,0,0,0,0,0,0,0
C:\Users\ehsra\Documents\GitHub\WMVxTOPNG\ModelsTree\World\AZEROTH\ELWYNN\ActiveDoodads\AbbeyBell,3,0,0,0,0,1,0,0,0,0,1,0,0,1,0,0,0,0,0,0,0,0,0,0,0,0
C:\Users\ehsra\Documents\GitHub\WMVxTOPNG\ModelsTree\World\AZEROTH\ELWYNN\BUILDINGS,0,7,0,0,0,0,0,0,0,0,0,0,0,0,0,0,0,0,0,0,0,0,0,0,0,0
C:\Users\ehsra\Documents\GitHub\WMVxTOPNG\ModelsTree\World\AZEROTH\ELWYNN\BUILDINGS\BlackSmith,11,0,0,0,0,9,0,0,0,0,1,0,0,1,0,0,0,0,0,0,0,0,0,0,0,0
C:\Users\ehsra\Documents\GitHub\WMVxTOPNG\ModelsTree\World\AZEROTH\ELWYNN\BUILDINGS\Bridges,2,0,0,0,0,0,0,0,0,0,1,0,0,1,0,0,0,0,0,0,0,0,0,0,0,0
C:\Users\ehsra\Documents\GitHub\WMVxTOPNG\ModelsTree\World\AZEROTH\ELWYNN\BUILDINGS\DISTILLERY,10,0,0,0,0,8,0,0,0,0,1,0,0,1,0,0,0,0,0,0,0,0,0,0,0,0
C:\Users\ehsra\Documents\GitHub\WMVxTOPNG\ModelsTree\World\AZEROTH\ELWYNN\BUILDINGS\GoldMine,11,0,0,0,0,5,0,0,0,0,3,0,0,3,0,0,0,0,0,0,0,0,0,0,0,0
C:\Users\ehsra\Documents\GitHub\WMVxTOPNG\ModelsTree\World\AZEROTH\ELWYNN\BUILDINGS\HumanGuardTower,5,0,0,0,0,3,0,0,0,0,1,0,0,1,0,0,0,0,0,0,0,0,0,0,0,0
C:\Users\ehsra\Documents\GitHub\WMVxTOPNG\ModelsTree\World\AZEROTH\ELWYNN\BUILDINGS\HumanWatchTower,12,0,0,0,0,7,0,0,0,0,1,0,0,4,0,0,0,0,0,0,0,0,0,0,0,0
C:\Users\ehsra\Documents\GitHub\WMVxTOPNG\ModelsTree\World\AZEROTH\ELWYNN\BUILDINGS\StormwindEntrance,3,0,0,0,0,1,0,0,0,0,1,0,0,1,0,0,0,0,0,0,0,0,0,0,0,0
C:\Users\ehsra\Documents\GitHub\WMVxTOPNG\ModelsTree\World\AZEROTH\ELWYNN\PASSIVEDOODADS,0,49,0,0,0,0,0,0,0,0,0,0,0,0,0,0,0,0,0,0,0,0,0,0,0,0
C:\Users\ehsra\Documents\GitHub\WMVxTOPNG\ModelsTree\World\AZEROTH\ELWYNN\PASSIVEDOODADS\Anvil,2,0,0,0,0,0,0,0,0,0,1,0,0,1,0,0,0,0,0,0,0,0,0,0,0,0
C:\Users\ehsra\Documents\GitHub\WMVxTOPNG\ModelsTree\World\AZEROTH\ELWYNN\PASSIVEDOODADS\BALLISTA,11,0,0,0,0,9,0,0,0,0,1,0,0,1,0,0,0,0,0,0,0,0,0,0,0,0
C:\Users\ehsra\Documents\GitHub\WMVxTOPNG\ModelsTree\World\AZEROTH\ELWYNN\PASSIVEDOODADS\BALLISTARUINED,13,0,0,0,0,11,0,0,0,0,1,0,0,1,0,0,0,0,0,0,0,0,0,0,0,0
C:\Users\ehsra\Documents\GitHub\WMVxTOPNG\ModelsTree\World\AZEROTH\ELWYNN\PASSIVEDOODADS\BattleGladeBanner1,5,0,0,0,0,3,0,0,0,0,1,0,0,1,0,0,0,0,0,0,0,0,0,0,0,0
C:\Users\ehsra\Documents\GitHub\WMVxTOPNG\ModelsTree\World\AZEROTH\ELWYNN\PASSIVEDOODADS\BattleGladeBanner2,3,0,0,0,0,1,0,0,0,0,1,0,0,1,0,0,0,0,0,0,0,0,0,0,0,0
C:\Users\ehsra\Documents\GitHub\WMVxTOPNG\ModelsTree\World\AZEROTH\ELWYNN\PASSIVEDOODADS\BATTLEGLADEORCGRAVE1,2,0,0,0,0,2,0,0,0,0,0,0,0,0,0,0,0,0,0,0,0,0,0,0,0,0
C:\Users\ehsra\Documents\GitHub\WMVxTOPNG\ModelsTree\World\AZEROTH\ELWYNN\PASSIVEDOODADS\BattleGladePolearmSkull,3,0,0,0,0,1,0,0,0,0,1,0,0,1,0,0,0,0,0,0,0,0,0,0,0,0
C:\Users\ehsra\Documents\GitHub\WMVxTOPNG\ModelsTree\World\AZEROTH\ELWYNN\PASSIVEDOODADS\BattleGladeShield1,3,0,0,0,0,1,0,0,0,0,1,0,0,1,0,0,0,0,0,0,0,0,0,0,0,0
C:\Users\ehsra\Documents\GitHub\WMVxTOPNG\ModelsTree\World\AZEROTH\ELWYNN\PASSIVEDOODADS\BATTLEGLADESHIELD2,3,0,0,0,0,1,0,0,0,0,1,0,0,1,0,0,0,0,0,0,0,0,0,0,0,0
C:\Users\ehsra\Documents\GitHub\WMVxTOPNG\ModelsTree\World\AZEROTH\ELWYNN\PASSIVEDOODADS\BattleGladeShield3,3,0,0,0,0,1,0,0,0,0,1,0,0,1,0,0,0,0,0,0,0,0,0,0,0,0
C:\Users\ehsra\Documents\GitHub\WMVxTOPNG\ModelsTree\World\AZEROTH\ELWYNN\PASSIVEDOODADS\BATTLEGLADESKULLHUMAN1,4,0,0,0,0,2,0,0,0,0,1,0,0,1,0,0,0,0,0,0,0,0,0,0,0,0
C:\Users\ehsra\Documents\GitHub\WMVxTOPNG\ModelsTree\World\AZEROTH\ELWYNN\PASSIVEDOODADS\BattleGladeSkullHuman2,2,0,0,0,0,0,0,0,0,0,1,0,0,1,0,0,0,0,0,0,0,0,0,0,0,0
C:\Users\ehsra\Documents\GitHub\WMVxTOPNG\ModelsTree\World\AZEROTH\ELWYNN\PASSIVEDOODADS\BattleGladeSkullOrc1,2,0,0,0,0,0,0,0,0,0,1,0,0,1,0,0,0,0,0,0,0,0,0,0,0,0
C:\Users\ehsra\Documents\GitHub\WMVxTOPNG\ModelsTree\World\AZEROTH\ELWYNN\PASSIVEDOODADS\BattleGladeSkullOrc2,2,0,0,0,0,0,0,0,0,0,1,0,0,1,0,0,0,0,0,0,0,0,0,0,0,0
C:\Users\ehsra\Documents\GitHub\WMVxTOPNG\ModelsTree\World\AZEROTH\ELWYNN\PASSIVEDOODADS\BattleGladeSword,2,0,0,0,0,0,0,0,0,0,1,0,0,1,0,0,0,0,0,0,0,0,0,0,0,0
C:\Users\ehsra\Documents\GitHub\WMVxTOPNG\ModelsTree\World\AZEROTH\ELWYNN\PASSIVEDOODADS\BattleGladeSwordSkull,3,0,0,0,0,1,0,0,0,0,1,0,0,1,0,0,0,0,0,0,0,0,0,0,0,0
C:\Users\ehsra\Documents\GitHub\WMVxTOPNG\ModelsTree\World\AZEROTH\ELWYNN\PASSIVEDOODADS\BattleGladeWoodSpikes,2,0,0,0,0,0,0,0,0,0,1,0,0,1,0,0,0,0,0,0,0,0,0,0,0,0
C:\Users\ehsra\Documents\GitHub\WMVxTOPNG\ModelsTree\World\AZEROTH\ELWYNN\PASSIVEDOODADS\Bellow,2,0,0,0,0,0,0,0,0,0,1,0,0,1,0,0,0,0,0,0,0,0,0,0,0,0
C:\Users\ehsra\Documents\GitHub\WMVxTOPNG\ModelsTree\World\AZEROTH\ELWYNN\PASSIVEDOODADS\Bush,22,0,0,0,0,4,0,0,0,0,9,0,0,9,0,0,0,0,0,0,0,0,0,0,0,0
C:\Users\ehsra\Documents\GitHub\WMVxTOPNG\ModelsTree\World\AZEROTH\ELWYNN\PASSIVEDOODADS\CAMPFIRE,6,0,0,0,0,2,0,0,0,0,2,0,0,2,0,0,0,0,0,0,0,0,0,0,0,0
C:\Users\ehsra\Documents\GitHub\WMVxTOPNG\ModelsTree\World\AZEROTH\ELWYNN\PASSIVEDOODADS\CATAPULT,7,0,0,0,0,5,0,0,0,0,1,0,0,1,0,0,0,0,0,0,0,0,0,0,0,0
C:\Users\ehsra\Documents\GitHub\WMVxTOPNG\ModelsTree\World\AZEROTH\ELWYNN\PASSIVEDOODADS\CLIFFROCKS,12,0,0,0,0,2,0,0,0,0,5,0,0,5,0,0,0,0,0,0,0,0,0,0,0,0
C:\Users\ehsra\Documents\GitHub\WMVxTOPNG\ModelsTree\World\AZEROTH\ELWYNN\PASSIVEDOODADS\CornCrop,25,0,0,0,0,7,0,0,0,0,9,0,0,9,0,0,0,0,0,0,0,0,0,0,0,0
C:\Users\ehsra\Documents\GitHub\WMVxTOPNG\ModelsTree\World\AZEROTH\ELWYNN\PASSIVEDOODADS\DETAIL,12,22,0,0,0,4,0,0,0,0,4,0,0,4,0,0,0,0,0,0,0,0,0,0,0,0
C:\Users\ehsra\Documents\GitHub\WMVxTOPNG\ModelsTree\World\AZEROTH\ELWYNN\PASSIVEDOODADS\DETAIL\ElwynnCatails01,3,0,0,0,0,1,0,0,0,0,1,0,0,1,0,0,0,0,0,0,0,0,0,0,0,0
C:\Users\ehsra\Documents\GitHub\WMVxTOPNG\ModelsTree\World\AZEROTH\ELWYNN\PASSIVEDOODADS\DETAIL\ElwynnCatails02,3,0,0,0,0,1,0,0,0,0,1,0,0,1,0,0,0,0,0,0,0,0,0,0,0,0
C:\Users\ehsra\Documents\GitHub\WMVxTOPNG\ModelsTree\World\AZEROTH\ELWYNN\PASSIVEDOODADS\DETAIL\ElwynnDetailFlowers,4,0,0,0,0,0,0,0,0,0,2,0,0,2,0,0,0,0,0,0,0,0,0,0,0,0
C:\Users\ehsra\Documents\GitHub\WMVxTOPNG\ModelsTree\World\AZEROTH\ELWYNN\PASSIVEDOODADS\DETAIL\ElwynnDetailGrass,9,0,0,0,0,1,0,0,0,0,4,0,0,4,0,0,0,0,0,0,0,0,0,0,0,0
C:\Users\ehsra\Documents\GitHub\WMVxTOPNG\ModelsTree\World\AZEROTH\ELWYNN\PASSIVEDOODADS\DETAIL\ElwynnDetailRocks,4,0,0,0,0,0,0,0,0,0,2,0,0,2,0,0,0,0,0,0,0,0,0,0,0,0
C:\Users\ehsra\Documents\GitHub\WMVxTOPNG\ModelsTree\World\AZEROTH\ELWYNN\PASSIVEDOODADS\DETAIL\ElwynnGrass02,3,0,0,0,0,1,0,0,0,0,1,0,0,1,0,0,0,0,0,0,0,0,0,0,0,0
C:\Users\ehsra\Documents\GitHub\WMVxTOPNG\ModelsTree\World\AZEROTH\ELWYNN\PASSIVEDOODADS\DETAIL\ElwynnGrass1,2,0,0,0,0,0,0,0,0,0,1,0,0,1,0,0,0,0,0,0,0,0,0,0,0,0
C:\Users\ehsra\Documents\GitHub\WMVxTOPNG\ModelsTree\World\AZEROTH\ELWYNN\PASSIVEDOODADS\DETAIL\ElwynnLillyPad01,2,0,0,0,0,0,0,0,0,0,1,0,0,1,0,0,0,0,0,0,0,0,0,0,0,0
C:\Users\ehsra\Documents\GitHub\WMVxTOPNG\ModelsTree\World\AZEROTH\ELWYNN\PASSIVEDOODADS\DETAIL\ElwynnMushroom01,3,0,0,0,0,1,0,0,0,0,1,0,0,1,0,0,0,0,0,0,0,0,0,0,0,0
C:\Users\ehsra\Documents\GitHub\WMVxTOPNG\ModelsTree\World\AZEROTH\ELWYNN\PASSIVEDOODADS\DETAIL\ElwynnPoppy1,3,0,0,0,0,1,0,0,0,0,1,0,0,1,0,0,0,0,0,0,0,0,0,0,0,0
C:\Users\ehsra\Documents\GitHub\WMVxTOPNG\ModelsTree\World\AZEROTH\ELWYNN\PASSIVEDOODADS\DETAIL\ElwynnPoppy2,3,0,0,0,0,1,0,0,0,0,1,0,0,1,0,0,0,0,0,0,0,0,0,0,0,0
C:\Users\ehsra\Documents\GitHub\WMVxTOPNG\ModelsTree\World\AZEROTH\ELWYNN\PASSIVEDOODADS\DETAIL\ElwynnReeds01,2,0,0,0,0,0,0,0,0,0,1,0,0,1,0,0,0,0,0,0,0,0,0,0,0,0
C:\Users\ehsra\Documents\GitHub\WMVxTOPNG\ModelsTree\World\AZEROTH\ELWYNN\PASSIVEDOODADS\DETAIL\ElwynnRock1,3,0,0,0,0,1,0,0,0,0,1,0,0,1,0,0,0,0,0,0,0,0,0,0,0,0
C:\Users\ehsra\Documents\GitHub\WMVxTOPNG\ModelsTree\World\AZEROTH\ELWYNN\PASSIVEDOODADS\DETAIL\ElwynnRock2,3,0,0,0,0,1,0,0,0,0,1,0,0,1,0,0,0,0,0,0,0,0,0,0,0,0
C:\Users\ehsra\Documents\GitHub\WMVxTOPNG\ModelsTree\World\AZEROTH\ELWYNN\PASSIVEDOODADS\DETAIL\ELWYNNSEAWEED01,3,0,0,0,0,1,0,0,0,0,1,0,0,1,0,0,0,0,0,0,0,0,0,0,0,0
C:\Users\ehsra\Documents\GitHub\WMVxTOPNG\ModelsTree\World\AZEROTH\ELWYNN\PASSIVEDOODADS\DETAIL\ElwynnShrub1,3,0,0,0,0,1,0,0,0,0,1,0,0,1,0,0,0,0,0,0,0,0,0,0,0,0
C:\Users\ehsra\Documents\GitHub\WMVxTOPNG\ModelsTree\World\AZEROTH\ELWYNN\PASSIVEDOODADS\DETAIL\ElwynnThornBush01,3,0,0,0,0,1,0,0,0,0,1,0,0,1,0,0,0,0,0,0,0,0,0,0,0,0
C:\Users\ehsra\Documents\GitHub\WMVxTOPNG\ModelsTree\World\AZEROTH\ELWYNN\PASSIVEDOODADS\DETAIL\ElwynnThornBush02,2,0,0,0,0,0,0,0,0,0,1,0,0,1,0,0,0,0,0,0,0,0,0,0,0,0
C:\Users\ehsra\Documents\GitHub\WMVxTOPNG\ModelsTree\World\AZEROTH\ELWYNN\PASSIVEDOODADS\DETAIL\ElwynnVines01,3,0,0,0,0,1,0,0,0,0,1,0,0,1,0,0,0,0,0,0,0,0,0,0,0,0
C:\Users\ehsra\Documents\GitHub\WMVxTOPNG\ModelsTree\World\AZEROTH\ELWYNN\PASSIVEDOODADS\DETAIL\ElwynnVines02,4,0,0,0,0,2,0,0,0,0,1,0,0,1,0,0,0,0,0,0,0,0,0,0,0,0
C:\Users\ehsra\Documents\GitHub\WMVxTOPNG\ModelsTree\World\AZEROTH\ELWYNN\PASSIVEDOODADS\DETAIL\ElwynnVineyard,3,0,0,0,0,1,0,0,0,0,1,0,0,1,0,0,0,0,0,0,0,0,0,0,0,0
C:\Users\ehsra\Documents\GitHub\WMVxTOPNG\ModelsTree\World\AZEROTH\ELWYNN\PASSIVEDOODADS\DETAIL\ElwynnWheat,3,0,0,0,0,1,0,0,0,0,1,0,0,1,0,0,0,0,0,0,0,0,0,0,0,0
C:\Users\ehsra\Documents\GitHub\WMVxTOPNG\ModelsTree\World\AZEROTH\ELWYNN\PASSIVEDOODADS\ELWYNNFENCES,18,0,0,0,0,4,0,0,0,0,7,0,0,7,0,0,0,0,0,0,0,0,0,0,0,0
C:\Users\ehsra\Documents\GitHub\WMVxTOPNG\ModelsTree\World\AZEROTH\ELWYNN\PASSIVEDOODADS\EyeOfAzora,4,0,0,0,0,2,0,0,0,0,1,0,0,1,0,0,0,0,0,0,0,0,0,0,0,0
C:\Users\ehsra\Documents\GitHub\WMVxTOPNG\ModelsTree\World\AZEROTH\ELWYNN\PASSIVEDOODADS\GRAPEBUCKETS,5,0,0,0,0,1,0,0,0,0,2,0,0,2,0,0,0,0,0,0,0,0,0,0,0,0
C:\Users\ehsra\Documents\GitHub\WMVxTOPNG\ModelsTree\World\AZEROTH\ELWYNN\PASSIVEDOODADS\Haystacks,9,0,0,0,0,5,0,0,0,0,2,0,0,2,0,0,0,0,0,0,0,0,0,0,0,0
C:\Users\ehsra\Documents\GitHub\WMVxTOPNG\ModelsTree\World\AZEROTH\ELWYNN\PASSIVEDOODADS\Jars,7,0,0,0,0,1,0,0,0,0,3,0,0,3,0,0,0,0,0,0,0,0,0,0,0,0
C:\Users\ehsra\Documents\GitHub\WMVxTOPNG\ModelsTree\World\AZEROTH\ELWYNN\PASSIVEDOODADS\JUGS,6,0,0,0,0,2,0,0,0,0,2,0,0,2,0,0,0,0,0,0,0,0,0,0,0,0
C:\Users\ehsra\Documents\GitHub\WMVxTOPNG\ModelsTree\World\AZEROTH\ELWYNN\PASSIVEDOODADS\LAMPPOST,5,0,0,0,0,3,0,0,0,0,1,0,0,1,0,0,0,0,0,0,0,0,0,0,0,0
C:\Users\ehsra\Documents\GitHub\WMVxTOPNG\ModelsTree\World\AZEROTH\ELWYNN\PASSIVEDOODADS\MineCart,5,0,0,0,0,3,0,0,0,0,1,0,0,1,0,0,0,0,0,0,0,0,0,0,0,0
C:\Users\ehsra\Documents\GitHub\WMVxTOPNG\ModelsTree\World\AZEROTH\ELWYNN\PASSIVEDOODADS\MonumentRock,4,0,0,0,0,2,0,0,0,0,1,0,0,1,0,0,0,0,0,0,0,0,0,0,0,0
C:\Users\ehsra\Documents\GitHub\WMVxTOPNG\ModelsTree\World\AZEROTH\ELWYNN\PASSIVEDOODADS\Pick,5,0,0,0,0,3,0,0,0,0,1,0,0,1,0,0,0,0,0,0,0,0,0,0,0,0
C:\Users\ehsra\Documents\GitHub\WMVxTOPNG\ModelsTree\World\AZEROTH\ELWYNN\PASSIVEDOODADS\RuinedCatapult,6,0,0,0,0,4,0,0,0,0,1,0,0,1,0,0,0,0,0,0,0,0,0,0,0,0
C:\Users\ehsra\Documents\GitHub\WMVxTOPNG\ModelsTree\World\AZEROTH\ELWYNN\PASSIVEDOODADS\RuinedFountain,13,0,0,0,0,11,0,0,0,0,1,0,0,1,0,0,0,0,0,0,0,0,0,0,0,0
C:\Users\ehsra\Documents\GitHub\WMVxTOPNG\ModelsTree\World\AZEROTH\ELWYNN\PASSIVEDOODADS\Shovel,2,0,0,0,0,0,0,0,0,0,1,0,0,1,0,0,0,0,0,0,0,0,0,0,0,0
C:\Users\ehsra\Documents\GitHub\WMVxTOPNG\ModelsTree\World\AZEROTH\ELWYNN\PASSIVEDOODADS\Signs,0,3,0,0,0,0,0,0,0,0,0,0,0,0,0,0,0,0,0,0,0,0,0,0,0,0
C:\Users\ehsra\Documents\GitHub\WMVxTOPNG\ModelsTree\World\AZEROTH\ELWYNN\PASSIVEDOODADS\Signs\Directional,18,0,0,0,0,6,0,0,0,0,6,0,0,6,0,0,0,0,0,0,0,0,0,0,0,0
C:\Users\ehsra\Documents\GitHub\WMVxTOPNG\ModelsTree\World\AZEROTH\ELWYNN\PASSIVEDOODADS\Signs\GenericPosts,3,0,0,0,0,1,0,0,0,0,1,0,0,1,0,0,0,0,0,0,0,0,0,0,0,0
C:\Users\ehsra\Documents\GitHub\WMVxTOPNG\ModelsTree\World\AZEROTH\ELWYNN\PASSIVEDOODADS\Signs\Shop,33,0,0,0,0,15,0,0,0,0,9,0,0,9,0,0,0,0,0,0,0,0,0,0,0,0
C:\Users\ehsra\Documents\GitHub\WMVxTOPNG\ModelsTree\World\AZEROTH\ELWYNN\PASSIVEDOODADS\SKELETON,10,0,0,0,0,2,0,0,0,0,4,0,0,4,0,0,0,0,0,0,0,0,0,0,0,0
C:\Users\ehsra\Documents\GitHub\WMVxTOPNG\ModelsTree\World\AZEROTH\ELWYNN\PASSIVEDOODADS\SMALLDOCK,7,0,0,0,0,5,0,0,0,0,1,0,0,1,0,0,0,0,0,0,0,0,0,0,0,0
C:\Users\ehsra\Documents\GitHub\WMVxTOPNG\ModelsTree\World\AZEROTH\ELWYNN\PASSIVEDOODADS\Spike,3,0,0,0,0,1,0,0,0,0,1,0,0,1,0,0,0,0,0,0,0,0,0,0,0,0
C:\Users\ehsra\Documents\GitHub\WMVxTOPNG\ModelsTree\World\AZEROTH\ELWYNN\PASSIVEDOODADS\Statue,3,0,0,0,0,1,0,0,0,0,1,0,0,1,0,0,0,0,0,0,0,0,0,0,0,0
C:\Users\ehsra\Documents\GitHub\WMVxTOPNG\ModelsTree\World\AZEROTH\ELWYNN\PASSIVEDOODADS\StonePyre,5,0,0,0,0,3,0,0,0,0,1,0,0,1,0,0,0,0,0,0,0,0,0,0,0,0
C:\Users\ehsra\Documents\GitHub\WMVxTOPNG\ModelsTree\World\AZEROTH\ELWYNN\PASSIVEDOODADS\Tables,0,1,0,0,0,0,0,0,0,0,0,0,0,0,0,0,0,0,0,0,0,0,0,0,0,0
C:\Users\ehsra\Documents\GitHub\WMVxTOPNG\ModelsTree\World\AZEROTH\ELWYNN\PASSIVEDOODADS\Tables\RoundTable,3,0,0,0,0,1,0,0,0,0,1,0,0,1,0,0,0,0,0,0,0,0,0,0,0,0
C:\Users\ehsra\Documents\GitHub\WMVxTOPNG\ModelsTree\World\AZEROTH\ELWYNN\PASSIVEDOODADS\Tree,6,0,0,0,0,2,0,0,0,0,2,0,0,2,0,0,0,0,0,0,0,0,0,0,0,0
C:\Users\ehsra\Documents\GitHub\WMVxTOPNG\ModelsTree\World\AZEROTH\ELWYNN\PASSIVEDOODADS\Trees,25,2,0,0,0,5,0,0,0,0,10,0,0,10,0,0,0,0,0,0,0,0,0,0,0,0
C:\Users\ehsra\Documents\GitHub\WMVxTOPNG\ModelsTree\World\AZEROTH\ELWYNN\PASSIVEDOODADS\Trees\ElwynnTree01,5,0,0,0,0,1,0,0,0,0,2,0,0,2,0,0,0,0,0,0,0,0,0,0,0,0
C:\Users\ehsra\Documents\GitHub\WMVxTOPNG\ModelsTree\World\AZEROTH\ELWYNN\PASSIVEDOODADS\Trees\Stumps,6,0,0,0,0,2,0,0,0,0,2,0,0,2,0,0,0,0,0,0,0,0,0,0,0,0
C:\Users\ehsra\Documents\GitHub\WMVxTOPNG\ModelsTree\World\AZEROTH\ELWYNN\PASSIVEDOODADS\Vineyard,18,0,0,0,0,8,0,0,0,0,5,0,0,5,0,0,0,0,0,0,0,0,0,0,0,0
C:\Users\ehsra\Documents\GitHub\WMVxTOPNG\ModelsTree\World\AZEROTH\ELWYNN\PASSIVEDOODADS\WaterBasin,5,0,0,0,0,3,0,0,0,0,1,0,0,1,0,0,0,0,0,0,0,0,0,0,0,0
C:\Users\ehsra\Documents\GitHub\WMVxTOPNG\ModelsTree\World\AZEROTH\ELWYNN\PASSIVEDOODADS\Waterfall,4,0,0,0,0,0,0,0,0,0,2,0,0,2,0,0,0,0,0,0,0,0,0,0,0,0
C:\Users\ehsra\Documents\GitHub\WMVxTOPNG\ModelsTree\World\AZEROTH\KARAZAHN,0,2,0,0,0,0,0,0,0,0,0,0,0,0,0,0,0,0,0,0,0,0,0,0,0,0
C:\Users\ehsra\Documents\GitHub\WMVxTOPNG\ModelsTree\World\AZEROTH\KARAZAHN\ACTIVEDOODADS,34,0,0,0,0,4,0,0,0,0,15,0,0,15,0,0,0,0,0,0,0,0,0,0,0,0
C:\Users\ehsra\Documents\GitHub\WMVxTOPNG\ModelsTree\World\AZEROTH\KARAZAHN\PASSIVEDOODADS,0,19,0,0,0,0,0,0,0,0,0,0,0,0,0,0,0,0,0,0,0,0,0,0,0,0
C:\Users\ehsra\Documents\GitHub\WMVxTOPNG\ModelsTree\World\AZEROTH\KARAZAHN\PASSIVEDOODADS\Barrel,5,0,0,0,0,1,0,0,0,0,2,0,0,2,0,0,0,0,0,0,0,0,0,0,0,0
C:\Users\ehsra\Documents\GitHub\WMVxTOPNG\ModelsTree\World\AZEROTH\KARAZAHN\PASSIVEDOODADS\BONFIRE,11,0,0,0,0,5,0,0,0,0,3,0,0,3,0,0,0,0,0,0,0,0,0,0,0,0
C:\Users\ehsra\Documents\GitHub\WMVxTOPNG\ModelsTree\World\AZEROTH\KARAZAHN\PASSIVEDOODADS\BookShelves,8,0,0,0,0,2,0,0,0,0,3,0,0,3,0,0,0,0,0,0,0,0,0,0,0,0
C:\Users\ehsra\Documents\GitHub\WMVxTOPNG\ModelsTree\World\AZEROTH\KARAZAHN\PASSIVEDOODADS\BrokenCart,6,0,0,0,0,2,0,0,0,0,2,0,0,2,0,0,0,0,0,0,0,0,0,0,0,0
C:\Users\ehsra\Documents\GitHub\WMVxTOPNG\ModelsTree\World\AZEROTH\KARAZAHN\PASSIVEDOODADS\BurningBooks,4,0,0,0,0,2,0,0,0,0,1,0,0,1,0,0,0,0,0,0,0,0,0,0,0,0
C:\Users\ehsra\Documents\GitHub\WMVxTOPNG\ModelsTree\World\AZEROTH\KARAZAHN\PASSIVEDOODADS\CHANDELIERS,16,0,0,0,0,5,0,0,0,0,4,0,0,7,0,0,0,0,0,0,0,0,0,0,0,0
C:\Users\ehsra\Documents\GitHub\WMVxTOPNG\ModelsTree\World\AZEROTH\KARAZAHN\PASSIVEDOODADS\CRATES,5,0,0,0,0,1,0,0,0,0,2,0,0,2,0,0,0,0,0,0,0,0,0,0,0,0
C:\Users\ehsra\Documents\GitHub\WMVxTOPNG\ModelsTree\World\AZEROTH\KARAZAHN\PASSIVEDOODADS\GRAINSACKS,9,0,0,0,0,1,0,0,0,0,4,0,0,4,0,0,0,0,0,0,0,0,0,0,0,0
C:\Users\ehsra\Documents\GitHub\WMVxTOPNG\ModelsTree\World\AZEROTH\KARAZAHN\PASSIVEDOODADS\KarazahnWebs,6,0,0,0,0,0,0,0,0,0,3,0,0,3,0,0,0,0,0,0,0,0,0,0,0,0
C:\Users\ehsra\Documents\GitHub\WMVxTOPNG\ModelsTree\World\AZEROTH\KARAZAHN\PASSIVEDOODADS\OWLSTATUE,3,0,0,0,0,1,0,0,0,0,1,0,0,1,0,0,0,0,0,0,0,0,0,0,0,0
C:\Users\ehsra\Documents\GitHub\WMVxTOPNG\ModelsTree\World\AZEROTH\KARAZAHN\PASSIVEDOODADS\Pedestals,4,0,0,0,0,0,0,0,0,0,2,0,0,2,0,0,0,0,0,0,0,0,0,0,0,0
C:\Users\ehsra\Documents\GitHub\WMVxTOPNG\ModelsTree\World\AZEROTH\KARAZAHN\PASSIVEDOODADS\Rubble,10,0,0,0,0,1,0,0,0,0,3,0,0,6,0,0,0,0,0,0,0,0,0,0,0,0
C:\Users\ehsra\Documents\GitHub\WMVxTOPNG\ModelsTree\World\AZEROTH\KARAZAHN\PASSIVEDOODADS\SCONCES,15,0,0,0,0,1,0,0,0,0,7,0,0,7,0,0,0,0,0,0,0,0,0,0,0,0
C:\Users\ehsra\Documents\GitHub\WMVxTOPNG\ModelsTree\World\AZEROTH\KARAZAHN\PASSIVEDOODADS\STARLAB,4,0,0,0,0,2,0,0,0,0,1,0,0,1,0,0,0,0,0,0,0,0,0,0,0,0
C:\Users\ehsra\Documents\GitHub\WMVxTOPNG\ModelsTree\World\AZEROTH\KARAZAHN\PASSIVEDOODADS\Tables,5,0,0,0,0,1,0,0,0,0,2,0,0,2,0,0,0,0,0,0,0,0,0,0,0,0
C:\Users\ehsra\Documents\GitHub\WMVxTOPNG\ModelsTree\World\AZEROTH\KARAZAHN\PASSIVEDOODADS\Tapestries,5,0,0,0,0,1,0,0,0,0,2,0,0,2,0,0,0,0,0,0,0,0,0,0,0,0
C:\Users\ehsra\Documents\GitHub\WMVxTOPNG\ModelsTree\World\AZEROTH\KARAZAHN\PASSIVEDOODADS\Theater,25,0,0,0,0,9,0,0,0,0,8,0,0,8,0,0,0,0,0,0,0,0,0,0,0,0
C:\Users\ehsra\Documents\GitHub\WMVxTOPNG\ModelsTree\World\AZEROTH\KARAZAHN\PASSIVEDOODADS\THRONE,3,0,0,0,0,1,0,0,0,0,1,0,0,1,0,0,0,0,0,0,0,0,0,0,0,0
C:\Users\ehsra\Documents\GitHub\WMVxTOPNG\ModelsTree\World\AZEROTH\KARAZAHN\PASSIVEDOODADS\VolumetricLights,3,0,0,0,0,1,0,0,0,0,1,0,0,1,0,0,0,0,0,0,0,0,0,0,0,0
C:\Users\ehsra\Documents\GitHub\WMVxTOPNG\ModelsTree\World\AZEROTH\PVP,0,1,0,0,0,0,0,0,0,0,0,0,0,0,0,0,0,0,0,0,0,0,0,0,0,0
C:\Users\ehsra\Documents\GitHub\WMVxTOPNG\ModelsTree\World\AZEROTH\PVP\PassiveDoodads,0,1,0,0,0,0,0,0,0,0,0,0,0,0,0,0,0,0,0,0,0,0,0,0,0,0
C:\Users\ehsra\Documents\GitHub\WMVxTOPNG\ModelsTree\World\AZEROTH\PVP\PassiveDoodads\BridgeRuins,11,0,0,0,0,1,0,0,0,0,5,0,0,5,0,0,0,0,0,0,0,0,0,0,0,0
C:\Users\ehsra\Documents\GitHub\WMVxTOPNG\ModelsTree\World\AZEROTH\REDRIDGE,0,1,0,0,0,0,0,0,0,0,0,0,0,0,0,0,0,0,0,0,0,0,0,0,0,0
C:\Users\ehsra\Documents\GitHub\WMVxTOPNG\ModelsTree\World\AZEROTH\REDRIDGE\PASSIVEDOODADS,0,15,0,0,0,0,0,0,0,0,0,0,0,0,0,0,0,0,0,0,0,0,0,0,0,0
C:\Users\ehsra\Documents\GitHub\WMVxTOPNG\ModelsTree\World\AZEROTH\REDRIDGE\PASSIVEDOODADS\Barn,2,0,0,0,0,0,0,0,0,0,1,0,0,1,0,0,0,0,0,0,0,0,0,0,0,0
C:\Users\ehsra\Documents\GitHub\WMVxTOPNG\ModelsTree\World\AZEROTH\REDRIDGE\PASSIVEDOODADS\BRICKS,8,0,0,0,0,2,0,0,0,0,3,0,0,3,0,0,0,0,0,0,0,0,0,0,0,0
C:\Users\ehsra\Documents\GitHub\WMVxTOPNG\ModelsTree\World\AZEROTH\REDRIDGE\PASSIVEDOODADS\Bush,8,0,0,0,0,2,0,0,0,0,3,0,0,3,0,0,0,0,0,0,0,0,0,0,0,0
C:\Users\ehsra\Documents\GitHub\WMVxTOPNG\ModelsTree\World\AZEROTH\REDRIDGE\PASSIVEDOODADS\Detail,0,1,0,0,0,0,0,0,0,0,0,0,0,0,0,0,0,0,0,0,0,0,0,0,0,0
C:\Users\ehsra\Documents\GitHub\WMVxTOPNG\ModelsTree\World\AZEROTH\REDRIDGE\PASSIVEDOODADS\Detail\CatailPatch,2,0,0,0,0,0,0,0,0,0,1,0,0,1,0,0,0,0,0,0,0,0,0,0,0,0
C:\Users\ehsra\Documents\GitHub\WMVxTOPNG\ModelsTree\World\AZEROTH\REDRIDGE\PASSIVEDOODADS\DOCKPIECES,16,0,0,0,0,4,0,0,0,0,6,0,0,6,0,0,0,0,0,0,0,0,0,0,0,0
C:\Users\ehsra\Documents\GitHub\WMVxTOPNG\ModelsTree\World\AZEROTH\REDRIDGE\PASSIVEDOODADS\Docks,4,0,0,0,0,0,0,0,0,0,2,0,0,2,0,0,0,0,0,0,0,0,0,0,0,0
C:\Users\ehsra\Documents\GitHub\WMVxTOPNG\ModelsTree\World\AZEROTH\REDRIDGE\PASSIVEDOODADS\Farm,2,0,0,0,0,0,0,0,0,0,1,0,0,1,0,0,0,0,0,0,0,0,0,0,0,0
C:\Users\ehsra\Documents\GitHub\WMVxTOPNG\ModelsTree\World\AZEROTH\REDRIDGE\PASSIVEDOODADS\LumberMill,2,0,0,0,0,0,0,0,0,0,1,0,0,1,0,0,0,0,0,0,0,0,0,0,0,0
C:\Users\ehsra\Documents\GitHub\WMVxTOPNG\ModelsTree\World\AZEROTH\REDRIDGE\PASSIVEDOODADS\Misc,3,0,0,0,0,1,0,0,0,0,1,0,0,1,0,0,0,0,0,0,0,0,0,0,0,0
C:\Users\ehsra\Documents\GitHub\WMVxTOPNG\ModelsTree\World\AZEROTH\REDRIDGE\PASSIVEDOODADS\Rocks,8,0,0,0,0,2,0,0,0,0,3,0,0,3,0,0,0,0,0,0,0,0,0,0,0,0
C:\Users\ehsra\Documents\GitHub\WMVxTOPNG\ModelsTree\World\AZEROTH\REDRIDGE\PASSIVEDOODADS\RowBoat,2,0,0,0,0,0,0,0,0,0,1,0,0,1,0,0,0,0,0,0,0,0,0,0,0,0
C:\Users\ehsra\Documents\GitHub\WMVxTOPNG\ModelsTree\World\AZEROTH\REDRIDGE\PASSIVEDOODADS\SPIKEWALL,5,0,0,0,0,1,0,0,0,0,2,0,0,2,0,0,0,0,0,0,0,0,0,0,0,0
C:\Users\ehsra\Documents\GitHub\WMVxTOPNG\ModelsTree\World\AZEROTH\REDRIDGE\PASSIVEDOODADS\Stable,2,0,0,0,0,0,0,0,0,0,1,0,0,1,0,0,0,0,0,0,0,0,0,0,0,0
C:\Users\ehsra\Documents\GitHub\WMVxTOPNG\ModelsTree\World\AZEROTH\REDRIDGE\PASSIVEDOODADS\Stumps,4,0,0,0,0,2,0,0,0,0,1,0,0,1,0,0,0,0,0,0,0,0,0,0,0,0
C:\Users\ehsra\Documents\GitHub\WMVxTOPNG\ModelsTree\World\AZEROTH\REDRIDGE\PASSIVEDOODADS\Trees,43,0,0,0,0,17,0,0,0,0,13,0,0,13,0,0,0,0,0,0,0,0,0,0,0,0
C:\Users\ehsra\Documents\GitHub\WMVxTOPNG\ModelsTree\World\AZEROTH\STRANGLETHORN,0,3,0,0,0,0,0,0,0,0,0,0,0,0,0,0,0,0,0,0,0,0,0,0,0,0
C:\Users\ehsra\Documents\GitHub\WMVxTOPNG\ModelsTree\World\AZEROTH\STRANGLETHORN\ACTIVEDOODADS,0,2,0,0,0,0,0,0,0,0,0,0,0,0,0,0,0,0,0,0,0,0,0,0,0,0
C:\Users\ehsra\Documents\GitHub\WMVxTOPNG\ModelsTree\World\AZEROTH\STRANGLETHORN\ACTIVEDOODADS\CAGES,15,0,0,0,0,9,0,0,0,0,3,0,0,3,0,0,0,0,0,0,0,0,0,0,0,0
C:\Users\ehsra\Documents\GitHub\WMVxTOPNG\ModelsTree\World\AZEROTH\STRANGLETHORN\ACTIVEDOODADS\HoldingPen,2,0,0,0,0,0,0,0,0,0,1,0,0,1,0,0,0,0,0,0,0,0,0,0,0,0
C:\Users\ehsra\Documents\GitHub\WMVxTOPNG\ModelsTree\World\AZEROTH\STRANGLETHORN\BUILDINGS,0,5,0,0,0,0,0,0,0,0,0,0,0,0,0,0,0,0,0,0,0,0,0,0,0,0
C:\Users\ehsra\Documents\GitHub\WMVxTOPNG\ModelsTree\World\AZEROTH\STRANGLETHORN\BUILDINGS\BridgeStranglethorn,5,0,0,0,0,5,0,0,0,0,0,0,0,0,0,0,0,0,0,0,0,0,0,0,0,0
C:\Users\ehsra\Documents\GitHub\WMVxTOPNG\ModelsTree\World\AZEROTH\STRANGLETHORN\BUILDINGS\CRASHZEPPELIN,7,0,0,0,0,5,0,0,0,0,1,0,0,1,0,0,0,0,0,0,0,0,0,0,0,0
C:\Users\ehsra\Documents\GitHub\WMVxTOPNG\ModelsTree\World\AZEROTH\STRANGLETHORN\BUILDINGS\OilRig,5,0,0,0,0,3,0,0,0,0,1,0,0,1,0,0,0,0,0,0,0,0,0,0,0,0
C:\Users\ehsra\Documents\GitHub\WMVxTOPNG\ModelsTree\World\AZEROTH\STRANGLETHORN\BUILDINGS\RuneStoneMoss_01,3,0,0,0,0,1,0,0,0,0,1,0,0,1,0,0,0,0,0,0,0,0,0,0,0,0
C:\Users\ehsra\Documents\GitHub\WMVxTOPNG\ModelsTree\World\AZEROTH\STRANGLETHORN\BUILDINGS\TROLLWATCHTOWER,8,0,0,0,0,6,0,0,0,0,1,0,0,1,0,0,0,0,0,0,0,0,0,0,0,0
C:\Users\ehsra\Documents\GitHub\WMVxTOPNG\ModelsTree\World\AZEROTH\STRANGLETHORN\PASSIVEDOODADS,3,26,0,0,0,3,0,0,0,0,0,0,0,0,0,0,0,0,0,0,0,0,0,0,0,0
C:\Users\ehsra\Documents\GitHub\WMVxTOPNG\ModelsTree\World\AZEROTH\STRANGLETHORN\PASSIVEDOODADS\Aquaduct,22,0,0,0,0,4,0,0,0,0,9,0,0,9,0,0,0,0,0,0,0,0,0,0,0,0
C:\Users\ehsra\Documents\GitHub\WMVxTOPNG\ModelsTree\World\AZEROTH\STRANGLETHORN\PASSIVEDOODADS\BRIDGE,15,0,0,0,0,5,0,0,0,0,5,0,0,5,0,0,0,0,0,0,0,0,0,0,0,0
C:\Users\ehsra\Documents\GitHub\WMVxTOPNG\ModelsTree\World\AZEROTH\STRANGLETHORN\PASSIVEDOODADS\CrystalCreatures,14,0,0,0,0,2,0,0,0,0,6,0,0,6,0,0,0,0,0,0,0,0,0,0,0,0
C:\Users\ehsra\Documents\GitHub\WMVxTOPNG\ModelsTree\World\AZEROTH\STRANGLETHORN\PASSIVEDOODADS\Detail,52,0,0,0,0,20,0,0,0,0,16,0,0,16,0,0,0,0,0,0,0,0,0,0,0,0
C:\Users\ehsra\Documents\GitHub\WMVxTOPNG\ModelsTree\World\AZEROTH\STRANGLETHORN\PASSIVEDOODADS\DiamondMineWallLantern,5,0,0,0,0,3,0,0,0,0,1,0,0,1,0,0,0,0,0,0,0,0,0,0,0,0
C:\Users\ehsra\Documents\GitHub\WMVxTOPNG\ModelsTree\World\AZEROTH\STRANGLETHORN\PASSIVEDOODADS\GemMineCar01,7,0,0,0,0,5,0,0,0,0,1,0,0,1,0,0,0,0,0,0,0,0,0,0,0,0
C:\Users\ehsra\Documents\GitHub\WMVxTOPNG\ModelsTree\World\AZEROTH\STRANGLETHORN\PASSIVEDOODADS\GemMineCar02,6,0,0,0,0,2,0,0,0,0,2,0,0,2,0,0,0,0,0,0,0,0,0,0,0,0
C:\Users\ehsra\Documents\GitHub\WMVxTOPNG\ModelsTree\World\AZEROTH\STRANGLETHORN\PASSIVEDOODADS\HolySpringWell,2,0,0,0,0,0,0,0,0,0,1,0,0,1,0,0,0,0,0,0,0,0,0,0,0,0
C:\Users\ehsra\Documents\GitHub\WMVxTOPNG\ModelsTree\World\AZEROTH\STRANGLETHORN\PASSIVEDOODADS\OverGrowth02,3,0,0,0,0,1,0,0,0,0,1,0,0,1,0,0,0,0,0,0,0,0,0,0,0,0
C:\Users\ehsra\Documents\GitHub\WMVxTOPNG\ModelsTree\World\AZEROTH\STRANGLETHORN\PASSIVEDOODADS\Post,2,0,0,0,0,0,0,0,0,0,1,0,0,1,0,0,0,0,0,0,0,0,0,0,0,0
C:\Users\ehsra\Documents\GitHub\WMVxTOPNG\ModelsTree\World\AZEROTH\STRANGLETHORN\PASSIVEDOODADS\Rocks,7,0,0,0,0,1,0,0,0,0,3,0,0,3,0,0,0,0,0,0,0,0,0,0,0,0
C:\Users\ehsra\Documents\GitHub\WMVxTOPNG\ModelsTree\World\AZEROTH\STRANGLETHORN\PASSIVEDOODADS\RUINS,52,0,0,0,0,8,0,0,0,0,22,0,0,22,0,0,0,0,0,0,0,0,0,0,0,0
C:\Users\ehsra\Documents\GitHub\WMVxTOPNG\ModelsTree\World\AZEROTH\STRANGLETHORN\PASSIVEDOODADS\SACK01_01,4,0,0,0,0,2,0,0,0,0,1,0,0,1,0,0,0,0,0,0,0,0,0,0,0,0
C:\Users\ehsra\Documents\GitHub\WMVxTOPNG\ModelsTree\World\AZEROTH\STRANGLETHORN\PASSIVEDOODADS\SERPENTSTATUE02,4,0,0,0,0,2,0,0,0,0,1,0,0,1,0,0,0,0,0,0,0,0,0,0,0,0
C:\Users\ehsra\Documents\GitHub\WMVxTOPNG\ModelsTree\World\AZEROTH\STRANGLETHORN\PASSIVEDOODADS\StrangleDeadTrees,6,0,0,0,0,4,0,0,0,0,1,0,0,1,0,0,0,0,0,0,0,0,0,0,0,0
C:\Users\ehsra\Documents\GitHub\WMVxTOPNG\ModelsTree\World\AZEROTH\STRANGLETHORN\PASSIVEDOODADS\Trees,14,3,0,0,0,4,0,0,0,0,5,0,0,5,0,0,0,0,0,0,0,0,0,0,0,0
C:\Users\ehsra\Documents\GitHub\WMVxTOPNG\ModelsTree\World\AZEROTH\STRANGLETHORN\PASSIVEDOODADS\Trees\StranglethornTree01,2,0,0,0,0,0,0,0,0,0,1,0,0,1,0,0,0,0,0,0,0,0,0,0,0,0
C:\Users\ehsra\Documents\GitHub\WMVxTOPNG\ModelsTree\World\AZEROTH\STRANGLETHORN\PASSIVEDOODADS\Trees\StranglethornTree02,3,0,0,0,0,1,0,0,0,0,1,0,0,1,0,0,0,0,0,0,0,0,0,0,0,0
C:\Users\ehsra\Documents\GitHub\WMVxTOPNG\ModelsTree\World\AZEROTH\STRANGLETHORN\PASSIVEDOODADS\Trees\StranglethornTree04,4,0,0,0,0,2,0,0,0,0,1,0,0,1,0,0,0,0,0,0,0,0,0,0,0,0
C:\Users\ehsra\Documents\GitHub\WMVxTOPNG\ModelsTree\World\AZEROTH\STRANGLETHORN\PASSIVEDOODADS\TrollDrum,11,0,0,0,0,5,0,0,0,0,3,0,0,3,0,0,0,0,0,0,0,0,0,0,0,0
C:\Users\ehsra\Documents\GitHub\WMVxTOPNG\ModelsTree\World\AZEROTH\STRANGLETHORN\PASSIVEDOODADS\TrollDungeonBasin Wall,3,0,0,0,0,1,0,0,0,0,1,0,0,1,0,0,0,0,0,0,0,0,0,0,0,0
C:\Users\ehsra\Documents\GitHub\WMVxTOPNG\ModelsTree\World\AZEROTH\STRANGLETHORN\PASSIVEDOODADS\TrollDungeonFountain,3,0,0,0,0,1,0,0,0,0,1,0,0,1,0,0,0,0,0,0,0,0,0,0,0,0
C:\Users\ehsra\Documents\GitHub\WMVxTOPNG\ModelsTree\World\AZEROTH\STRANGLETHORN\PASSIVEDOODADS\TrollDungeonPottery,9,0,0,0,0,3,0,0,0,0,3,0,0,3,0,0,0,0,0,0,0,0,0,0,0,0
C:\Users\ehsra\Documents\GitHub\WMVxTOPNG\ModelsTree\World\AZEROTH\STRANGLETHORN\PASSIVEDOODADS\TrollDungeonRing,3,0,0,0,0,1,0,0,0,0,1,0,0,1,0,0,0,0,0,0,0,0,0,0,0,0
C:\Users\ehsra\Documents\GitHub\WMVxTOPNG\ModelsTree\World\AZEROTH\STRANGLETHORN\PASSIVEDOODADS\TrollDungeonSacks,2,0,0,0,0,0,0,0,0,0,1,0,0,1,0,0,0,0,0,0,0,0,0,0,0,0
C:\Users\ehsra\Documents\GitHub\WMVxTOPNG\ModelsTree\World\AZEROTH\STRANGLETHORN\PASSIVEDOODADS\TrollDungeonSerpentStatue,2,0,0,0,0,0,0,0,0,0,1,0,0,1,0,0,0,0,0,0,0,0,0,0,0,0
C:\Users\ehsra\Documents\GitHub\WMVxTOPNG\ModelsTree\World\AZEROTH\STRANGLETHORN\PASSIVEDOODADS\TrollRuinsGong,6,0,0,0,0,4,0,0,0,0,1,0,0,1,0,0,0,0,0,0,0,0,0,0,0,0
C:\Users\ehsra\Documents\GitHub\WMVxTOPNG\ModelsTree\World\AZEROTH\STRANGLETHORN\PASSIVEDOODADS\TROLLSHRINE,9,0,0,0,0,5,0,0,0,0,2,0,0,2,0,0,0,0,0,0,0,0,0,0,0,0
C:\Users\ehsra\Documents\GitHub\WMVxTOPNG\ModelsTree\World\AZEROTH\STRANGLETHORN\PASSIVEDOODADS\WATERFALL,3,0,0,0,0,1,0,0,0,0,1,0,0,1,0,0,0,0,0,0,0,0,0,0,0,0
C:\Users\ehsra\Documents\GitHub\WMVxTOPNG\ModelsTree\World\AZEROTH\SunkenTemple,0,1,0,0,0,0,0,0,0,0,0,0,0,0,0,0,0,0,0,0,0,0,0,0,0,0
C:\Users\ehsra\Documents\GitHub\WMVxTOPNG\ModelsTree\World\AZEROTH\SunkenTemple\PassiveDoodads,0,1,0,0,0,0,0,0,0,0,0,0,0,0,0,0,0,0,0,0,0,0,0,0,0,0
C:\Users\ehsra\Documents\GitHub\WMVxTOPNG\ModelsTree\World\AZEROTH\SunkenTemple\PassiveDoodads\SerpentAltar,2,0,0,0,0,0,0,0,0,0,1,0,0,1,0,0,0,0,0,0,0,0,0,0,0,0
C:\Users\ehsra\Documents\GitHub\WMVxTOPNG\ModelsTree\World\AZEROTH\SWAMPOSORROW,0,2,0,0,0,0,0,0,0,0,0,0,0,0,0,0,0,0,0,0,0,0,0,0,0,0
C:\Users\ehsra\Documents\GitHub\WMVxTOPNG\ModelsTree\World\AZEROTH\SWAMPOSORROW\Buildings,0,1,0,0,0,0,0,0,0,0,0,0,0,0,0,0,0,0,0,0,0,0,0,0,0,0
C:\Users\ehsra\Documents\GitHub\WMVxTOPNG\ModelsTree\World\AZEROTH\SWAMPOSORROW\Buildings\RuneStoneCrud_01,3,0,0,0,0,1,0,0,0,0,1,0,0,1,0,0,0,0,0,0,0,0,0,0,0,0
C:\Users\ehsra\Documents\GitHub\WMVxTOPNG\ModelsTree\World\AZEROTH\SWAMPOSORROW\PASSIVEDOODADS,0,12,0,0,0,0,0,0,0,0,0,0,0,0,0,0,0,0,0,0,0,0,0,0,0,0
C:\Users\ehsra\Documents\GitHub\WMVxTOPNG\ModelsTree\World\AZEROTH\SWAMPOSORROW\PASSIVEDOODADS\PLANTS,31,0,0,0,0,11,0,0,0,0,10,0,0,10,0,0,0,0,0,0,0,0,0,0,0,0
C:\Users\ehsra\Documents\GitHub\WMVxTOPNG\ModelsTree\World\AZEROTH\SWAMPOSORROW\PASSIVEDOODADS\Rocks,9,0,0,0,0,3,0,0,0,0,3,0,0,3,0,0,0,0,0,0,0,0,0,0,0,0
C:\Users\ehsra\Documents\GitHub\WMVxTOPNG\ModelsTree\World\AZEROTH\SWAMPOSORROW\PASSIVEDOODADS\SwampBeastBones,4,0,0,0,0,2,0,0,0,0,1,0,0,1,0,0,0,0,0,0,0,0,0,0,0,0
C:\Users\ehsra\Documents\GitHub\WMVxTOPNG\ModelsTree\World\AZEROTH\SWAMPOSORROW\PASSIVEDOODADS\SWAMPBOATS,5,0,0,0,0,3,0,0,0,0,1,0,0,1,0,0,0,0,0,0,0,0,0,0,0,0
C:\Users\ehsra\Documents\GitHub\WMVxTOPNG\ModelsTree\World\AZEROTH\SWAMPOSORROW\PASSIVEDOODADS\SwampSkulls,6,0,0,0,0,2,0,0,0,0,2,0,0,2,0,0,0,0,0,0,0,0,0,0,0,0
C:\Users\ehsra\Documents\GitHub\WMVxTOPNG\ModelsTree\World\AZEROTH\SWAMPOSORROW\PASSIVEDOODADS\SwampSnakeStatue,4,0,0,0,0,2,0,0,0,0,1,0,0,1,0,0,0,0,0,0,0,0,0,0,0,0
C:\Users\ehsra\Documents\GitHub\WMVxTOPNG\ModelsTree\World\AZEROTH\SWAMPOSORROW\PASSIVEDOODADS\SwampWagon,4,0,0,0,0,2,0,0,0,0,1,0,0,1,0,0,0,0,0,0,0,0,0,0,0,0
C:\Users\ehsra\Documents\GitHub\WMVxTOPNG\ModelsTree\World\AZEROTH\SWAMPOSORROW\PASSIVEDOODADS\TreeHuts,6,0,0,0,0,0,0,0,0,0,3,0,0,3,0,0,0,0,0,0,0,0,0,0,0,0
C:\Users\ehsra\Documents\GitHub\WMVxTOPNG\ModelsTree\World\AZEROTH\SWAMPOSORROW\PASSIVEDOODADS\treelogs,9,0,0,0,0,1,0,0,0,0,4,0,0,4,0,0,0,0,0,0,0,0,0,0,0,0
C:\Users\ehsra\Documents\GitHub\WMVxTOPNG\ModelsTree\World\AZEROTH\SWAMPOSORROW\PASSIVEDOODADS\trees,18,0,0,0,0,2,0,0,0,0,8,0,0,8,0,0,0,0,0,0,0,0,0,0,0,0
C:\Users\ehsra\Documents\GitHub\WMVxTOPNG\ModelsTree\World\AZEROTH\SWAMPOSORROW\PASSIVEDOODADS\Vines,6,0,0,0,0,2,0,0,0,0,2,0,0,2,0,0,0,0,0,0,0,0,0,0,0,0
C:\Users\ehsra\Documents\GitHub\WMVxTOPNG\ModelsTree\World\AZEROTH\SWAMPOSORROW\PASSIVEDOODADS\WATERHUTS,8,0,0,0,0,4,0,0,0,0,2,0,0,2,0,0,0,0,0,0,0,0,0,0,0,0
C:\Users\ehsra\Documents\GitHub\WMVxTOPNG\ModelsTree\World\AZEROTH\THEBLASTEDLANDS,0,1,0,0,0,0,0,0,0,0,0,0,0,0,0,0,0,0,0,0,0,0,0,0,0,0
C:\Users\ehsra\Documents\GitHub\WMVxTOPNG\ModelsTree\World\AZEROTH\THEBLASTEDLANDS\PASSIVEDOODADS,0,7,0,0,0,0,0,0,0,0,0,0,0,0,0,0,0,0,0,0,0,0,0,0,0,0
C:\Users\ehsra\Documents\GitHub\WMVxTOPNG\ModelsTree\World\AZEROTH\THEBLASTEDLANDS\PASSIVEDOODADS\BONES,19,0,0,0,0,3,0,0,0,0,8,0,0,8,0,0,0,0,0,0,0,0,0,0,0,0
C:\Users\ehsra\Documents\GitHub\WMVxTOPNG\ModelsTree\World\AZEROTH\THEBLASTEDLANDS\PASSIVEDOODADS\Column,5,0,0,0,0,1,0,0,0,0,2,0,0,2,0,0,0,0,0,0,0,0,0,0,0,0
C:\Users\ehsra\Documents\GitHub\WMVxTOPNG\ModelsTree\World\AZEROTH\THEBLASTEDLANDS\PASSIVEDOODADS\Detail,3,0,0,0,0,1,0,0,0,0,1,0,0,1,0,0,0,0,0,0,0,0,0,0,0,0
C:\Users\ehsra\Documents\GitHub\WMVxTOPNG\ModelsTree\World\AZEROTH\THEBLASTEDLANDS\PASSIVEDOODADS\rocks,12,0,0,0,0,2,0,0,0,0,5,0,0,5,0,0,0,0,0,0,0,0,0,0,0,0
C:\Users\ehsra\Documents\GitHub\WMVxTOPNG\ModelsTree\World\AZEROTH\THEBLASTEDLANDS\PASSIVEDOODADS\Roots,4,0,0,0,0,0,0,0,0,0,2,0,0,2,0,0,0,0,0,0,0,0,0,0,0,0
C:\Users\ehsra\Documents\GitHub\WMVxTOPNG\ModelsTree\World\AZEROTH\THEBLASTEDLANDS\PASSIVEDOODADS\RUINS,42,0,0,0,0,10,0,0,0,0,16,0,0,16,0,0,0,0,0,0,0,0,0,0,0,0
C:\Users\ehsra\Documents\GitHub\WMVxTOPNG\ModelsTree\World\AZEROTH\THEBLASTEDLANDS\PASSIVEDOODADS\Trees,15,0,0,0,0,3,0,0,0,0,6,0,0,6,0,0,0,0,0,0,0,0,0,0,0,0
C:\Users\ehsra\Documents\GitHub\WMVxTOPNG\ModelsTree\World\AZEROTH\WESTFALL,0,2,0,0,0,0,0,0,0,0,0,0,0,0,0,0,0,0,0,0,0,0,0,0,0,0
C:\Users\ehsra\Documents\GitHub\WMVxTOPNG\ModelsTree\World\AZEROTH\WESTFALL\Buildings,0,6,0,0,0,0,0,0,0,0,0,0,0,0,0,0,0,0,0,0,0,0,0,0,0,0
C:\Users\ehsra\Documents\GitHub\WMVxTOPNG\ModelsTree\World\AZEROTH\WESTFALL\Buildings\BoatHouse,11,0,0,0,0,11,0,0,0,0,0,0,0,0,0,0,0,0,0,0,0,0,0,0,0,0
C:\Users\ehsra\Documents\GitHub\WMVxTOPNG\ModelsTree\World\AZEROTH\WESTFALL\Buildings\Church,5,0,0,0,0,3,0,0,0,0,1,0,0,1,0,0,0,0,0,0,0,0,0,0,0,0
C:\Users\ehsra\Documents\GitHub\WMVxTOPNG\ModelsTree\World\AZEROTH\WESTFALL\Buildings\GrainSilo,2,0,0,0,0,0,0,0,0,0,1,0,0,1,0,0,0,0,0,0,0,0,0,0,0,0
C:\Users\ehsra\Documents\GitHub\WMVxTOPNG\ModelsTree\World\AZEROTH\WESTFALL\Buildings\Lighthouse,10,0,0,0,0,6,0,0,0,0,2,0,0,2,0,0,0,0,0,0,0,0,0,0,0,0
C:\Users\ehsra\Documents\GitHub\WMVxTOPNG\ModelsTree\World\AZEROTH\WESTFALL\Buildings\Shed,2,0,0,0,0,0,0,0,0,0,1,0,0,1,0,0,0,0,0,0,0,0,0,0,0,0
C:\Users\ehsra\Documents\GitHub\WMVxTOPNG\ModelsTree\World\AZEROTH\WESTFALL\Buildings\Windmill,3,0,0,0,0,1,0,0,0,0,1,0,0,1,0,0,0,0,0,0,0,0,0,0,0,0
C:\Users\ehsra\Documents\GitHub\WMVxTOPNG\ModelsTree\World\AZEROTH\WESTFALL\PASSIVEDOODADS,0,41,0,0,0,0,0,0,0,0,0,0,0,0,0,0,0,0,0,0,0,0,0,0,0,0
C:\Users\ehsra\Documents\GitHub\WMVxTOPNG\ModelsTree\World\AZEROTH\WESTFALL\PASSIVEDOODADS\Aquaduct,24,0,0,0,0,4,0,0,0,0,10,0,0,10,0,0,0,0,0,0,0,0,0,0,0,0
C:\Users\ehsra\Documents\GitHub\WMVxTOPNG\ModelsTree\World\AZEROTH\WESTFALL\PASSIVEDOODADS\BARREL,3,0,0,0,0,1,0,0,0,0,1,0,0,1,0,0,0,0,0,0,0,0,0,0,0,0
C:\Users\ehsra\Documents\GitHub\WMVxTOPNG\ModelsTree\World\AZEROTH\WESTFALL\PASSIVEDOODADS\BrokenCart,2,0,0,0,0,0,0,0,0,0,1,0,0,1,0,0,0,0,0,0,0,0,0,0,0,0
C:\Users\ehsra\Documents\GitHub\WMVxTOPNG\ModelsTree\World\AZEROTH\WESTFALL\PASSIVEDOODADS\ButterChurner,2,0,0,0,0,0,0,0,0,0,1,0,0,1,0,0,0,0,0,0,0,0,0,0,0,0
C:\Users\ehsra\Documents\GitHub\WMVxTOPNG\ModelsTree\World\AZEROTH\WESTFALL\PASSIVEDOODADS\Cages,7,0,0,0,0,3,0,0,0,0,2,0,0,2,0,0,0,0,0,0,0,0,0,0,0,0
C:\Users\ehsra\Documents\GitHub\WMVxTOPNG\ModelsTree\World\AZEROTH\WESTFALL\PASSIVEDOODADS\Crate,2,0,0,0,0,0,0,0,0,0,1,0,0,1,0,0,0,0,0,0,0,0,0,0,0,0
C:\Users\ehsra\Documents\GitHub\WMVxTOPNG\ModelsTree\World\AZEROTH\WESTFALL\PASSIVEDOODADS\DeadCow,3,0,0,0,0,1,0,0,0,0,1,0,0,1,0,0,0,0,0,0,0,0,0,0,0,0
C:\Users\ehsra\Documents\GitHub\WMVxTOPNG\ModelsTree\World\AZEROTH\WESTFALL\PASSIVEDOODADS\DeadMule,3,0,0,0,0,1,0,0,0,0,1,0,0,1,0,0,0,0,0,0,0,0,0,0,0,0
C:\Users\ehsra\Documents\GitHub\WMVxTOPNG\ModelsTree\World\AZEROTH\WESTFALL\PASSIVEDOODADS\DEADSEAMONSTER,8,0,0,0,0,4,0,0,0,0,2,0,0,2,0,0,0,0,0,0,0,0,0,0,0,0
C:\Users\ehsra\Documents\GitHub\WMVxTOPNG\ModelsTree\World\AZEROTH\WESTFALL\PASSIVEDOODADS\Detail,44,0,0,0,0,16,0,0,0,0,14,0,0,14,0,0,0,0,0,0,0,0,0,0,0,0
C:\Users\ehsra\Documents\GitHub\WMVxTOPNG\ModelsTree\World\AZEROTH\WESTFALL\PASSIVEDOODADS\Furniture,4,0,0,0,0,2,0,0,0,0,1,0,0,1,0,0,0,0,0,0,0,0,0,0,0,0
C:\Users\ehsra\Documents\GitHub\WMVxTOPNG\ModelsTree\World\AZEROTH\WESTFALL\PASSIVEDOODADS\GrindStone,5,0,0,0,0,3,0,0,0,0,1,0,0,1,0,0,0,0,0,0,0,0,0,0,0,0
C:\Users\ehsra\Documents\GitHub\WMVxTOPNG\ModelsTree\World\AZEROTH\WESTFALL\PASSIVEDOODADS\HaremPillow01,3,0,0,0,0,1,0,0,0,0,1,0,0,1,0,0,0,0,0,0,0,0,0,0,0,0
C:\Users\ehsra\Documents\GitHub\WMVxTOPNG\ModelsTree\World\AZEROTH\WESTFALL\PASSIVEDOODADS\HaremPillow02,4,0,0,0,0,2,0,0,0,0,1,0,0,1,0,0,0,0,0,0,0,0,0,0,0,0
C:\Users\ehsra\Documents\GitHub\WMVxTOPNG\ModelsTree\World\AZEROTH\WESTFALL\PASSIVEDOODADS\Harness,2,0,0,0,0,0,0,0,0,0,1,0,0,1,0,0,0,0,0,0,0,0,0,0,0,0
C:\Users\ehsra\Documents\GitHub\WMVxTOPNG\ModelsTree\World\AZEROTH\WESTFALL\PASSIVEDOODADS\HayStack,4,0,0,0,0,0,0,0,0,0,2,0,0,2,0,0,0,0,0,0,0,0,0,0,0,0
C:\Users\ehsra\Documents\GitHub\WMVxTOPNG\ModelsTree\World\AZEROTH\WESTFALL\PASSIVEDOODADS\HayWagon,4,0,0,0,0,2,0,0,0,0,1,0,0,1,0,0,0,0,0,0,0,0,0,0,0,0
C:\Users\ehsra\Documents\GitHub\WMVxTOPNG\ModelsTree\World\AZEROTH\WESTFALL\PASSIVEDOODADS\LampDeadMines,8,0,0,0,0,6,0,0,0,0,1,0,0,1,0,0,0,0,0,0,0,0,0,0,0,0
C:\Users\ehsra\Documents\GitHub\WMVxTOPNG\ModelsTree\World\AZEROTH\WESTFALL\PASSIVEDOODADS\LAMPPOST,9,0,0,0,0,3,0,0,0,0,3,0,0,3,0,0,0,0,0,0,0,0,0,0,0,0
C:\Users\ehsra\Documents\GitHub\WMVxTOPNG\ModelsTree\World\AZEROTH\WESTFALL\PASSIVEDOODADS\LightHouseBeam,3,0,0,0,0,1,0,0,0,0,1,0,0,1,0,0,0,0,0,0,0,0,0,0,0,0
C:\Users\ehsra\Documents\GitHub\WMVxTOPNG\ModelsTree\World\AZEROTH\WESTFALL\PASSIVEDOODADS\Outhouse,2,0,0,0,0,0,0,0,0,0,1,0,0,1,0,0,0,0,0,0,0,0,0,0,0,0
C:\Users\ehsra\Documents\GitHub\WMVxTOPNG\ModelsTree\World\AZEROTH\WESTFALL\PASSIVEDOODADS\Plow,3,0,0,0,0,1,0,0,0,0,1,0,0,1,0,0,0,0,0,0,0,0,0,0,0,0
C:\Users\ehsra\Documents\GitHub\WMVxTOPNG\ModelsTree\World\AZEROTH\WESTFALL\PASSIVEDOODADS\RakeCart,3,0,0,0,0,1,0,0,0,0,1,0,0,1,0,0,0,0,0,0,0,0,0,0,0,0
C:\Users\ehsra\Documents\GitHub\WMVxTOPNG\ModelsTree\World\AZEROTH\WESTFALL\PASSIVEDOODADS\ROCKS,5,0,0,0,0,1,0,0,0,0,2,0,0,2,0,0,0,0,0,0,0,0,0,0,0,0
C:\Users\ehsra\Documents\GitHub\WMVxTOPNG\ModelsTree\World\AZEROTH\WESTFALL\PASSIVEDOODADS\RugRacks,5,0,0,0,0,1,0,0,0,0,2,0,0,2,0,0,0,0,0,0,0,0,0,0,0,0
C:\Users\ehsra\Documents\GitHub\WMVxTOPNG\ModelsTree\World\AZEROTH\WESTFALL\PASSIVEDOODADS\Scarecrow,3,0,0,0,0,1,0,0,0,0,1,0,0,1,0,0,0,0,0,0,0,0,0,0,0,0
C:\Users\ehsra\Documents\GitHub\WMVxTOPNG\ModelsTree\World\AZEROTH\WESTFALL\PASSIVEDOODADS\SunkenAnchor,4,0,0,0,0,2,0,0,0,0,1,0,0,1,0,0,0,0,0,0,0,0,0,0,0,0
C:\Users\ehsra\Documents\GitHub\WMVxTOPNG\ModelsTree\World\AZEROTH\WESTFALL\PASSIVEDOODADS\Tombstones,8,0,0,0,0,0,0,0,0,0,4,0,0,4,0,0,0,0,0,0,0,0,0,0,0,0
C:\Users\ehsra\Documents\GitHub\WMVxTOPNG\ModelsTree\World\AZEROTH\WESTFALL\PASSIVEDOODADS\Trees,15,0,0,0,0,5,0,0,0,0,5,0,0,5,0,0,0,0,0,0,0,0,0,0,0,0
C:\Users\ehsra\Documents\GitHub\WMVxTOPNG\ModelsTree\World\AZEROTH\WESTFALL\PASSIVEDOODADS\TreeStumps,5,0,0,0,0,1,0,0,0,0,2,0,0,2,0,0,0,0,0,0,0,0,0,0,0,0
C:\Users\ehsra\Documents\GitHub\WMVxTOPNG\ModelsTree\World\AZEROTH\WESTFALL\PASSIVEDOODADS\Utensils,8,0,0,0,0,2,0,0,0,0,3,0,0,3,0,0,0,0,0,0,0,0,0,0,0,0
C:\Users\ehsra\Documents\GitHub\WMVxTOPNG\ModelsTree\World\AZEROTH\WESTFALL\PASSIVEDOODADS\Westfall Stable,3,0,0,0,0,1,0,0,0,0,1,0,0,1,0,0,0,0,0,0,0,0,0,0,0,0
C:\Users\ehsra\Documents\GitHub\WMVxTOPNG\ModelsTree\World\AZEROTH\WESTFALL\PASSIVEDOODADS\Westfall Wagon,2,0,0,0,0,0,0,0,0,0,1,0,0,1,0,0,0,0,0,0,0,0,0,0,0,0
C:\Users\ehsra\Documents\GitHub\WMVxTOPNG\ModelsTree\World\AZEROTH\WESTFALL\PASSIVEDOODADS\WestfallChair,2,0,0,0,0,0,0,0,0,0,1,0,0,1,0,0,0,0,0,0,0,0,0,0,0,0
C:\Users\ehsra\Documents\GitHub\WMVxTOPNG\ModelsTree\World\AZEROTH\WESTFALL\PASSIVEDOODADS\WestfallFence,6,0,0,0,0,0,0,0,0,0,3,0,0,3,0,0,0,0,0,0,0,0,0,0,0,0
C:\Users\ehsra\Documents\GitHub\WMVxTOPNG\ModelsTree\World\AZEROTH\WESTFALL\PASSIVEDOODADS\WestfallFountain,3,0,0,0,0,1,0,0,0,0,1,0,0,1,0,0,0,0,0,0,0,0,0,0,0,0
C:\Users\ehsra\Documents\GitHub\WMVxTOPNG\ModelsTree\World\AZEROTH\WESTFALL\PASSIVEDOODADS\WestfallRuins,10,0,0,0,0,2,0,0,0,0,4,0,0,4,0,0,0,0,0,0,0,0,0,0,0,0
C:\Users\ehsra\Documents\GitHub\WMVxTOPNG\ModelsTree\World\AZEROTH\WESTFALL\PASSIVEDOODADS\WestfallSkeleton,3,0,0,0,0,1,0,0,0,0,1,0,0,1,0,0,0,0,0,0,0,0,0,0,0,0
C:\Users\ehsra\Documents\GitHub\WMVxTOPNG\ModelsTree\World\AZEROTH\WESTFALL\PASSIVEDOODADS\WestfallTable,3,0,0,0,0,1,0,0,0,0,1,0,0,1,0,0,0,0,0,0,0,0,0,0,0,0
C:\Users\ehsra\Documents\GitHub\WMVxTOPNG\ModelsTree\World\AZEROTH\WESTFALL\PASSIVEDOODADS\WestfallVineyards,3,0,0,0,0,1,0,0,0,0,1,0,0,1,0,0,0,0,0,0,0,0,0,0,0,0
C:\Users\ehsra\Documents\GitHub\WMVxTOPNG\ModelsTree\World\AZEROTH\WESTFALL\PASSIVEDOODADS\WRECKEDROWBOAT,3,0,0,0,0,1,0,0,0,0,1,0,0,1,0,0,0,0,0,0,0,0,0,0,0,0
C:\Users\ehsra\Documents\GitHub\WMVxTOPNG\ModelsTree\World\AZEROTH\ZULGURUB,0,2,0,0,0,0,0,0,0,0,0,0,0,0,0,0,0,0,0,0,0,0,0,0,0,0
C:\Users\ehsra\Documents\GitHub\WMVxTOPNG\ModelsTree\World\AZEROTH\ZULGURUB\ACTIVEDOODADS,0,4,0,0,0,0,0,0,0,0,0,0,0,0,0,0,0,0,0,0,0,0,0,0,0,0
C:\Users\ehsra\Documents\GitHub\WMVxTOPNG\ModelsTree\World\AZEROTH\ZULGURUB\ACTIVEDOODADS\Doors,7,0,0,0,0,1,0,0,0,0,3,0,0,3,0,0,0,0,0,0,0,0,0,0,0,0
C:\Users\ehsra\Documents\GitHub\WMVxTOPNG\ModelsTree\World\AZEROTH\ZULGURUB\ACTIVEDOODADS\MainDoor,3,0,0,0,0,1,0,0,0,0,1,0,0,1,0,0,0,0,0,0,0,0,0,0,0,0
C:\Users\ehsra\Documents\GitHub\WMVxTOPNG\ModelsTree\World\AZEROTH\ZULGURUB\ACTIVEDOODADS\SpiderArea,3,0,0,0,0,1,0,0,0,0,1,0,0,1,0,0,0,0,0,0,0,0,0,0,0,0
C:\Users\ehsra\Documents\GitHub\WMVxTOPNG\ModelsTree\World\AZEROTH\ZULGURUB\ACTIVEDOODADS\VOODOOPILE,4,0,0,0,0,2,0,0,0,0,1,0,0,1,0,0,0,0,0,0,0,0,0,0,0,0
C:\Users\ehsra\Documents\GitHub\WMVxTOPNG\ModelsTree\World\AZEROTH\ZULGURUB\PASSIVEDOODADS,0,6,0,0,0,0,0,0,0,0,0,0,0,0,0,0,0,0,0,0,0,0,0,0,0,0
C:\Users\ehsra\Documents\GitHub\WMVxTOPNG\ModelsTree\World\AZEROTH\ZULGURUB\PASSIVEDOODADS\BatTotem,4,0,0,0,0,2,0,0,0,0,1,0,0,1,0,0,0,0,0,0,0,0,0,0,0,0
C:\Users\ehsra\Documents\GitHub\WMVxTOPNG\ModelsTree\World\AZEROTH\ZULGURUB\PASSIVEDOODADS\HEART,3,0,0,0,0,1,0,0,0,0,1,0,0,1,0,0,0,0,0,0,0,0,0,0,0,0
C:\Users\ehsra\Documents\GitHub\WMVxTOPNG\ModelsTree\World\AZEROTH\ZULGURUB\PASSIVEDOODADS\Lightning,2,0,0,0,0,0,0,0,0,0,1,0,0,1,0,0,0,0,0,0,0,0,0,0,0,0
C:\Users\ehsra\Documents\GitHub\WMVxTOPNG\ModelsTree\World\AZEROTH\ZULGURUB\PASSIVEDOODADS\Ruins,8,0,0,0,0,0,0,0,0,0,4,0,0,4,0,0,0,0,0,0,0,0,0,0,0,0
C:\Users\ehsra\Documents\GitHub\WMVxTOPNG\ModelsTree\World\AZEROTH\ZULGURUB\PASSIVEDOODADS\SPIDERAREA,14,0,0,0,0,4,0,0,0,0,5,0,0,5,0,0,0,0,0,0,0,0,0,0,0,0
C:\Users\ehsra\Documents\GitHub\WMVxTOPNG\ModelsTree\World\AZEROTH\ZULGURUB\PASSIVEDOODADS\Trees,13,0,0,0,0,3,0,0,0,0,5,0,0,5,0,0,0,0,0,0,0,0,0,0,0,0
C:\Users\ehsra\Documents\GitHub\WMVxTOPNG\ModelsTree\World\CRITTER,0,6,0,0,0,0,0,0,0,0,0,0,0,0,0,0,0,0,0,0,0,0,0,0,0,0
C:\Users\ehsra\Documents\GitHub\WMVxTOPNG\ModelsTree\World\CRITTER\bats,5,0,0,0,0,1,0,0,0,0,2,0,0,2,0,0,0,0,0,0,0,0,0,0,0,0
C:\Users\ehsra\Documents\GitHub\WMVxTOPNG\ModelsTree\World\CRITTER\BIRDS,10,0,0,0,0,2,0,0,0,0,4,0,0,4,0,0,0,0,0,0,0,0,0,0,0,0
C:\Users\ehsra\Documents\GitHub\WMVxTOPNG\ModelsTree\World\CRITTER\butterflies,9,0,0,0,0,3,0,0,0,0,3,0,0,3,0,0,0,0,0,0,0,0,0,0,0,0
C:\Users\ehsra\Documents\GitHub\WMVxTOPNG\ModelsTree\World\CRITTER\FireFlies,3,0,0,0,0,1,0,0,0,0,1,0,0,1,0,0,0,0,0,0,0,0,0,0,0,0
C:\Users\ehsra\Documents\GitHub\WMVxTOPNG\ModelsTree\World\CRITTER\FISH,7,0,0,0,0,5,0,0,0,0,1,0,0,1,0,0,0,0,0,0,0,0,0,0,0,0
C:\Users\ehsra\Documents\GitHub\WMVxTOPNG\ModelsTree\World\CRITTER\flies,2,0,0,0,0,0,0,0,0,0,1,0,0,1,0,0,0,0,0,0,0,0,0,0,0,0
C:\Users\ehsra\Documents\GitHub\WMVxTOPNG\ModelsTree\World\Detail,26,0,0,0,0,0,0,0,0,0,13,0,0,13,0,0,0,0,0,0,0,0,0,0,0,0
C:\Users\ehsra\Documents\GitHub\WMVxTOPNG\ModelsTree\World\DREAMING,0,1,0,0,0,0,0,0,0,0,0,0,0,0,0,0,0,0,0,0,0,0,0,0,0,0
C:\Users\ehsra\Documents\GitHub\WMVxTOPNG\ModelsTree\World\DREAMING\PASSIVEDOODADS,0,4,0,0,0,0,0,0,0,0,0,0,0,0,0,0,0,0,0,0,0,0,0,0,0,0
C:\Users\ehsra\Documents\GitHub\WMVxTOPNG\ModelsTree\World\DREAMING\PASSIVEDOODADS\DreamCatchers,10,0,0,0,0,2,0,0,0,0,4,0,0,4,0,0,0,0,0,0,0,0,0,0,0,0
C:\Users\ehsra\Documents\GitHub\WMVxTOPNG\ModelsTree\World\DREAMING\PASSIVEDOODADS\EMERALDDREAMGIANT,3,0,0,0,0,1,0,0,0,0,1,0,0,1,0,0,0,0,0,0,0,0,0,0,0,0
C:\Users\ehsra\Documents\GitHub\WMVxTOPNG\ModelsTree\World\DREAMING\PASSIVEDOODADS\FLOWERS,44,0,0,0,0,18,0,0,0,0,13,0,0,13,0,0,0,0,0,0,0,0,0,0,0,0
C:\Users\ehsra\Documents\GitHub\WMVxTOPNG\ModelsTree\World\DREAMING\PASSIVEDOODADS\TREES,16,0,0,0,0,6,0,0,0,0,5,0,0,5,0,0,0,0,0,0,0,0,0,0,0,0
C:\Users\ehsra\Documents\GitHub\WMVxTOPNG\ModelsTree\World\DUNGEON,0,6,0,0,0,0,0,0,0,0,0,0,0,0,0,0,0,0,0,0,0,0,0,0,0,0
C:\Users\ehsra\Documents\GitHub\WMVxTOPNG\ModelsTree\World\DUNGEON\Cave,0,1,0,0,0,0,0,0,0,0,0,0,0,0,0,0,0,0,0,0,0,0,0,0,0,0
C:\Users\ehsra\Documents\GitHub\WMVxTOPNG\ModelsTree\World\DUNGEON\Cave\PassiveDoodads,0,4,0,0,0,0,0,0,0,0,0,0,0,0,0,0,0,0,0,0,0,0,0,0,0,0
C:\Users\ehsra\Documents\GitHub\WMVxTOPNG\ModelsTree\World\DUNGEON\Cave\PassiveDoodads\Crystals,18,0,0,0,0,0,0,0,0,0,9,0,0,9,0,0,0,0,0,0,0,0,0,0,0,0
C:\Users\ehsra\Documents\GitHub\WMVxTOPNG\ModelsTree\World\DUNGEON\Cave\PassiveDoodads\Icicles,5,0,0,0,0,1,0,0,0,0,2,0,0,2,0,0,0,0,0,0,0,0,0,0,0,0
C:\Users\ehsra\Documents\GitHub\WMVxTOPNG\ModelsTree\World\DUNGEON\Cave\PassiveDoodads\Stalagmite,2,0,0,0,0,0,0,0,0,0,1,0,0,1,0,0,0,0,0,0,0,0,0,0,0,0
C:\Users\ehsra\Documents\GitHub\WMVxTOPNG\ModelsTree\World\DUNGEON\Cave\PassiveDoodads\Stalagtite,9,0,0,0,0,1,0,0,0,0,4,0,0,4,0,0,0,0,0,0,0,0,0,0,0,0
C:\Users\ehsra\Documents\GitHub\WMVxTOPNG\ModelsTree\World\DUNGEON\CAVERNSOFTIME,0,2,0,0,0,0,0,0,0,0,0,0,0,0,0,0,0,0,0,0,0,0,0,0,0,0
C:\Users\ehsra\Documents\GitHub\WMVxTOPNG\ModelsTree\World\DUNGEON\CAVERNSOFTIME\ActiveDoodads,0,1,0,0,0,0,0,0,0,0,0,0,0,0,0,0,0,0,0,0,0,0,0,0,0,0
C:\Users\ehsra\Documents\GitHub\WMVxTOPNG\ModelsTree\World\DUNGEON\CAVERNSOFTIME\ActiveDoodads\CavernsofTimeDoor,3,0,0,0,0,1,0,0,0,0,1,0,0,1,0,0,0,0,0,0,0,0,0,0,0,0
C:\Users\ehsra\Documents\GitHub\WMVxTOPNG\ModelsTree\World\DUNGEON\CAVERNSOFTIME\PASSIVEDOODADS,0,4,0,0,0,0,0,0,0,0,0,0,0,0,0,0,0,0,0,0,0,0,0,0,0,0
C:\Users\ehsra\Documents\GitHub\WMVxTOPNG\ModelsTree\World\DUNGEON\CAVERNSOFTIME\PASSIVEDOODADS\DARKPORTAL,8,0,0,0,0,2,0,0,0,0,3,0,0,3,0,0,0,0,0,0,0,0,0,0,0,0
C:\Users\ehsra\Documents\GitHub\WMVxTOPNG\ModelsTree\World\DUNGEON\CAVERNSOFTIME\PASSIVEDOODADS\EnergyTrails,38,0,0,0,0,4,0,0,0,0,17,0,0,17,0,0,0,0,0,0,0,0,0,0,0,0
C:\Users\ehsra\Documents\GitHub\WMVxTOPNG\ModelsTree\World\DUNGEON\CAVERNSOFTIME\PASSIVEDOODADS\HourGlass,11,0,0,0,0,7,0,0,0,0,2,0,0,2,0,0,0,0,0,0,0,0,0,0,0,0
C:\Users\ehsra\Documents\GitHub\WMVxTOPNG\ModelsTree\World\DUNGEON\CAVERNSOFTIME\PASSIVEDOODADS\Portal,9,0,0,0,0,5,0,0,0,0,2,0,0,2,0,0,0,0,0,0,0,0,0,0,0,0
C:\Users\ehsra\Documents\GitHub\WMVxTOPNG\ModelsTree\World\DUNGEON\GOLDMINE,0,1,0,0,0,0,0,0,0,0,0,0,0,0,0,0,0,0,0,0,0,0,0,0,0,0
C:\Users\ehsra\Documents\GitHub\WMVxTOPNG\ModelsTree\World\DUNGEON\GOLDMINE\PASSIVEDOODADS,0,4,0,0,0,0,0,0,0,0,0,0,0,0,0,0,0,0,0,0,0,0,0,0,0,0
C:\Users\ehsra\Documents\GitHub\WMVxTOPNG\ModelsTree\World\DUNGEON\GOLDMINE\PASSIVEDOODADS\CaveLanterns,10,0,0,0,0,4,0,0,0,0,3,0,0,3,0,0,0,0,0,0,0,0,0,0,0,0
C:\Users\ehsra\Documents\GitHub\WMVxTOPNG\ModelsTree\World\DUNGEON\GOLDMINE\PASSIVEDOODADS\CAVEMINEKOBOLDS,13,0,0,0,0,3,0,0,0,0,5,0,0,5,0,0,0,0,0,0,0,0,0,0,0,0
C:\Users\ehsra\Documents\GitHub\WMVxTOPNG\ModelsTree\World\DUNGEON\GOLDMINE\PASSIVEDOODADS\CaveMineSpiderPillar01,3,0,0,0,0,1,0,0,0,0,1,0,0,1,0,0,0,0,0,0,0,0,0,0,0,0
C:\Users\ehsra\Documents\GitHub\WMVxTOPNG\ModelsTree\World\DUNGEON\GOLDMINE\PASSIVEDOODADS\CaveSpiderwebs,5,0,0,0,0,1,0,0,0,0,2,0,0,2,0,0,0,0,0,0,0,0,0,0,0,0
C:\Users\ehsra\Documents\GitHub\WMVxTOPNG\ModelsTree\World\DUNGEON\GoldshireInn,0,6,0,0,0,0,0,0,0,0,0,0,0,0,0,0,0,0,0,0,0,0,0,0,0,0
C:\Users\ehsra\Documents\GitHub\WMVxTOPNG\ModelsTree\World\DUNGEON\GoldshireInn\InnBarrel,2,0,0,0,0,0,0,0,0,0,1,0,0,1,0,0,0,0,0,0,0,0,0,0,0,0
C:\Users\ehsra\Documents\GitHub\WMVxTOPNG\ModelsTree\World\DUNGEON\GoldshireInn\Innbed,2,0,0,0,0,0,0,0,0,0,1,0,0,1,0,0,0,0,0,0,0,0,0,0,0,0
C:\Users\ehsra\Documents\GitHub\WMVxTOPNG\ModelsTree\World\DUNGEON\GoldshireInn\InnBedCanopy,4,0,0,0,0,2,0,0,0,0,1,0,0,1,0,0,0,0,0,0,0,0,0,0,0,0
C:\Users\ehsra\Documents\GitHub\WMVxTOPNG\ModelsTree\World\DUNGEON\GoldshireInn\InnChandelier,4,0,0,0,0,2,0,0,0,0,1,0,0,1,0,0,0,0,0,0,0,0,0,0,0,0
C:\Users\ehsra\Documents\GitHub\WMVxTOPNG\ModelsTree\World\DUNGEON\GoldshireInn\InnLantern,3,0,0,0,0,1,0,0,0,0,1,0,0,1,0,0,0,0,0,0,0,0,0,0,0,0
C:\Users\ehsra\Documents\GitHub\WMVxTOPNG\ModelsTree\World\DUNGEON\GoldshireInn\InnPillow,3,0,0,0,0,1,0,0,0,0,1,0,0,1,0,0,0,0,0,0,0,0,0,0,0,0
C:\Users\ehsra\Documents\GitHub\WMVxTOPNG\ModelsTree\World\DUNGEON\SCARLETMONASTERY,0,1,0,0,0,0,0,0,0,0,0,0,0,0,0,0,0,0,0,0,0,0,0,0,0,0
C:\Users\ehsra\Documents\GitHub\WMVxTOPNG\ModelsTree\World\DUNGEON\SCARLETMONASTERY\PASSIVEDOODADS,0,2,0,0,0,0,0,0,0,0,0,0,0,0,0,0,0,0,0,0,0,0,0,0,0,0
C:\Users\ehsra\Documents\GitHub\WMVxTOPNG\ModelsTree\World\DUNGEON\SCARLETMONASTERY\PASSIVEDOODADS\Fountains,6,0,0,0,0,2,0,0,0,0,2,0,0,2,0,0,0,0,0,0,0,0,0,0,0,0
C:\Users\ehsra\Documents\GitHub\WMVxTOPNG\ModelsTree\World\DUNGEON\SCARLETMONASTERY\PASSIVEDOODADS\STATUES,48,0,0,0,0,16,0,0,0,0,16,0,0,16,0,0,0,0,0,0,0,0,0,0,0,0
C:\Users\ehsra\Documents\GitHub\WMVxTOPNG\ModelsTree\World\DUNGEON\Sunwell,7,0,0,0,0,0,0,0,0,0,3,0,0,4,0,0,0,0,0,0,0,0,0,0,0,0
C:\Users\ehsra\Documents\GitHub\WMVxTOPNG\ModelsTree\World\ENVIRONMENT,0,3,0,0,0,0,0,0,0,0,0,0,0,0,0,0,0,0,0,0,0,0,0,0,0,0
C:\Users\ehsra\Documents\GitHub\WMVxTOPNG\ModelsTree\World\ENVIRONMENT\BUILDING,0,5,0,0,0,0,0,0,0,0,0,0,0,0,0,0,0,0,0,0,0,0,0,0,0,0
C:\Users\ehsra\Documents\GitHub\WMVxTOPNG\ModelsTree\World\ENVIRONMENT\BUILDING\ELWYNN,0,2,0,0,0,0,0,0,0,0,0,0,0,0,0,0,0,0,0,0,0,0,0,0,0,0
C:\Users\ehsra\Documents\GitHub\WMVxTOPNG\ModelsTree\World\ENVIRONMENT\BUILDING\ELWYNN\BLACKSMITH,0,1,0,0,0,0,0,0,0,0,0,0,0,0,0,0,0,0,0,0,0,0,0,0,0,0
C:\Users\ehsra\Documents\GitHub\WMVxTOPNG\ModelsTree\World\ENVIRONMENT\BUILDING\ELWYNN\BLACKSMITH\TEXTURES,0,1,0,0,0,0,0,0,0,0,0,0,0,0,0,0,0,0,0,0,0,0,0,0,0,0
C:\Users\ehsra\Documents\GitHub\WMVxTOPNG\ModelsTree\World\ENVIRONMENT\BUILDING\ELWYNN\BLACKSMITH\TEXTURES\JOSE,2,0,0,0,0,2,0,0,0,0,0,0,0,0,0,0,0,0,0,0,0,0,0,0,0,0
C:\Users\ehsra\Documents\GitHub\WMVxTOPNG\ModelsTree\World\ENVIRONMENT\BUILDING\ELWYNN\GYPSYWAGON,0,1,0,0,0,0,0,0,0,0,0,0,0,0,0,0,0,0,0,0,0,0,0,0,0,0
C:\Users\ehsra\Documents\GitHub\WMVxTOPNG\ModelsTree\World\ENVIRONMENT\BUILDING\ELWYNN\GYPSYWAGON\TEXTURES,2,0,0,0,0,2,0,0,0,0,0,0,0,0,0,0,0,0,0,0,0,0,0,0,0,0
C:\Users\ehsra\Documents\GitHub\WMVxTOPNG\ModelsTree\World\ENVIRONMENT\BUILDING\GENERAL,0,1,0,0,0,0,0,0,0,0,0,0,0,0,0,0,0,0,0,0,0,0,0,0,0,0
C:\Users\ehsra\Documents\GitHub\WMVxTOPNG\ModelsTree\World\ENVIRONMENT\BUILDING\GENERAL\MURLOC HUTS,0,1,0,0,0,0,0,0,0,0,0,0,0,0,0,0,0,0,0,0,0,0,0,0,0,0
C:\Users\ehsra\Documents\GitHub\WMVxTOPNG\ModelsTree\World\ENVIRONMENT\BUILDING\GENERAL\MURLOC HUTS\TEXTURE,0,1,0,0,0,0,0,0,0,0,0,0,0,0,0,0,0,0,0,0,0,0,0,0,0,0
C:\Users\ehsra\Documents\GitHub\WMVxTOPNG\ModelsTree\World\ENVIRONMENT\BUILDING\GENERAL\MURLOC HUTS\TEXTURE\BRIAN,1,0,0,0,0,1,0,0,0,0,0,0,0,0,0,0,0,0,0,0,0,0,0,0,0,0
C:\Users\ehsra\Documents\GitHub\WMVxTOPNG\ModelsTree\World\ENVIRONMENT\BUILDING\STRANGLETHORN,0,2,0,0,0,0,0,0,0,0,0,0,0,0,0,0,0,0,0,0,0,0,0,0,0,0
C:\Users\ehsra\Documents\GitHub\WMVxTOPNG\ModelsTree\World\ENVIRONMENT\BUILDING\STRANGLETHORN\HUMANTENTS,0,1,0,0,0,0,0,0,0,0,0,0,0,0,0,0,0,0,0,0,0,0,0,0,0,0
C:\Users\ehsra\Documents\GitHub\WMVxTOPNG\ModelsTree\World\ENVIRONMENT\BUILDING\STRANGLETHORN\HUMANTENTS\TEXTURES,0,1,0,0,0,0,0,0,0,0,0,0,0,0,0,0,0,0,0,0,0,0,0,0,0,0
C:\Users\ehsra\Documents\GitHub\WMVxTOPNG\ModelsTree\World\ENVIRONMENT\BUILDING\STRANGLETHORN\HUMANTENTS\TEXTURES\BRIAN,1,0,0,0,0,1,0,0,0,0,0,0,0,0,0,0,0,0,0,0,0,0,0,0,0,0
C:\Users\ehsra\Documents\GitHub\WMVxTOPNG\ModelsTree\World\ENVIRONMENT\BUILDING\STRANGLETHORN\OILREFINERY,0,1,0,0,0,0,0,0,0,0,0,0,0,0,0,0,0,0,0,0,0,0,0,0,0,0
C:\Users\ehsra\Documents\GitHub\WMVxTOPNG\ModelsTree\World\ENVIRONMENT\BUILDING\STRANGLETHORN\OILREFINERY\TEXTURE,0,1,0,0,0,0,0,0,0,0,0,0,0,0,0,0,0,0,0,0,0,0,0,0,0,0
C:\Users\ehsra\Documents\GitHub\WMVxTOPNG\ModelsTree\World\ENVIRONMENT\BUILDING\STRANGLETHORN\OILREFINERY\TEXTURE\JOSE,18,0,0,0,0,18,0,0,0,0,0,0,0,0,0,0,0,0,0,0,0,0,0,0,0,0
C:\Users\ehsra\Documents\GitHub\WMVxTOPNG\ModelsTree\World\ENVIRONMENT\BUILDING\SWAMPOFSORROW,0,1,0,0,0,0,0,0,0,0,0,0,0,0,0,0,0,0,0,0,0,0,0,0,0,0
C:\Users\ehsra\Documents\GitHub\WMVxTOPNG\ModelsTree\World\ENVIRONMENT\BUILDING\SWAMPOFSORROW\LOSTONEHUT,0,1,0,0,0,0,0,0,0,0,0,0,0,0,0,0,0,0,0,0,0,0,0,0,0,0
C:\Users\ehsra\Documents\GitHub\WMVxTOPNG\ModelsTree\World\ENVIRONMENT\BUILDING\SWAMPOFSORROW\LOSTONEHUT\TEXTURE,0,1,0,0,0,0,0,0,0,0,0,0,0,0,0,0,0,0,0,0,0,0,0,0,0,0
C:\Users\ehsra\Documents\GitHub\WMVxTOPNG\ModelsTree\World\ENVIRONMENT\BUILDING\SWAMPOFSORROW\LOSTONEHUT\TEXTURE\BRIAN,1,0,0,0,0,1,0,0,0,0,0,0,0,0,0,0,0,0,0,0,0,0,0,0,0,0
C:\Users\ehsra\Documents\GitHub\WMVxTOPNG\ModelsTree\World\ENVIRONMENT\BUILDING\WESTWOOD,0,1,0,0,0,0,0,0,0,0,0,0,0,0,0,0,0,0,0,0,0,0,0,0,0,0
C:\Users\ehsra\Documents\GitHub\WMVxTOPNG\ModelsTree\World\ENVIRONMENT\BUILDING\WESTWOOD\HUMANBOATHOUSE,0,1,0,0,0,0,0,0,0,0,0,0,0,0,0,0,0,0,0,0,0,0,0,0,0,0
C:\Users\ehsra\Documents\GitHub\WMVxTOPNG\ModelsTree\World\ENVIRONMENT\BUILDING\WESTWOOD\HUMANBOATHOUSE\FINAL,1,0,0,0,0,1,0,0,0,0,0,0,0,0,0,0,0,0,0,0,0,0,0,0,0,0
C:\Users\ehsra\Documents\GitHub\WMVxTOPNG\ModelsTree\World\ENVIRONMENT\DOODAD,0,68,0,0,0,0,0,0,0,0,0,0,0,0,0,0,0,0,0,0,0,0,0,0,0,0
C:\Users\ehsra\Documents\GitHub\WMVxTOPNG\ModelsTree\World\ENVIRONMENT\DOODAD\ANCIENTORC,0,1,0,0,0,0,0,0,0,0,0,0,0,0,0,0,0,0,0,0,0,0,0,0,0,0
C:\Users\ehsra\Documents\GitHub\WMVxTOPNG\ModelsTree\World\ENVIRONMENT\DOODAD\ANCIENTORC\BRIDGE,0,1,0,0,0,0,0,0,0,0,0,0,0,0,0,0,0,0,0,0,0,0,0,0,0,0
C:\Users\ehsra\Documents\GitHub\WMVxTOPNG\ModelsTree\World\ENVIRONMENT\DOODAD\ANCIENTORC\BRIDGE\TEX,1,0,0,0,0,1,0,0,0,0,0,0,0,0,0,0,0,0,0,0,0,0,0,0,0,0
C:\Users\ehsra\Documents\GitHub\WMVxTOPNG\ModelsTree\World\ENVIRONMENT\DOODAD\ANQUIRAJ,0,5,0,0,0,0,0,0,0,0,0,0,0,0,0,0,0,0,0,0,0,0,0,0,0,0
C:\Users\ehsra\Documents\GitHub\WMVxTOPNG\ModelsTree\World\ENVIRONMENT\DOODAD\ANQUIRAJ\Fireflies,10,0,0,0,0,2,0,0,0,0,2,0,0,6,0,0,0,0,0,0,0,0,0,0,0,0
C:\Users\ehsra\Documents\GitHub\WMVxTOPNG\ModelsTree\World\ENVIRONMENT\DOODAD\ANQUIRAJ\Lightshaft,4,0,0,0,0,0,0,0,0,0,2,0,0,2,0,0,0,0,0,0,0,0,0,0,0,0
C:\Users\ehsra\Documents\GitHub\WMVxTOPNG\ModelsTree\World\ENVIRONMENT\DOODAD\ANQUIRAJ\RUINS,0,1,0,0,0,0,0,0,0,0,0,0,0,0,0,0,0,0,0,0,0,0,0,0,0,0
C:\Users\ehsra\Documents\GitHub\WMVxTOPNG\ModelsTree\World\ENVIRONMENT\DOODAD\ANQUIRAJ\RUINS\TEXTURE,1,0,0,0,0,1,0,0,0,0,0,0,0,0,0,0,0,0,0,0,0,0,0,0,0,0
C:\Users\ehsra\Documents\GitHub\WMVxTOPNG\ModelsTree\World\ENVIRONMENT\DOODAD\ANQUIRAJ\Sandwaterfall,6,0,0,0,0,2,0,0,0,0,2,0,0,2,0,0,0,0,0,0,0,0,0,0,0,0
C:\Users\ehsra\Documents\GitHub\WMVxTOPNG\ModelsTree\World\ENVIRONMENT\DOODAD\ANQUIRAJ\Steam,2,0,0,0,0,0,0,0,0,0,1,0,0,1,0,0,0,0,0,0,0,0,0,0,0,0
C:\Users\ehsra\Documents\GitHub\WMVxTOPNG\ModelsTree\World\ENVIRONMENT\DOODAD\ASHENVALE,0,1,0,0,0,0,0,0,0,0,0,0,0,0,0,0,0,0,0,0,0,0,0,0,0,0
C:\Users\ehsra\Documents\GitHub\WMVxTOPNG\ModelsTree\World\ENVIRONMENT\DOODAD\ASHENVALE\STATUESET,0,1,0,0,0,0,0,0,0,0,0,0,0,0,0,0,0,0,0,0,0,0,0,0,0,0
C:\Users\ehsra\Documents\GitHub\WMVxTOPNG\ModelsTree\World\ENVIRONMENT\DOODAD\ASHENVALE\STATUESET\TEX,0,1,0,0,0,0,0,0,0,0,0,0,0,0,0,0,0,0,0,0,0,0,0,0,0,0
C:\Users\ehsra\Documents\GitHub\WMVxTOPNG\ModelsTree\World\ENVIRONMENT\DOODAD\ASHENVALE\STATUESET\TEX\TOPH,1,0,0,0,0,1,0,0,0,0,0,0,0,0,0,0,0,0,0,0,0,0,0,0,0,0
C:\Users\ehsra\Documents\GitHub\WMVxTOPNG\ModelsTree\World\ENVIRONMENT\DOODAD\AZSHARA,0,1,0,0,0,0,0,0,0,0,0,0,0,0,0,0,0,0,0,0,0,0,0,0,0,0
C:\Users\ehsra\Documents\GitHub\WMVxTOPNG\ModelsTree\World\ENVIRONMENT\DOODAD\AZSHARA\NAGACAMP,0,1,0,0,0,0,0,0,0,0,0,0,0,0,0,0,0,0,0,0,0,0,0,0,0,0
C:\Users\ehsra\Documents\GitHub\WMVxTOPNG\ModelsTree\World\ENVIRONMENT\DOODAD\AZSHARA\NAGACAMP\TEXTURE,1,0,0,0,0,1,0,0,0,0,0,0,0,0,0,0,0,0,0,0,0,0,0,0,0,0
C:\Users\ehsra\Documents\GitHub\WMVxTOPNG\ModelsTree\World\ENVIRONMENT\DOODAD\BADLANDS,0,1,0,0,0,0,0,0,0,0,0,0,0,0,0,0,0,0,0,0,0,0,0,0,0,0
C:\Users\ehsra\Documents\GitHub\WMVxTOPNG\ModelsTree\World\ENVIRONMENT\DOODAD\BADLANDS\EXCAVATION,0,1,0,0,0,0,0,0,0,0,0,0,0,0,0,0,0,0,0,0,0,0,0,0,0,0
C:\Users\ehsra\Documents\GitHub\WMVxTOPNG\ModelsTree\World\ENVIRONMENT\DOODAD\BADLANDS\EXCAVATION\TEXTURE,0,1,0,0,0,0,0,0,0,0,0,0,0,0,0,0,0,0,0,0,0,0,0,0,0,0
C:\Users\ehsra\Documents\GitHub\WMVxTOPNG\ModelsTree\World\ENVIRONMENT\DOODAD\BADLANDS\EXCAVATION\TEXTURE\REV.DAN,1,0,0,0,0,1,0,0,0,0,0,0,0,0,0,0,0,0,0,0,0,0,0,0,0,0
C:\Users\ehsra\Documents\GitHub\WMVxTOPNG\ModelsTree\World\ENVIRONMENT\DOODAD\BARRENS,0,1,0,0,0,0,0,0,0,0,0,0,0,0,0,0,0,0,0,0,0,0,0,0,0,0
C:\Users\ehsra\Documents\GitHub\WMVxTOPNG\ModelsTree\World\ENVIRONMENT\DOODAD\BARRENS\RAZORFEN_CANOPIES,0,1,0,0,0,0,0,0,0,0,0,0,0,0,0,0,0,0,0,0,0,0,0,0,0,0
C:\Users\ehsra\Documents\GitHub\WMVxTOPNG\ModelsTree\World\ENVIRONMENT\DOODAD\BARRENS\RAZORFEN_CANOPIES\TEXTURE,1,0,0,0,0,1,0,0,0,0,0,0,0,0,0,0,0,0,0,0,0,0,0,0,0,0
C:\Users\ehsra\Documents\GitHub\WMVxTOPNG\ModelsTree\World\ENVIRONMENT\DOODAD\BLACKROCKSPIRE,0,1,0,0,0,0,0,0,0,0,0,0,0,0,0,0,0,0,0,0,0,0,0,0,0,0
C:\Users\ehsra\Documents\GitHub\WMVxTOPNG\ModelsTree\World\ENVIRONMENT\DOODAD\BLACKROCKSPIRE\BANNERS,5,0,0,0,0,5,0,0,0,0,0,0,0,0,0,0,0,0,0,0,0,0,0,0,0,0
C:\Users\ehsra\Documents\GitHub\WMVxTOPNG\ModelsTree\World\ENVIRONMENT\DOODAD\BLADESEDGEMOUNTAIN,0,2,0,0,0,0,0,0,0,0,0,0,0,0,0,0,0,0,0,0,0,0,0,0,0,0
C:\Users\ehsra\Documents\GitHub\WMVxTOPNG\ModelsTree\World\ENVIRONMENT\DOODAD\BLADESEDGEMOUNTAIN\DARKPORTAL,3,0,0,0,0,3,0,0,0,0,0,0,0,0,0,0,0,0,0,0,0,0,0,0,0,0
C:\Users\ehsra\Documents\GitHub\WMVxTOPNG\ModelsTree\World\ENVIRONMENT\DOODAD\BLADESEDGEMOUNTAIN\ROCKS,0,1,0,0,0,0,0,0,0,0,0,0,0,0,0,0,0,0,0,0,0,0,0,0,0,0
C:\Users\ehsra\Documents\GitHub\WMVxTOPNG\ModelsTree\World\ENVIRONMENT\DOODAD\BLADESEDGEMOUNTAIN\ROCKS\TEXTURE,1,0,0,0,0,1,0,0,0,0,0,0,0,0,0,0,0,0,0,0,0,0,0,0,0,0
C:\Users\ehsra\Documents\GitHub\WMVxTOPNG\ModelsTree\World\ENVIRONMENT\DOODAD\BLASTEDLANDS,0,1,0,0,0,0,0,0,0,0,0,0,0,0,0,0,0,0,0,0,0,0,0,0,0,0
C:\Users\ehsra\Documents\GitHub\WMVxTOPNG\ModelsTree\World\ENVIRONMENT\DOODAD\BLASTEDLANDS\DARKPORTAL,0,1,0,0,0,0,0,0,0,0,0,0,0,0,0,0,0,0,0,0,0,0,0,0,0,0
C:\Users\ehsra\Documents\GitHub\WMVxTOPNG\ModelsTree\World\ENVIRONMENT\DOODAD\BLASTEDLANDS\DARKPORTAL\TEXTURE,0,1,0,0,0,0,0,0,0,0,0,0,0,0,0,0,0,0,0,0,0,0,0,0,0,0
C:\Users\ehsra\Documents\GitHub\WMVxTOPNG\ModelsTree\World\ENVIRONMENT\DOODAD\BLASTEDLANDS\DARKPORTAL\TEXTURE\GARY,0,1,0,0,0,0,0,0,0,0,0,0,0,0,0,0,0,0,0,0,0,0,0,0,0,0
C:\Users\ehsra\Documents\GitHub\WMVxTOPNG\ModelsTree\World\ENVIRONMENT\DOODAD\BLASTEDLANDS\DARKPORTAL\TEXTURE\GARY\NEWPORTAL,4,0,0,0,0,4,0,0,0,0,0,0,0,0,0,0,0,0,0,0,0,0,0,0,0,0
C:\Users\ehsra\Documents\GitHub\WMVxTOPNG\ModelsTree\World\ENVIRONMENT\DOODAD\BLOODELVES,0,3,0,0,0,0,0,0,0,0,0,0,0,0,0,0,0,0,0,0,0,0,0,0,0,0
C:\Users\ehsra\Documents\GitHub\WMVxTOPNG\ModelsTree\World\ENVIRONMENT\DOODAD\BLOODELVES\BLOODELFBALLISTA,1,0,0,0,0,1,0,0,0,0,0,0,0,0,0,0,0,0,0,0,0,0,0,0,0,0
C:\Users\ehsra\Documents\GitHub\WMVxTOPNG\ModelsTree\World\ENVIRONMENT\DOODAD\BLOODELVES\BLOODELFBRIDGE,0,1,0,0,0,0,0,0,0,0,0,0,0,0,0,0,0,0,0,0,0,0,0,0,0,0
C:\Users\ehsra\Documents\GitHub\WMVxTOPNG\ModelsTree\World\ENVIRONMENT\DOODAD\BLOODELVES\BLOODELFBRIDGE\TEXT,2,0,0,0,0,2,0,0,0,0,0,0,0,0,0,0,0,0,0,0,0,0,0,0,0,0
C:\Users\ehsra\Documents\GitHub\WMVxTOPNG\ModelsTree\World\ENVIRONMENT\DOODAD\BLOODELVES\BLOODELFDESTROYER,12,0,0,0,0,12,0,0,0,0,0,0,0,0,0,0,0,0,0,0,0,0,0,0,0,0
C:\Users\ehsra\Documents\GitHub\WMVxTOPNG\ModelsTree\World\ENVIRONMENT\DOODAD\BOREANTUNDRA,0,1,0,0,0,0,0,0,0,0,0,0,0,0,0,0,0,0,0,0,0,0,0,0,0,0
C:\Users\ehsra\Documents\GitHub\WMVxTOPNG\ModelsTree\World\ENVIRONMENT\DOODAD\BOREANTUNDRA\NAGA_PAGODA,0,1,0,0,0,0,0,0,0,0,0,0,0,0,0,0,0,0,0,0,0,0,0,0,0,0
C:\Users\ehsra\Documents\GitHub\WMVxTOPNG\ModelsTree\World\ENVIRONMENT\DOODAD\BOREANTUNDRA\NAGA_PAGODA\TEX,1,0,0,0,0,1,0,0,0,0,0,0,0,0,0,0,0,0,0,0,0,0,0,0,0,0
C:\Users\ehsra\Documents\GitHub\WMVxTOPNG\ModelsTree\World\ENVIRONMENT\DOODAD\BURNINGSTEPPS,0,3,0,0,0,0,0,0,0,0,0,0,0,0,0,0,0,0,0,0,0,0,0,0,0,0
C:\Users\ehsra\Documents\GitHub\WMVxTOPNG\ModelsTree\World\ENVIRONMENT\DOODAD\BURNINGSTEPPS\BROKEN GATE,0,1,0,0,0,0,0,0,0,0,0,0,0,0,0,0,0,0,0,0,0,0,0,0,0,0
C:\Users\ehsra\Documents\GitHub\WMVxTOPNG\ModelsTree\World\ENVIRONMENT\DOODAD\BURNINGSTEPPS\BROKEN GATE\TEXTURES,0,1,0,0,0,0,0,0,0,0,0,0,0,0,0,0,0,0,0,0,0,0,0,0,0,0
C:\Users\ehsra\Documents\GitHub\WMVxTOPNG\ModelsTree\World\ENVIRONMENT\DOODAD\BURNINGSTEPPS\BROKEN GATE\TEXTURES\GARY,1,0,0,0,0,1,0,0,0,0,0,0,0,0,0,0,0,0,0,0,0,0,0,0,0,0
C:\Users\ehsra\Documents\GitHub\WMVxTOPNG\ModelsTree\World\ENVIRONMENT\DOODAD\BURNINGSTEPPS\LAVASHRINE,0,1,0,0,0,0,0,0,0,0,0,0,0,0,0,0,0,0,0,0,0,0,0,0,0,0
C:\Users\ehsra\Documents\GitHub\WMVxTOPNG\ModelsTree\World\ENVIRONMENT\DOODAD\BURNINGSTEPPS\LAVASHRINE\TEXTURE,0,1,0,0,0,0,0,0,0,0,0,0,0,0,0,0,0,0,0,0,0,0,0,0,0,0
C:\Users\ehsra\Documents\GitHub\WMVxTOPNG\ModelsTree\World\ENVIRONMENT\DOODAD\BURNINGSTEPPS\LAVASHRINE\TEXTURE\REDVERSION,2,0,0,0,0,2,0,0,0,0,0,0,0,0,0,0,0,0,0,0,0,0,0,0,0,0
C:\Users\ehsra\Documents\GitHub\WMVxTOPNG\ModelsTree\World\ENVIRONMENT\DOODAD\BURNINGSTEPPS\STATUE OF LOTHAR,0,1,0,0,0,0,0,0,0,0,0,0,0,0,0,0,0,0,0,0,0,0,0,0,0,0
C:\Users\ehsra\Documents\GitHub\WMVxTOPNG\ModelsTree\World\ENVIRONMENT\DOODAD\BURNINGSTEPPS\STATUE OF LOTHAR\TEXTURE,0,1,0,0,0,0,0,0,0,0,0,0,0,0,0,0,0,0,0,0,0,0,0,0,0,0
C:\Users\ehsra\Documents\GitHub\WMVxTOPNG\ModelsTree\World\ENVIRONMENT\DOODAD\BURNINGSTEPPS\STATUE OF LOTHAR\TEXTURE\REV.DAN,2,0,0,0,0,2,0,0,0,0,0,0,0,0,0,0,0,0,0,0,0,0,0,0,0,0
C:\Users\ehsra\Documents\GitHub\WMVxTOPNG\ModelsTree\World\ENVIRONMENT\DOODAD\CARNIVAL,53,0,0,0,0,12,0,0,0,0,20,0,0,21,0,0,0,0,0,0,0,0,0,0,0,0
C:\Users\ehsra\Documents\GitHub\WMVxTOPNG\ModelsTree\World\ENVIRONMENT\DOODAD\CAVERNSOFTIME,0,1,0,0,0,0,0,0,0,0,0,0,0,0,0,0,0,0,0,0,0,0,0,0,0,0
C:\Users\ehsra\Documents\GitHub\WMVxTOPNG\ModelsTree\World\ENVIRONMENT\DOODAD\CAVERNSOFTIME\WAR 2 DARK PORTAL,3,0,0,0,0,3,0,0,0,0,0,0,0,0,0,0,0,0,0,0,0,0,0,0,0,0
C:\Users\ehsra\Documents\GitHub\WMVxTOPNG\ModelsTree\World\ENVIRONMENT\DOODAD\DALARAN,0,1,0,0,0,0,0,0,0,0,0,0,0,0,0,0,0,0,0,0,0,0,0,0,0,0
C:\Users\ehsra\Documents\GitHub\WMVxTOPNG\ModelsTree\World\ENVIRONMENT\DOODAD\DALARAN\INSCRIPTIONSHOP,3,0,0,0,0,3,0,0,0,0,0,0,0,0,0,0,0,0,0,0,0,0,0,0,0,0
C:\Users\ehsra\Documents\GitHub\WMVxTOPNG\ModelsTree\World\ENVIRONMENT\DOODAD\DARKSHORE,0,2,0,0,0,0,0,0,0,0,0,0,0,0,0,0,0,0,0,0,0,0,0,0,0,0
C:\Users\ehsra\Documents\GitHub\WMVxTOPNG\ModelsTree\World\ENVIRONMENT\DOODAD\DARKSHORE\GIANTSEATURTLEBONES,0,1,0,0,0,0,0,0,0,0,0,0,0,0,0,0,0,0,0,0,0,0,0,0,0,0
C:\Users\ehsra\Documents\GitHub\WMVxTOPNG\ModelsTree\World\ENVIRONMENT\DOODAD\DARKSHORE\GIANTSEATURTLEBONES\TEXTURE,0,1,0,0,0,0,0,0,0,0,0,0,0,0,0,0,0,0,0,0,0,0,0,0,0,0
C:\Users\ehsra\Documents\GitHub\WMVxTOPNG\ModelsTree\World\ENVIRONMENT\DOODAD\DARKSHORE\GIANTSEATURTLEBONES\TEXTURE\BRIAN,2,0,0,0,0,2,0,0,0,0,0,0,0,0,0,0,0,0,0,0,0,0,0,0,0,0
C:\Users\ehsra\Documents\GitHub\WMVxTOPNG\ModelsTree\World\ENVIRONMENT\DOODAD\DARKSHORE\LAMPPOST,0,1,0,0,0,0,0,0,0,0,0,0,0,0,0,0,0,0,0,0,0,0,0,0,0,0
C:\Users\ehsra\Documents\GitHub\WMVxTOPNG\ModelsTree\World\ENVIRONMENT\DOODAD\DARKSHORE\LAMPPOST\TEXTURE,0,1,0,0,0,0,0,0,0,0,0,0,0,0,0,0,0,0,0,0,0,0,0,0,0,0
C:\Users\ehsra\Documents\GitHub\WMVxTOPNG\ModelsTree\World\ENVIRONMENT\DOODAD\DARKSHORE\LAMPPOST\TEXTURE\BRIAN,1,0,0,0,0,1,0,0,0,0,0,0,0,0,0,0,0,0,0,0,0,0,0,0,0,0
C:\Users\ehsra\Documents\GitHub\WMVxTOPNG\ModelsTree\World\ENVIRONMENT\DOODAD\DESOLACE,0,2,0,0,0,0,0,0,0,0,0,0,0,0,0,0,0,0,0,0,0,0,0,0,0,0
C:\Users\ehsra\Documents\GitHub\WMVxTOPNG\ModelsTree\World\ENVIRONMENT\DOODAD\DESOLACE\CentaurRuins,14,0,0,0,0,0,0,0,0,0,7,0,0,7,0,0,0,0,0,0,0,0,0,0,0,0
C:\Users\ehsra\Documents\GitHub\WMVxTOPNG\ModelsTree\World\ENVIRONMENT\DOODAD\DESOLACE\DESOLACEROCKBRIDGE,1,0,0,0,0,1,0,0,0,0,0,0,0,0,0,0,0,0,0,0,0,0,0,0,0,0
C:\Users\ehsra\Documents\GitHub\WMVxTOPNG\ModelsTree\World\ENVIRONMENT\DOODAD\DIREMAUL,0,1,0,0,0,0,0,0,0,0,0,0,0,0,0,0,0,0,0,0,0,0,0,0,0,0
C:\Users\ehsra\Documents\GitHub\WMVxTOPNG\ModelsTree\World\ENVIRONMENT\DOODAD\DIREMAUL\TAPESTRIES,5,0,0,0,0,5,0,0,0,0,0,0,0,0,0,0,0,0,0,0,0,0,0,0,0,0
C:\Users\ehsra\Documents\GitHub\WMVxTOPNG\ModelsTree\World\ENVIRONMENT\DOODAD\DRAENEI,0,1,0,0,0,0,0,0,0,0,0,0,0,0,0,0,0,0,0,0,0,0,0,0,0,0
C:\Users\ehsra\Documents\GitHub\WMVxTOPNG\ModelsTree\World\ENVIRONMENT\DOODAD\DRAENEI\DRAENEI BRIDGE,0,1,0,0,0,0,0,0,0,0,0,0,0,0,0,0,0,0,0,0,0,0,0,0,0,0
C:\Users\ehsra\Documents\GitHub\WMVxTOPNG\ModelsTree\World\ENVIRONMENT\DOODAD\DRAENEI\DRAENEI BRIDGE\TEX,3,0,0,0,0,3,0,0,0,0,0,0,0,0,0,0,0,0,0,0,0,0,0,0,0,0
C:\Users\ehsra\Documents\GitHub\WMVxTOPNG\ModelsTree\World\ENVIRONMENT\DOODAD\DRAGONBLIGHT,0,2,0,0,0,0,0,0,0,0,0,0,0,0,0,0,0,0,0,0,0,0,0,0,0,0
C:\Users\ehsra\Documents\GitHub\WMVxTOPNG\ModelsTree\World\ENVIRONMENT\DOODAD\DRAGONBLIGHT\ICECLIFFS,0,1,0,0,0,0,0,0,0,0,0,0,0,0,0,0,0,0,0,0,0,0,0,0,0,0
C:\Users\ehsra\Documents\GitHub\WMVxTOPNG\ModelsTree\World\ENVIRONMENT\DOODAD\DRAGONBLIGHT\ICECLIFFS\TEX,4,0,0,0,0,4,0,0,0,0,0,0,0,0,0,0,0,0,0,0,0,0,0,0,0,0
C:\Users\ehsra\Documents\GitHub\WMVxTOPNG\ModelsTree\World\ENVIRONMENT\DOODAD\DRAGONBLIGHT\REDDRAGONFLIGHT,0,1,0,0,0,0,0,0,0,0,0,0,0,0,0,0,0,0,0,0,0,0,0,0,0,0
C:\Users\ehsra\Documents\GitHub\WMVxTOPNG\ModelsTree\World\ENVIRONMENT\DOODAD\DRAGONBLIGHT\REDDRAGONFLIGHT\RED_DRAGON_SHRINE,0,1,0,0,0,0,0,0,0,0,0,0,0,0,0,0,0,0,0,0,0,0,0,0,0,0
C:\Users\ehsra\Documents\GitHub\WMVxTOPNG\ModelsTree\World\ENVIRONMENT\DOODAD\DRAGONBLIGHT\REDDRAGONFLIGHT\RED_DRAGON_SHRINE\TEX,4,0,0,0,0,4,0,0,0,0,0,0,0,0,0,0,0,0,0,0,0,0,0,0,0,0
C:\Users\ehsra\Documents\GitHub\WMVxTOPNG\ModelsTree\World\ENVIRONMENT\DOODAD\DUSKWALLOWMARSH,0,1,0,0,0,0,0,0,0,0,0,0,0,0,0,0,0,0,0,0,0,0,0,0,0,0
C:\Users\ehsra\Documents\GitHub\WMVxTOPNG\ModelsTree\World\ENVIRONMENT\DOODAD\DUSKWALLOWMARSH\BRIDGE,0,1,0,0,0,0,0,0,0,0,0,0,0,0,0,0,0,0,0,0,0,0,0,0,0,0
C:\Users\ehsra\Documents\GitHub\WMVxTOPNG\ModelsTree\World\ENVIRONMENT\DOODAD\DUSKWALLOWMARSH\BRIDGE\TEX,0,1,0,0,0,0,0,0,0,0,0,0,0,0,0,0,0,0,0,0,0,0,0,0,0,0
C:\Users\ehsra\Documents\GitHub\WMVxTOPNG\ModelsTree\World\ENVIRONMENT\DOODAD\DUSKWALLOWMARSH\BRIDGE\TEX\BRANDON,3,0,0,0,0,3,0,0,0,0,0,0,0,0,0,0,0,0,0,0,0,0,0,0,0,0
C:\Users\ehsra\Documents\GitHub\WMVxTOPNG\ModelsTree\World\ENVIRONMENT\DOODAD\DUSKWOOD,0,2,0,0,0,0,0,0,0,0,0,0,0,0,0,0,0,0,0,0,0,0,0,0,0,0
C:\Users\ehsra\Documents\GitHub\WMVxTOPNG\ModelsTree\World\ENVIRONMENT\DOODAD\DUSKWOOD\BRIDGE,0,1,0,0,0,0,0,0,0,0,0,0,0,0,0,0,0,0,0,0,0,0,0,0,0,0
C:\Users\ehsra\Documents\GitHub\WMVxTOPNG\ModelsTree\World\ENVIRONMENT\DOODAD\DUSKWOOD\BRIDGE\TEX,4,0,0,0,0,4,0,0,0,0,0,0,0,0,0,0,0,0,0,0,0,0,0,0,0,0
C:\Users\ehsra\Documents\GitHub\WMVxTOPNG\ModelsTree\World\ENVIRONMENT\DOODAD\DUSKWOOD\OPENGRAVE,2,0,0,0,0,2,0,0,0,0,0,0,0,0,0,0,0,0,0,0,0,0,0,0,0,0
C:\Users\ehsra\Documents\GitHub\WMVxTOPNG\ModelsTree\World\ENVIRONMENT\DOODAD\ELWYNN,0,1,0,0,0,0,0,0,0,0,0,0,0,0,0,0,0,0,0,0,0,0,0,0,0,0
C:\Users\ehsra\Documents\GitHub\WMVxTOPNG\ModelsTree\World\ENVIRONMENT\DOODAD\ELWYNN\BRIDGE,0,1,0,0,0,0,0,0,0,0,0,0,0,0,0,0,0,0,0,0,0,0,0,0,0,0
C:\Users\ehsra\Documents\GitHub\WMVxTOPNG\ModelsTree\World\ENVIRONMENT\DOODAD\ELWYNN\BRIDGE\TEXTURES,4,0,0,0,0,4,0,0,0,0,0,0,0,0,0,0,0,0,0,0,0,0,0,0,0,0
C:\Users\ehsra\Documents\GitHub\WMVxTOPNG\ModelsTree\World\ENVIRONMENT\DOODAD\FORSAKEN,0,1,0,0,0,0,0,0,0,0,0,0,0,0,0,0,0,0,0,0,0,0,0,0,0,0
C:\Users\ehsra\Documents\GitHub\WMVxTOPNG\ModelsTree\World\ENVIRONMENT\DOODAD\FORSAKEN\APOTHECARY_BUILDING,1,0,0,0,0,1,0,0,0,0,0,0,0,0,0,0,0,0,0,0,0,0,0,0,0,0
C:\Users\ehsra\Documents\GitHub\WMVxTOPNG\ModelsTree\World\ENVIRONMENT\DOODAD\GENERALDOODADS,0,10,0,0,0,0,0,0,0,0,0,0,0,0,0,0,0,0,0,0,0,0,0,0,0,0
C:\Users\ehsra\Documents\GitHub\WMVxTOPNG\ModelsTree\World\ENVIRONMENT\DOODAD\GENERALDOODADS\AltarOfTidalMastery,3,0,0,0,0,1,0,0,0,0,1,0,0,1,0,0,0,0,0,0,0,0,0,0,0,0
C:\Users\ehsra\Documents\GitHub\WMVxTOPNG\ModelsTree\World\ENVIRONMENT\DOODAD\GENERALDOODADS\ELEMENTALRIFTS,13,0,0,0,0,5,0,0,0,0,4,0,0,4,0,0,0,0,0,0,0,0,0,0,0,0
C:\Users\ehsra\Documents\GitHub\WMVxTOPNG\ModelsTree\World\ENVIRONMENT\DOODAD\GENERALDOODADS\HelpWantedPoster,3,0,0,0,0,1,0,0,0,0,1,0,0,1,0,0,0,0,0,0,0,0,0,0,0,0
C:\Users\ehsra\Documents\GitHub\WMVxTOPNG\ModelsTree\World\ENVIRONMENT\DOODAD\GENERALDOODADS\JEWELCRAFTING,0,1,0,0,0,0,0,0,0,0,0,0,0,0,0,0,0,0,0,0,0,0,0,0,0,0
C:\Users\ehsra\Documents\GitHub\WMVxTOPNG\ModelsTree\World\ENVIRONMENT\DOODAD\GENERALDOODADS\JEWELCRAFTING\TEXTURE,1,0,0,0,0,1,0,0,0,0,0,0,0,0,0,0,0,0,0,0,0,0,0,0,0,0
C:\Users\ehsra\Documents\GitHub\WMVxTOPNG\ModelsTree\World\ENVIRONMENT\DOODAD\GENERALDOODADS\NightElfLanternBlue,2,0,0,0,0,0,0,0,0,0,1,0,0,1,0,0,0,0,0,0,0,0,0,0,0,0
C:\Users\ehsra\Documents\GitHub\WMVxTOPNG\ModelsTree\World\ENVIRONMENT\DOODAD\GENERALDOODADS\NIGHTELFTENT,0,1,0,0,0,0,0,0,0,0,0,0,0,0,0,0,0,0,0,0,0,0,0,0,0,0
C:\Users\ehsra\Documents\GitHub\WMVxTOPNG\ModelsTree\World\ENVIRONMENT\DOODAD\GENERALDOODADS\NIGHTELFTENT\TEXTURE,1,0,0,0,0,1,0,0,0,0,0,0,0,0,0,0,0,0,0,0,0,0,0,0,0,0
C:\Users\ehsra\Documents\GitHub\WMVxTOPNG\ModelsTree\World\ENVIRONMENT\DOODAD\GENERALDOODADS\NightElfWeapons,8,0,0,0,0,0,0,0,0,0,4,0,0,4,0,0,0,0,0,0,0,0,0,0,0,0
C:\Users\ehsra\Documents\GitHub\WMVxTOPNG\ModelsTree\World\ENVIRONMENT\DOODAD\GENERALDOODADS\NovaGrave,5,0,0,0,0,3,0,0,0,0,1,0,0,1,0,0,0,0,0,0,0,0,0,0,0,0
C:\Users\ehsra\Documents\GitHub\WMVxTOPNG\ModelsTree\World\ENVIRONMENT\DOODAD\GENERALDOODADS\PACKAGE,3,0,0,0,0,1,0,0,0,0,1,0,0,1,0,0,0,0,0,0,0,0,0,0,0,0
C:\Users\ehsra\Documents\GitHub\WMVxTOPNG\ModelsTree\World\ENVIRONMENT\DOODAD\GENERALDOODADS\PaladinShrine,3,0,0,0,0,1,0,0,0,0,1,0,0,1,0,0,0,0,0,0,0,0,0,0,0,0
C:\Users\ehsra\Documents\GitHub\WMVxTOPNG\ModelsTree\World\ENVIRONMENT\DOODAD\GRIZZLYHILLS,0,3,0,0,0,0,0,0,0,0,0,0,0,0,0,0,0,0,0,0,0,0,0,0,0,0
C:\Users\ehsra\Documents\GitHub\WMVxTOPNG\ModelsTree\World\ENVIRONMENT\DOODAD\GRIZZLYHILLS\BEARALTAR,3,0,0,0,0,3,0,0,0,0,0,0,0,0,0,0,0,0,0,0,0,0,0,0,0,0
C:\Users\ehsra\Documents\GitHub\WMVxTOPNG\ModelsTree\World\ENVIRONMENT\DOODAD\GRIZZLYHILLS\BRIDGES,4,0,0,0,0,4,0,0,0,0,0,0,0,0,0,0,0,0,0,0,0,0,0,0,0,0
C:\Users\ehsra\Documents\GitHub\WMVxTOPNG\ModelsTree\World\ENVIRONMENT\DOODAD\GRIZZLYHILLS\LOGRUNS,1,0,0,0,0,1,0,0,0,0,0,0,0,0,0,0,0,0,0,0,0,0,0,0,0,0
C:\Users\ehsra\Documents\GitHub\WMVxTOPNG\ModelsTree\World\ENVIRONMENT\DOODAD\HELLFIRECITADEL,0,1,0,0,0,0,0,0,0,0,0,0,0,0,0,0,0,0,0,0,0,0,0,0,0,0
C:\Users\ehsra\Documents\GitHub\WMVxTOPNG\ModelsTree\World\ENVIRONMENT\DOODAD\HELLFIRECITADEL\STATUES,7,0,0,0,0,7,0,0,0,0,0,0,0,0,0,0,0,0,0,0,0,0,0,0,0,0
C:\Users\ehsra\Documents\GitHub\WMVxTOPNG\ModelsTree\World\ENVIRONMENT\DOODAD\HELLFIREPENINSULA,0,1,0,0,0,0,0,0,0,0,0,0,0,0,0,0,0,0,0,0,0,0,0,0,0,0
C:\Users\ehsra\Documents\GitHub\WMVxTOPNG\ModelsTree\World\ENVIRONMENT\DOODAD\HELLFIREPENINSULA\DARKPORTALFX,1,0,0,0,0,1,0,0,0,0,0,0,0,0,0,0,0,0,0,0,0,0,0,0,0,0
C:\Users\ehsra\Documents\GitHub\WMVxTOPNG\ModelsTree\World\ENVIRONMENT\DOODAD\HOWLINGFJORD,0,2,0,0,0,0,0,0,0,0,0,0,0,0,0,0,0,0,0,0,0,0,0,0,0,0
C:\Users\ehsra\Documents\GitHub\WMVxTOPNG\ModelsTree\World\ENVIRONMENT\DOODAD\HOWLINGFJORD\CANYONWALLS,0,1,0,0,0,0,0,0,0,0,0,0,0,0,0,0,0,0,0,0,0,0,0,0,0,0
C:\Users\ehsra\Documents\GitHub\WMVxTOPNG\ModelsTree\World\ENVIRONMENT\DOODAD\HOWLINGFJORD\CANYONWALLS\TEX,2,0,0,0,0,2,0,0,0,0,0,0,0,0,0,0,0,0,0,0,0,0,0,0,0,0
C:\Users\ehsra\Documents\GitHub\WMVxTOPNG\ModelsTree\World\ENVIRONMENT\DOODAD\HOWLINGFJORD\STATUES,0,1,0,0,0,0,0,0,0,0,0,0,0,0,0,0,0,0,0,0,0,0,0,0,0,0
C:\Users\ehsra\Documents\GitHub\WMVxTOPNG\ModelsTree\World\ENVIRONMENT\DOODAD\HOWLINGFJORD\STATUES\TEXTURE,4,0,0,0,0,4,0,0,0,0,0,0,0,0,0,0,0,0,0,0,0,0,0,0,0,0
C:\Users\ehsra\Documents\GitHub\WMVxTOPNG\ModelsTree\World\ENVIRONMENT\DOODAD\ICECROWN,0,1,0,0,0,0,0,0,0,0,0,0,0,0,0,0,0,0,0,0,0,0,0,0,0,0
C:\Users\ehsra\Documents\GitHub\WMVxTOPNG\ModelsTree\World\ENVIRONMENT\DOODAD\ICECROWN\ICESHARDS,0,1,0,0,0,0,0,0,0,0,0,0,0,0,0,0,0,0,0,0,0,0,0,0,0,0
C:\Users\ehsra\Documents\GitHub\WMVxTOPNG\ModelsTree\World\ENVIRONMENT\DOODAD\ICECROWN\ICESHARDS\TEX,2,0,0,0,0,2,0,0,0,0,0,0,0,0,0,0,0,0,0,0,0,0,0,0,0,0
C:\Users\ehsra\Documents\GitHub\WMVxTOPNG\ModelsTree\World\ENVIRONMENT\DOODAD\IRON DWARVES,2,0,0,0,0,2,0,0,0,0,0,0,0,0,0,0,0,0,0,0,0,0,0,0,0,0
C:\Users\ehsra\Documents\GitHub\WMVxTOPNG\ModelsTree\World\ENVIRONMENT\DOODAD\IRONFORGE,0,4,0,0,0,0,0,0,0,0,0,0,0,0,0,0,0,0,0,0,0,0,0,0,0,0
C:\Users\ehsra\Documents\GitHub\WMVxTOPNG\ModelsTree\World\ENVIRONMENT\DOODAD\IRONFORGE\BANNERS,0,1,0,0,0,0,0,0,0,0,0,0,0,0,0,0,0,0,0,0,0,0,0,0,0,0
C:\Users\ehsra\Documents\GitHub\WMVxTOPNG\ModelsTree\World\ENVIRONMENT\DOODAD\IRONFORGE\BANNERS\IRONFORGEBANNER_ORNATE,0,1,0,0,0,0,0,0,0,0,0,0,0,0,0,0,0,0,0,0,0,0,0,0,0,0
C:\Users\ehsra\Documents\GitHub\WMVxTOPNG\ModelsTree\World\ENVIRONMENT\DOODAD\IRONFORGE\BANNERS\IRONFORGEBANNER_ORNATE\TEXTURE,1,0,0,0,0,1,0,0,0,0,0,0,0,0,0,0,0,0,0,0,0,0,0,0,0,0
C:\Users\ehsra\Documents\GitHub\WMVxTOPNG\ModelsTree\World\ENVIRONMENT\DOODAD\IRONFORGE\ROPEBRIDGE,0,1,0,0,0,0,0,0,0,0,0,0,0,0,0,0,0,0,0,0,0,0,0,0,0,0
C:\Users\ehsra\Documents\GitHub\WMVxTOPNG\ModelsTree\World\ENVIRONMENT\DOODAD\IRONFORGE\ROPEBRIDGE\TEXTURE,0,1,0,0,0,0,0,0,0,0,0,0,0,0,0,0,0,0,0,0,0,0,0,0,0,0
C:\Users\ehsra\Documents\GitHub\WMVxTOPNG\ModelsTree\World\ENVIRONMENT\DOODAD\IRONFORGE\ROPEBRIDGE\TEXTURE\BRIAN,1,0,0,0,0,1,0,0,0,0,0,0,0,0,0,0,0,0,0,0,0,0,0,0,0,0
C:\Users\ehsra\Documents\GitHub\WMVxTOPNG\ModelsTree\World\ENVIRONMENT\DOODAD\IRONFORGE\STONEBRIDGE,0,1,0,0,0,0,0,0,0,0,0,0,0,0,0,0,0,0,0,0,0,0,0,0,0,0
C:\Users\ehsra\Documents\GitHub\WMVxTOPNG\ModelsTree\World\ENVIRONMENT\DOODAD\IRONFORGE\STONEBRIDGE\TEXTURE,0,1,0,0,0,0,0,0,0,0,0,0,0,0,0,0,0,0,0,0,0,0,0,0,0,0
C:\Users\ehsra\Documents\GitHub\WMVxTOPNG\ModelsTree\World\ENVIRONMENT\DOODAD\IRONFORGE\STONEBRIDGE\TEXTURE\BRIAN,2,0,0,0,0,2,0,0,0,0,0,0,0,0,0,0,0,0,0,0,0,0,0,0,0,0
C:\Users\ehsra\Documents\GitHub\WMVxTOPNG\ModelsTree\World\ENVIRONMENT\DOODAD\IRONFORGE\WOODBRIDGE,0,1,0,0,0,0,0,0,0,0,0,0,0,0,0,0,0,0,0,0,0,0,0,0,0,0
C:\Users\ehsra\Documents\GitHub\WMVxTOPNG\ModelsTree\World\ENVIRONMENT\DOODAD\IRONFORGE\WOODBRIDGE\TEXTURE,0,1,0,0,0,0,0,0,0,0,0,0,0,0,0,0,0,0,0,0,0,0,0,0,0,0
C:\Users\ehsra\Documents\GitHub\WMVxTOPNG\ModelsTree\World\ENVIRONMENT\DOODAD\IRONFORGE\WOODBRIDGE\TEXTURE\BRIAN,5,0,0,0,0,5,0,0,0,0,0,0,0,0,0,0,0,0,0,0,0,0,0,0,0,0
C:\Users\ehsra\Documents\GitHub\WMVxTOPNG\ModelsTree\World\ENVIRONMENT\DOODAD\KALIDAR,0,1,0,0,0,0,0,0,0,0,0,0,0,0,0,0,0,0,0,0,0,0,0,0,0,0
C:\Users\ehsra\Documents\GitHub\WMVxTOPNG\ModelsTree\World\ENVIRONMENT\DOODAD\KALIDAR\TREES,0,1,0,0,0,0,0,0,0,0,0,0,0,0,0,0,0,0,0,0,0,0,0,0,0,0
C:\Users\ehsra\Documents\GitHub\WMVxTOPNG\ModelsTree\World\ENVIRONMENT\DOODAD\KALIDAR\TREES\TEXTURE,0,1,0,0,0,0,0,0,0,0,0,0,0,0,0,0,0,0,0,0,0,0,0,0,0,0
C:\Users\ehsra\Documents\GitHub\WMVxTOPNG\ModelsTree\World\ENVIRONMENT\DOODAD\KALIDAR\TREES\TEXTURE\BRIAN,0,1,0,0,0,0,0,0,0,0,0,0,0,0,0,0,0,0,0,0,0,0,0,0,0,0
C:\Users\ehsra\Documents\GitHub\WMVxTOPNG\ModelsTree\World\ENVIRONMENT\DOODAD\KALIDAR\TREES\TEXTURE\BRIAN\PURPLE,2,0,0,0,0,2,0,0,0,0,0,0,0,0,0,0,0,0,0,0,0,0,0,0,0,0
C:\Users\ehsra\Documents\GitHub\WMVxTOPNG\ModelsTree\World\ENVIRONMENT\DOODAD\KALIMDOR,0,1,0,0,0,0,0,0,0,0,0,0,0,0,0,0,0,0,0,0,0,0,0,0,0,0
C:\Users\ehsra\Documents\GitHub\WMVxTOPNG\ModelsTree\World\ENVIRONMENT\DOODAD\KALIMDOR\BUSTEDELVENDESTORYER,0,1,0,0,0,0,0,0,0,0,0,0,0,0,0,0,0,0,0,0,0,0,0,0,0,0
C:\Users\ehsra\Documents\GitHub\WMVxTOPNG\ModelsTree\World\ENVIRONMENT\DOODAD\KALIMDOR\BUSTEDELVENDESTORYER\TEXTURE,0,1,0,0,0,0,0,0,0,0,0,0,0,0,0,0,0,0,0,0,0,0,0,0,0,0
C:\Users\ehsra\Documents\GitHub\WMVxTOPNG\ModelsTree\World\ENVIRONMENT\DOODAD\KALIMDOR\BUSTEDELVENDESTORYER\TEXTURE\BRIAN,7,0,0,0,0,7,0,0,0,0,0,0,0,0,0,0,0,0,0,0,0,0,0,0,0,0
C:\Users\ehsra\Documents\GitHub\WMVxTOPNG\ModelsTree\World\ENVIRONMENT\DOODAD\LOCH MODAN,0,1,0,0,0,0,0,0,0,0,0,0,0,0,0,0,0,0,0,0,0,0,0,0,0,0
C:\Users\ehsra\Documents\GitHub\WMVxTOPNG\ModelsTree\World\ENVIRONMENT\DOODAD\LOCH MODAN\STATUESENTINELS,0,1,0,0,0,0,0,0,0,0,0,0,0,0,0,0,0,0,0,0,0,0,0,0,0,0
C:\Users\ehsra\Documents\GitHub\WMVxTOPNG\ModelsTree\World\ENVIRONMENT\DOODAD\LOCH MODAN\STATUESENTINELS\TEXTURE,0,1,0,0,0,0,0,0,0,0,0,0,0,0,0,0,0,0,0,0,0,0,0,0,0,0
C:\Users\ehsra\Documents\GitHub\WMVxTOPNG\ModelsTree\World\ENVIRONMENT\DOODAD\LOCH MODAN\STATUESENTINELS\TEXTURE\REV.DAN,7,0,0,0,0,7,0,0,0,0,0,0,0,0,0,0,0,0,0,0,0,0,0,0,0,0
C:\Users\ehsra\Documents\GitHub\WMVxTOPNG\ModelsTree\World\ENVIRONMENT\DOODAD\LOSTONES,0,1,0,0,0,0,0,0,0,0,0,0,0,0,0,0,0,0,0,0,0,0,0,0,0,0
C:\Users\ehsra\Documents\GitHub\WMVxTOPNG\ModelsTree\World\ENVIRONMENT\DOODAD\LOSTONES\LOST ONE HOUSES,0,1,0,0,0,0,0,0,0,0,0,0,0,0,0,0,0,0,0,0,0,0,0,0,0,0
C:\Users\ehsra\Documents\GitHub\WMVxTOPNG\ModelsTree\World\ENVIRONMENT\DOODAD\LOSTONES\LOST ONE HOUSES\TEX,6,0,0,0,0,6,0,0,0,0,0,0,0,0,0,0,0,0,0,0,0,0,0,0,0,0
C:\Users\ehsra\Documents\GitHub\WMVxTOPNG\ModelsTree\World\ENVIRONMENT\DOODAD\MAGEHUNTER,0,1,0,0,0,0,0,0,0,0,0,0,0,0,0,0,0,0,0,0,0,0,0,0,0,0
C:\Users\ehsra\Documents\GitHub\WMVxTOPNG\ModelsTree\World\ENVIRONMENT\DOODAD\MAGEHUNTER\TEXTURES,2,0,0,0,0,2,0,0,0,0,0,0,0,0,0,0,0,0,0,0,0,0,0,0,0,0
C:\Users\ehsra\Documents\GitHub\WMVxTOPNG\ModelsTree\World\ENVIRONMENT\DOODAD\MOONGLADE,0,1,0,0,0,0,0,0,0,0,0,0,0,0,0,0,0,0,0,0,0,0,0,0,0,0
C:\Users\ehsra\Documents\GitHub\WMVxTOPNG\ModelsTree\World\ENVIRONMENT\DOODAD\MOONGLADE\BRIDGE,0,1,0,0,0,0,0,0,0,0,0,0,0,0,0,0,0,0,0,0,0,0,0,0,0,0
C:\Users\ehsra\Documents\GitHub\WMVxTOPNG\ModelsTree\World\ENVIRONMENT\DOODAD\MOONGLADE\BRIDGE\TEXTURES,1,0,0,0,0,1,0,0,0,0,0,0,0,0,0,0,0,0,0,0,0,0,0,0,0,0
C:\Users\ehsra\Documents\GitHub\WMVxTOPNG\ModelsTree\World\ENVIRONMENT\DOODAD\MULLGORE,0,1,0,0,0,0,0,0,0,0,0,0,0,0,0,0,0,0,0,0,0,0,0,0,0,0
C:\Users\ehsra\Documents\GitHub\WMVxTOPNG\ModelsTree\World\ENVIRONMENT\DOODAD\MULLGORE\CENTAUR_TENT_01,0,1,0,0,0,0,0,0,0,0,0,0,0,0,0,0,0,0,0,0,0,0,0,0,0,0
C:\Users\ehsra\Documents\GitHub\WMVxTOPNG\ModelsTree\World\ENVIRONMENT\DOODAD\MULLGORE\CENTAUR_TENT_01\TEX,1,0,0,0,0,1,0,0,0,0,0,0,0,0,0,0,0,0,0,0,0,0,0,0,0,0
C:\Users\ehsra\Documents\GitHub\WMVxTOPNG\ModelsTree\World\ENVIRONMENT\DOODAD\NAGA,0,1,0,0,0,0,0,0,0,0,0,0,0,0,0,0,0,0,0,0,0,0,0,0,0,0
C:\Users\ehsra\Documents\GitHub\WMVxTOPNG\ModelsTree\World\ENVIRONMENT\DOODAD\NAGA\PAGODA,1,0,0,0,0,1,0,0,0,0,0,0,0,0,0,0,0,0,0,0,0,0,0,0,0,0
C:\Users\ehsra\Documents\GitHub\WMVxTOPNG\ModelsTree\World\ENVIRONMENT\DOODAD\NAGRAND,0,2,0,0,0,0,0,0,0,0,0,0,0,0,0,0,0,0,0,0,0,0,0,0,0,0
C:\Users\ehsra\Documents\GitHub\WMVxTOPNG\ModelsTree\World\ENVIRONMENT\DOODAD\NAGRAND\DARKPORTAL,3,0,0,0,0,3,0,0,0,0,0,0,0,0,0,0,0,0,0,0,0,0,0,0,0,0
C:\Users\ehsra\Documents\GitHub\WMVxTOPNG\ModelsTree\World\ENVIRONMENT\DOODAD\NAGRAND\ROCKSFLOATING,5,0,0,0,0,5,0,0,0,0,0,0,0,0,0,0,0,0,0,0,0,0,0,0,0,0
C:\Users\ehsra\Documents\GitHub\WMVxTOPNG\ModelsTree\World\ENVIRONMENT\DOODAD\Naxxramas,5,0,0,0,0,3,0,0,0,0,1,0,0,1,0,0,0,0,0,0,0,0,0,0,0,0
C:\Users\ehsra\Documents\GitHub\WMVxTOPNG\ModelsTree\World\ENVIRONMENT\DOODAD\NORTHREND HUMAN,0,2,0,0,0,0,0,0,0,0,0,0,0,0,0,0,0,0,0,0,0,0,0,0,0,0
C:\Users\ehsra\Documents\GitHub\WMVxTOPNG\ModelsTree\World\ENVIRONMENT\DOODAD\NORTHREND HUMAN\NORTHREND_FOOTBRIDGE,2,0,0,0,0,2,0,0,0,0,0,0,0,0,0,0,0,0,0,0,0,0,0,0,0,0
C:\Users\ehsra\Documents\GitHub\WMVxTOPNG\ModelsTree\World\ENVIRONMENT\DOODAD\NORTHREND HUMAN\NORTHREND_STABLE,2,0,0,0,0,2,0,0,0,0,0,0,0,0,0,0,0,0,0,0,0,0,0,0,0,0
C:\Users\ehsra\Documents\GitHub\WMVxTOPNG\ModelsTree\World\ENVIRONMENT\DOODAD\ORACLE,0,1,0,0,0,0,0,0,0,0,0,0,0,0,0,0,0,0,0,0,0,0,0,0,0,0
C:\Users\ehsra\Documents\GitHub\WMVxTOPNG\ModelsTree\World\ENVIRONMENT\DOODAD\ORACLE\TEX,3,0,0,0,0,3,0,0,0,0,0,0,0,0,0,0,0,0,0,0,0,0,0,0,0,0
C:\Users\ehsra\Documents\GitHub\WMVxTOPNG\ModelsTree\World\ENVIRONMENT\DOODAD\ORCGENERIC,0,1,0,0,0,0,0,0,0,0,0,0,0,0,0,0,0,0,0,0,0,0,0,0,0,0
C:\Users\ehsra\Documents\GitHub\WMVxTOPNG\ModelsTree\World\ENVIRONMENT\DOODAD\ORCGENERIC\TEX,2,0,0,0,0,2,0,0,0,0,0,0,0,0,0,0,0,0,0,0,0,0,0,0,0,0
C:\Users\ehsra\Documents\GitHub\WMVxTOPNG\ModelsTree\World\ENVIRONMENT\DOODAD\OUTLAND,0,5,0,0,0,0,0,0,0,0,0,0,0,0,0,0,0,0,0,0,0,0,0,0,0,0
C:\Users\ehsra\Documents\GitHub\WMVxTOPNG\ModelsTree\World\ENVIRONMENT\DOODAD\OUTLAND\BONE DAM,2,0,0,0,0,2,0,0,0,0,0,0,0,0,0,0,0,0,0,0,0,0,0,0,0,0
C:\Users\ehsra\Documents\GitHub\WMVxTOPNG\ModelsTree\World\ENVIRONMENT\DOODAD\OUTLAND\DRAENI,0,1,0,0,0,0,0,0,0,0,0,0,0,0,0,0,0,0,0,0,0,0,0,0,0,0
C:\Users\ehsra\Documents\GitHub\WMVxTOPNG\ModelsTree\World\ENVIRONMENT\DOODAD\OUTLAND\DRAENI\TEXTURES,10,0,0,0,0,10,0,0,0,0,0,0,0,0,0,0,0,0,0,0,0,0,0,0,0,0
C:\Users\ehsra\Documents\GitHub\WMVxTOPNG\ModelsTree\World\ENVIRONMENT\DOODAD\OUTLAND\HUMANTANK,0,1,0,0,0,0,0,0,0,0,0,0,0,0,0,0,0,0,0,0,0,0,0,0,0,0
C:\Users\ehsra\Documents\GitHub\WMVxTOPNG\ModelsTree\World\ENVIRONMENT\DOODAD\OUTLAND\HUMANTANK\TEX,6,0,0,0,0,6,0,0,0,0,0,0,0,0,0,0,0,0,0,0,0,0,0,0,0,0
C:\Users\ehsra\Documents\GitHub\WMVxTOPNG\ModelsTree\World\ENVIRONMENT\DOODAD\OUTLAND\HUMAN_RUINS,0,1,0,0,0,0,0,0,0,0,0,0,0,0,0,0,0,0,0,0,0,0,0,0,0,0
C:\Users\ehsra\Documents\GitHub\WMVxTOPNG\ModelsTree\World\ENVIRONMENT\DOODAD\OUTLAND\HUMAN_RUINS\TEXTURE,4,0,0,0,0,4,0,0,0,0,0,0,0,0,0,0,0,0,0,0,0,0,0,0,0,0
C:\Users\ehsra\Documents\GitHub\WMVxTOPNG\ModelsTree\World\ENVIRONMENT\DOODAD\OUTLAND\ORCRUINS,0,1,0,0,0,0,0,0,0,0,0,0,0,0,0,0,0,0,0,0,0,0,0,0,0,0
C:\Users\ehsra\Documents\GitHub\WMVxTOPNG\ModelsTree\World\ENVIRONMENT\DOODAD\OUTLAND\ORCRUINS\TEXTURE,6,0,0,0,0,6,0,0,0,0,0,0,0,0,0,0,0,0,0,0,0,0,0,0,0,0
C:\Users\ehsra\Documents\GitHub\WMVxTOPNG\ModelsTree\World\ENVIRONMENT\DOODAD\PLAGUELANDS,0,2,0,0,0,0,0,0,0,0,0,0,0,0,0,0,0,0,0,0,0,0,0,0,0,0
C:\Users\ehsra\Documents\GitHub\WMVxTOPNG\ModelsTree\World\ENVIRONMENT\DOODAD\PLAGUELANDS\ActiveDoodads,4,0,0,0,0,0,0,0,0,0,2,0,0,2,0,0,0,0,0,0,0,0,0,0,0,0
C:\Users\ehsra\Documents\GitHub\WMVxTOPNG\ModelsTree\World\ENVIRONMENT\DOODAD\PLAGUELANDS\FORESTMUSHROOMS,0,1,0,0,0,0,0,0,0,0,0,0,0,0,0,0,0,0,0,0,0,0,0,0,0,0
C:\Users\ehsra\Documents\GitHub\WMVxTOPNG\ModelsTree\World\ENVIRONMENT\DOODAD\PLAGUELANDS\FORESTMUSHROOMS\PLAGUEMUSHROOMS02,0,1,0,0,0,0,0,0,0,0,0,0,0,0,0,0,0,0,0,0,0,0,0,0,0,0
C:\Users\ehsra\Documents\GitHub\WMVxTOPNG\ModelsTree\World\ENVIRONMENT\DOODAD\PLAGUELANDS\FORESTMUSHROOMS\PLAGUEMUSHROOMS02\TEXTURE,0,1,0,0,0,0,0,0,0,0,0,0,0,0,0,0,0,0,0,0,0,0,0,0,0,0
C:\Users\ehsra\Documents\GitHub\WMVxTOPNG\ModelsTree\World\ENVIRONMENT\DOODAD\PLAGUELANDS\FORESTMUSHROOMS\PLAGUEMUSHROOMS02\TEXTURE\JUSTIN,1,0,0,0,0,1,0,0,0,0,0,0,0,0,0,0,0,0,0,0,0,0,0,0,0,0
C:\Users\ehsra\Documents\GitHub\WMVxTOPNG\ModelsTree\World\ENVIRONMENT\DOODAD\RED RIDGE,0,2,0,0,0,0,0,0,0,0,0,0,0,0,0,0,0,0,0,0,0,0,0,0,0,0
C:\Users\ehsra\Documents\GitHub\WMVxTOPNG\ModelsTree\World\ENVIRONMENT\DOODAD\RED RIDGE\BRIDGE,0,1,0,0,0,0,0,0,0,0,0,0,0,0,0,0,0,0,0,0,0,0,0,0,0,0
C:\Users\ehsra\Documents\GitHub\WMVxTOPNG\ModelsTree\World\ENVIRONMENT\DOODAD\RED RIDGE\BRIDGE\TEXTURE,0,1,0,0,0,0,0,0,0,0,0,0,0,0,0,0,0,0,0,0,0,0,0,0,0,0
C:\Users\ehsra\Documents\GitHub\WMVxTOPNG\ModelsTree\World\ENVIRONMENT\DOODAD\RED RIDGE\BRIDGE\TEXTURE\REV.DAN,9,0,0,0,0,9,0,0,0,0,0,0,0,0,0,0,0,0,0,0,0,0,0,0,0,0
C:\Users\ehsra\Documents\GitHub\WMVxTOPNG\ModelsTree\World\ENVIRONMENT\DOODAD\RED RIDGE\REDRIDGEDOCKS,0,1,0,0,0,0,0,0,0,0,0,0,0,0,0,0,0,0,0,0,0,0,0,0,0,0
C:\Users\ehsra\Documents\GitHub\WMVxTOPNG\ModelsTree\World\ENVIRONMENT\DOODAD\RED RIDGE\REDRIDGEDOCKS\TEXTURE,0,1,0,0,0,0,0,0,0,0,0,0,0,0,0,0,0,0,0,0,0,0,0,0,0,0
C:\Users\ehsra\Documents\GitHub\WMVxTOPNG\ModelsTree\World\ENVIRONMENT\DOODAD\RED RIDGE\REDRIDGEDOCKS\TEXTURE\GARY,1,0,0,0,0,1,0,0,0,0,0,0,0,0,0,0,0,0,0,0,0,0,0,0,0,0
C:\Users\ehsra\Documents\GitHub\WMVxTOPNG\ModelsTree\World\ENVIRONMENT\DOODAD\SILITHUS,0,2,0,0,0,0,0,0,0,0,0,0,0,0,0,0,0,0,0,0,0,0,0,0,0,0
C:\Users\ehsra\Documents\GitHub\WMVxTOPNG\ModelsTree\World\ENVIRONMENT\DOODAD\SILITHUS\ELFRUINS,0,1,0,0,0,0,0,0,0,0,0,0,0,0,0,0,0,0,0,0,0,0,0,0,0,0
C:\Users\ehsra\Documents\GitHub\WMVxTOPNG\ModelsTree\World\ENVIRONMENT\DOODAD\SILITHUS\ELFRUINS\TEX,11,0,0,0,0,11,0,0,0,0,0,0,0,0,0,0,0,0,0,0,0,0,0,0,0,0
C:\Users\ehsra\Documents\GitHub\WMVxTOPNG\ModelsTree\World\ENVIRONMENT\DOODAD\SILITHUS\MASTERHIVE,0,1,0,0,0,0,0,0,0,0,0,0,0,0,0,0,0,0,0,0,0,0,0,0,0,0
C:\Users\ehsra\Documents\GitHub\WMVxTOPNG\ModelsTree\World\ENVIRONMENT\DOODAD\SILITHUS\MASTERHIVE\TEX,5,0,0,0,0,5,0,0,0,0,0,0,0,0,0,0,0,0,0,0,0,0,0,0,0,0
C:\Users\ehsra\Documents\GitHub\WMVxTOPNG\ModelsTree\World\ENVIRONMENT\DOODAD\SILVERMYST,0,2,0,0,0,0,0,0,0,0,0,0,0,0,0,0,0,0,0,0,0,0,0,0,0,0
C:\Users\ehsra\Documents\GitHub\WMVxTOPNG\ModelsTree\World\ENVIRONMENT\DOODAD\SILVERMYST\BRIDGE,0,1,0,0,0,0,0,0,0,0,0,0,0,0,0,0,0,0,0,0,0,0,0,0,0,0
C:\Users\ehsra\Documents\GitHub\WMVxTOPNG\ModelsTree\World\ENVIRONMENT\DOODAD\SILVERMYST\BRIDGE\TEX,1,0,0,0,0,1,0,0,0,0,0,0,0,0,0,0,0,0,0,0,0,0,0,0,0,0
C:\Users\ehsra\Documents\GitHub\WMVxTOPNG\ModelsTree\World\ENVIRONMENT\DOODAD\SILVERMYST\OWLBEARDEN,0,1,0,0,0,0,0,0,0,0,0,0,0,0,0,0,0,0,0,0,0,0,0,0,0,0
C:\Users\ehsra\Documents\GitHub\WMVxTOPNG\ModelsTree\World\ENVIRONMENT\DOODAD\SILVERMYST\OWLBEARDEN\TEX,1,0,0,0,0,1,0,0,0,0,0,0,0,0,0,0,0,0,0,0,0,0,0,0,0,0
C:\Users\ehsra\Documents\GitHub\WMVxTOPNG\ModelsTree\World\ENVIRONMENT\DOODAD\STORMPEAKS,0,2,0,0,0,0,0,0,0,0,0,0,0,0,0,0,0,0,0,0,0,0,0,0,0,0
C:\Users\ehsra\Documents\GitHub\WMVxTOPNG\ModelsTree\World\ENVIRONMENT\DOODAD\STORMPEAKS\GIANTBATTLE,2,0,0,0,0,2,0,0,0,0,0,0,0,0,0,0,0,0,0,0,0,0,0,0,0,0
C:\Users\ehsra\Documents\GitHub\WMVxTOPNG\ModelsTree\World\ENVIRONMENT\DOODAD\STORMPEAKS\ROCKS,2,0,0,0,0,2,0,0,0,0,0,0,0,0,0,0,0,0,0,0,0,0,0,0,0,0
C:\Users\ehsra\Documents\GitHub\WMVxTOPNG\ModelsTree\World\ENVIRONMENT\DOODAD\STRANGLETHORN,0,3,0,0,0,0,0,0,0,0,0,0,0,0,0,0,0,0,0,0,0,0,0,0,0,0
C:\Users\ehsra\Documents\GitHub\WMVxTOPNG\ModelsTree\World\ENVIRONMENT\DOODAD\STRANGLETHORN\ROOTS,0,1,0,0,0,0,0,0,0,0,0,0,0,0,0,0,0,0,0,0,0,0,0,0,0,0
C:\Users\ehsra\Documents\GitHub\WMVxTOPNG\ModelsTree\World\ENVIRONMENT\DOODAD\STRANGLETHORN\ROOTS\TEX,0,1,0,0,0,0,0,0,0,0,0,0,0,0,0,0,0,0,0,0,0,0,0,0,0,0
C:\Users\ehsra\Documents\GitHub\WMVxTOPNG\ModelsTree\World\ENVIRONMENT\DOODAD\STRANGLETHORN\ROOTS\TEX\BRIAN,1,0,0,0,0,1,0,0,0,0,0,0,0,0,0,0,0,0,0,0,0,0,0,0,0,0
C:\Users\ehsra\Documents\GitHub\WMVxTOPNG\ModelsTree\World\ENVIRONMENT\DOODAD\STRANGLETHORN\ROPEBRIDGE,0,1,0,0,0,0,0,0,0,0,0,0,0,0,0,0,0,0,0,0,0,0,0,0,0,0
C:\Users\ehsra\Documents\GitHub\WMVxTOPNG\ModelsTree\World\ENVIRONMENT\DOODAD\STRANGLETHORN\ROPEBRIDGE\TEX,0,1,0,0,0,0,0,0,0,0,0,0,0,0,0,0,0,0,0,0,0,0,0,0,0,0
C:\Users\ehsra\Documents\GitHub\WMVxTOPNG\ModelsTree\World\ENVIRONMENT\DOODAD\STRANGLETHORN\ROPEBRIDGE\TEX\BRIAN,1,0,0,0,0,1,0,0,0,0,0,0,0,0,0,0,0,0,0,0,0,0,0,0,0,0
C:\Users\ehsra\Documents\GitHub\WMVxTOPNG\ModelsTree\World\ENVIRONMENT\DOODAD\STRANGLETHORN\TROLLRUINS,0,1,0,0,0,0,0,0,0,0,0,0,0,0,0,0,0,0,0,0,0,0,0,0,0,0
C:\Users\ehsra\Documents\GitHub\WMVxTOPNG\ModelsTree\World\ENVIRONMENT\DOODAD\STRANGLETHORN\TROLLRUINS\TEX,0,1,0,0,0,0,0,0,0,0,0,0,0,0,0,0,0,0,0,0,0,0,0,0,0,0
C:\Users\ehsra\Documents\GitHub\WMVxTOPNG\ModelsTree\World\ENVIRONMENT\DOODAD\STRANGLETHORN\TROLLRUINS\TEX\GARY,20,0,0,0,0,20,0,0,0,0,0,0,0,0,0,0,0,0,0,0,0,0,0,0,0,0
C:\Users\ehsra\Documents\GitHub\WMVxTOPNG\ModelsTree\World\ENVIRONMENT\DOODAD\STRATHOLME,1,0,0,0,0,1,0,0,0,0,0,0,0,0,0,0,0,0,0,0,0,0,0,0,0,0
C:\Users\ehsra\Documents\GitHub\WMVxTOPNG\ModelsTree\World\ENVIRONMENT\DOODAD\SUNWELL,0,1,0,0,0,0,0,0,0,0,0,0,0,0,0,0,0,0,0,0,0,0,0,0,0,0
C:\Users\ehsra\Documents\GitHub\WMVxTOPNG\ModelsTree\World\ENVIRONMENT\DOODAD\SUNWELL\TEXTURE_WIP,1,0,0,0,0,1,0,0,0,0,0,0,0,0,0,0,0,0,0,0,0,0,0,0,0,0
C:\Users\ehsra\Documents\GitHub\WMVxTOPNG\ModelsTree\World\ENVIRONMENT\DOODAD\SWAMPOFSORROWS,0,3,0,0,0,0,0,0,0,0,0,0,0,0,0,0,0,0,0,0,0,0,0,0,0,0
C:\Users\ehsra\Documents\GitHub\WMVxTOPNG\ModelsTree\World\ENVIRONMENT\DOODAD\SWAMPOFSORROWS\CANOPYTREES,0,1,0,0,0,0,0,0,0,0,0,0,0,0,0,0,0,0,0,0,0,0,0,0,0,0
C:\Users\ehsra\Documents\GitHub\WMVxTOPNG\ModelsTree\World\ENVIRONMENT\DOODAD\SWAMPOFSORROWS\CANOPYTREES\TEXTURE,0,1,0,0,0,0,0,0,0,0,0,0,0,0,0,0,0,0,0,0,0,0,0,0,0,0
C:\Users\ehsra\Documents\GitHub\WMVxTOPNG\ModelsTree\World\ENVIRONMENT\DOODAD\SWAMPOFSORROWS\CANOPYTREES\TEXTURE\JUSTIN,1,0,0,0,0,1,0,0,0,0,0,0,0,0,0,0,0,0,0,0,0,0,0,0,0,0
C:\Users\ehsra\Documents\GitHub\WMVxTOPNG\ModelsTree\World\ENVIRONMENT\DOODAD\SWAMPOFSORROWS\DOCK,0,1,0,0,0,0,0,0,0,0,0,0,0,0,0,0,0,0,0,0,0,0,0,0,0,0
C:\Users\ehsra\Documents\GitHub\WMVxTOPNG\ModelsTree\World\ENVIRONMENT\DOODAD\SWAMPOFSORROWS\DOCK\TEXTURE,0,1,0,0,0,0,0,0,0,0,0,0,0,0,0,0,0,0,0,0,0,0,0,0,0,0
C:\Users\ehsra\Documents\GitHub\WMVxTOPNG\ModelsTree\World\ENVIRONMENT\DOODAD\SWAMPOFSORROWS\DOCK\TEXTURE\BRIAN,2,0,0,0,0,2,0,0,0,0,0,0,0,0,0,0,0,0,0,0,0,0,0,0,0,0
C:\Users\ehsra\Documents\GitHub\WMVxTOPNG\ModelsTree\World\ENVIRONMENT\DOODAD\SWAMPOFSORROWS\PLANTS,0,1,0,0,0,0,0,0,0,0,0,0,0,0,0,0,0,0,0,0,0,0,0,0,0,0
C:\Users\ehsra\Documents\GitHub\WMVxTOPNG\ModelsTree\World\ENVIRONMENT\DOODAD\SWAMPOFSORROWS\PLANTS\REEDS,0,1,0,0,0,0,0,0,0,0,0,0,0,0,0,0,0,0,0,0,0,0,0,0,0,0
C:\Users\ehsra\Documents\GitHub\WMVxTOPNG\ModelsTree\World\ENVIRONMENT\DOODAD\SWAMPOFSORROWS\PLANTS\REEDS\TEXTURE,1,0,0,0,0,1,0,0,0,0,0,0,0,0,0,0,0,0,0,0,0,0,0,0,0,0
C:\Users\ehsra\Documents\GitHub\WMVxTOPNG\ModelsTree\World\ENVIRONMENT\DOODAD\TANARIS,0,3,0,0,0,0,0,0,0,0,0,0,0,0,0,0,0,0,0,0,0,0,0,0,0,0
C:\Users\ehsra\Documents\GitHub\WMVxTOPNG\ModelsTree\World\ENVIRONMENT\DOODAD\TANARIS\GOBLINWALLS,4,0,0,0,0,4,0,0,0,0,0,0,0,0,0,0,0,0,0,0,0,0,0,0,0,0
C:\Users\ehsra\Documents\GitHub\WMVxTOPNG\ModelsTree\World\ENVIRONMENT\DOODAD\TANARIS\TEXTURES,32,0,0,0,0,32,0,0,0,0,0,0,0,0,0,0,0,0,0,0,0,0,0,0,0,0
C:\Users\ehsra\Documents\GitHub\WMVxTOPNG\ModelsTree\World\ENVIRONMENT\DOODAD\TANARIS\TROLLBRIDGE,0,1,0,0,0,0,0,0,0,0,0,0,0,0,0,0,0,0,0,0,0,0,0,0,0,0
C:\Users\ehsra\Documents\GitHub\WMVxTOPNG\ModelsTree\World\ENVIRONMENT\DOODAD\TANARIS\TROLLBRIDGE\TEXTURE,1,0,0,0,0,1,0,0,0,0,0,0,0,0,0,0,0,0,0,0,0,0,0,0,0,0
C:\Users\ehsra\Documents\GitHub\WMVxTOPNG\ModelsTree\World\ENVIRONMENT\DOODAD\TEROKKARFOREST,0,3,0,0,0,0,0,0,0,0,0,0,0,0,0,0,0,0,0,0,0,0,0,0,0,0
C:\Users\ehsra\Documents\GitHub\WMVxTOPNG\ModelsTree\World\ENVIRONMENT\DOODAD\TEROKKARFOREST\AUCHINDOUN RUIN,0,1,0,0,0,0,0,0,0,0,0,0,0,0,0,0,0,0,0,0,0,0,0,0,0,0
C:\Users\ehsra\Documents\GitHub\WMVxTOPNG\ModelsTree\World\ENVIRONMENT\DOODAD\TEROKKARFOREST\AUCHINDOUN RUIN\TEX,7,0,0,0,0,7,0,0,0,0,0,0,0,0,0,0,0,0,0,0,0,0,0,0,0,0
C:\Users\ehsra\Documents\GitHub\WMVxTOPNG\ModelsTree\World\ENVIRONMENT\DOODAD\TEROKKARFOREST\BRIDGE,0,1,0,0,0,0,0,0,0,0,0,0,0,0,0,0,0,0,0,0,0,0,0,0,0,0
C:\Users\ehsra\Documents\GitHub\WMVxTOPNG\ModelsTree\World\ENVIRONMENT\DOODAD\TEROKKARFOREST\BRIDGE\TEX,3,0,0,0,0,3,0,0,0,0,0,0,0,0,0,0,0,0,0,0,0,0,0,0,0,0
C:\Users\ehsra\Documents\GitHub\WMVxTOPNG\ModelsTree\World\ENVIRONMENT\DOODAD\TEROKKARFOREST\TREES,0,1,0,0,0,0,0,0,0,0,0,0,0,0,0,0,0,0,0,0,0,0,0,0,0,0
C:\Users\ehsra\Documents\GitHub\WMVxTOPNG\ModelsTree\World\ENVIRONMENT\DOODAD\TEROKKARFOREST\TREES\FINAL,1,0,0,0,0,1,0,0,0,0,0,0,0,0,0,0,0,0,0,0,0,0,0,0,0,0
C:\Users\ehsra\Documents\GitHub\WMVxTOPNG\ModelsTree\World\ENVIRONMENT\DOODAD\THUNDERBLUFF,0,1,0,0,0,0,0,0,0,0,0,0,0,0,0,0,0,0,0,0,0,0,0,0,0,0
C:\Users\ehsra\Documents\GitHub\WMVxTOPNG\ModelsTree\World\ENVIRONMENT\DOODAD\THUNDERBLUFF\THUNDERBLUFFBRIDGE,2,0,0,0,0,2,0,0,0,0,0,0,0,0,0,0,0,0,0,0,0,0,0,0,0,0
C:\Users\ehsra\Documents\GitHub\WMVxTOPNG\ModelsTree\World\ENVIRONMENT\DOODAD\TIRISFALLGLADE,0,1,0,0,0,0,0,0,0,0,0,0,0,0,0,0,0,0,0,0,0,0,0,0,0,0
C:\Users\ehsra\Documents\GitHub\WMVxTOPNG\ModelsTree\World\ENVIRONMENT\DOODAD\TIRISFALLGLADE\UTHERSHRINE,0,1,0,0,0,0,0,0,0,0,0,0,0,0,0,0,0,0,0,0,0,0,0,0,0,0
C:\Users\ehsra\Documents\GitHub\WMVxTOPNG\ModelsTree\World\ENVIRONMENT\DOODAD\TIRISFALLGLADE\UTHERSHRINE\TEXTURE,0,1,0,0,0,0,0,0,0,0,0,0,0,0,0,0,0,0,0,0,0,0,0,0,0,0
C:\Users\ehsra\Documents\GitHub\WMVxTOPNG\ModelsTree\World\ENVIRONMENT\DOODAD\TIRISFALLGLADE\UTHERSHRINE\TEXTURE\REV.DAN,2,0,0,0,0,2,0,0,0,0,0,0,0,0,0,0,0,0,0,0,0,0,0,0,0,0
C:\Users\ehsra\Documents\GitHub\WMVxTOPNG\ModelsTree\World\ENVIRONMENT\DOODAD\TITANDOODADS,0,1,0,0,0,0,0,0,0,0,0,0,0,0,0,0,0,0,0,0,0,0,0,0,0,0
C:\Users\ehsra\Documents\GitHub\WMVxTOPNG\ModelsTree\World\ENVIRONMENT\DOODAD\TITANDOODADS\TEXTURES,1,0,0,0,0,1,0,0,0,0,0,0,0,0,0,0,0,0,0,0,0,0,0,0,0,0
C:\Users\ehsra\Documents\GitHub\WMVxTOPNG\ModelsTree\World\ENVIRONMENT\DOODAD\TUSKAR,0,3,0,0,0,0,0,0,0,0,0,0,0,0,0,0,0,0,0,0,0,0,0,0,0,0
C:\Users\ehsra\Documents\GitHub\WMVxTOPNG\ModelsTree\World\ENVIRONMENT\DOODAD\TUSKAR\TS_BOAT,0,1,0,0,0,0,0,0,0,0,0,0,0,0,0,0,0,0,0,0,0,0,0,0,0,0
C:\Users\ehsra\Documents\GitHub\WMVxTOPNG\ModelsTree\World\ENVIRONMENT\DOODAD\TUSKAR\TS_BOAT\TEX,1,0,0,0,0,1,0,0,0,0,0,0,0,0,0,0,0,0,0,0,0,0,0,0,0,0
C:\Users\ehsra\Documents\GitHub\WMVxTOPNG\ModelsTree\World\ENVIRONMENT\DOODAD\TUSKAR\TUSKARALTAR,0,1,0,0,0,0,0,0,0,0,0,0,0,0,0,0,0,0,0,0,0,0,0,0,0,0
C:\Users\ehsra\Documents\GitHub\WMVxTOPNG\ModelsTree\World\ENVIRONMENT\DOODAD\TUSKAR\TUSKARALTAR\TEX,3,0,0,0,0,3,0,0,0,0,0,0,0,0,0,0,0,0,0,0,0,0,0,0,0,0
C:\Users\ehsra\Documents\GitHub\WMVxTOPNG\ModelsTree\World\ENVIRONMENT\DOODAD\TUSKAR\TUSKARLIGHT,0,1,0,0,0,0,0,0,0,0,0,0,0,0,0,0,0,0,0,0,0,0,0,0,0,0
C:\Users\ehsra\Documents\GitHub\WMVxTOPNG\ModelsTree\World\ENVIRONMENT\DOODAD\TUSKAR\TUSKARLIGHT\TEX,1,0,0,0,0,1,0,0,0,0,0,0,0,0,0,0,0,0,0,0,0,0,0,0,0,0
C:\Users\ehsra\Documents\GitHub\WMVxTOPNG\ModelsTree\World\ENVIRONMENT\DOODAD\VRYKUL,0,3,0,0,0,0,0,0,0,0,0,0,0,0,0,0,0,0,0,0,0,0,0,0,0,0
C:\Users\ehsra\Documents\GitHub\WMVxTOPNG\ModelsTree\World\ENVIRONMENT\DOODAD\VRYKUL\VRYKULBRIDGE,0,1,0,0,0,0,0,0,0,0,0,0,0,0,0,0,0,0,0,0,0,0,0,0,0,0
C:\Users\ehsra\Documents\GitHub\WMVxTOPNG\ModelsTree\World\ENVIRONMENT\DOODAD\VRYKUL\VRYKULBRIDGE\TEX,2,0,0,0,0,2,0,0,0,0,0,0,0,0,0,0,0,0,0,0,0,0,0,0,0,0
C:\Users\ehsra\Documents\GitHub\WMVxTOPNG\ModelsTree\World\ENVIRONMENT\DOODAD\VRYKUL\VRYKULELEVATOR,0,1,0,0,0,0,0,0,0,0,0,0,0,0,0,0,0,0,0,0,0,0,0,0,0,0
C:\Users\ehsra\Documents\GitHub\WMVxTOPNG\ModelsTree\World\ENVIRONMENT\DOODAD\VRYKUL\VRYKULELEVATOR\TEX,2,0,0,0,0,2,0,0,0,0,0,0,0,0,0,0,0,0,0,0,0,0,0,0,0,0
C:\Users\ehsra\Documents\GitHub\WMVxTOPNG\ModelsTree\World\ENVIRONMENT\DOODAD\VRYKUL\VRYKULFOOTBRIDGE,0,1,0,0,0,0,0,0,0,0,0,0,0,0,0,0,0,0,0,0,0,0,0,0,0,0
C:\Users\ehsra\Documents\GitHub\WMVxTOPNG\ModelsTree\World\ENVIRONMENT\DOODAD\VRYKUL\VRYKULFOOTBRIDGE\TEX,3,0,0,0,0,3,0,0,0,0,0,0,0,0,0,0,0,0,0,0,0,0,0,0,0,0
C:\Users\ehsra\Documents\GitHub\WMVxTOPNG\ModelsTree\World\ENVIRONMENT\DOODAD\WESTWOOD,0,3,0,0,0,0,0,0,0,0,0,0,0,0,0,0,0,0,0,0,0,0,0,0,0,0
C:\Users\ehsra\Documents\GitHub\WMVxTOPNG\ModelsTree\World\ENVIRONMENT\DOODAD\WESTWOOD\DEADMINE,0,1,0,0,0,0,0,0,0,0,0,0,0,0,0,0,0,0,0,0,0,0,0,0,0,0
C:\Users\ehsra\Documents\GitHub\WMVxTOPNG\ModelsTree\World\ENVIRONMENT\DOODAD\WESTWOOD\DEADMINE\TEXTURE,2,0,0,0,0,2,0,0,0,0,0,0,0,0,0,0,0,0,0,0,0,0,0,0,0,0
C:\Users\ehsra\Documents\GitHub\WMVxTOPNG\ModelsTree\World\ENVIRONMENT\DOODAD\WESTWOOD\DEADSEAMONSTER,0,1,0,0,0,0,0,0,0,0,0,0,0,0,0,0,0,0,0,0,0,0,0,0,0,0
C:\Users\ehsra\Documents\GitHub\WMVxTOPNG\ModelsTree\World\ENVIRONMENT\DOODAD\WESTWOOD\DEADSEAMONSTER\TEXTURE,3,0,0,0,0,3,0,0,0,0,0,0,0,0,0,0,0,0,0,0,0,0,0,0,0,0
C:\Users\ehsra\Documents\GitHub\WMVxTOPNG\ModelsTree\World\ENVIRONMENT\DOODAD\WESTWOOD\GRAINSILO,0,1,0,0,0,0,0,0,0,0,0,0,0,0,0,0,0,0,0,0,0,0,0,0,0,0
C:\Users\ehsra\Documents\GitHub\WMVxTOPNG\ModelsTree\World\ENVIRONMENT\DOODAD\WESTWOOD\GRAINSILO\TEXTURES,2,0,0,0,0,2,0,0,0,0,0,0,0,0,0,0,0,0,0,0,0,0,0,0,0,0
C:\Users\ehsra\Documents\GitHub\WMVxTOPNG\ModelsTree\World\ENVIRONMENT\DOODAD\WETLANDS,0,1,0,0,0,0,0,0,0,0,0,0,0,0,0,0,0,0,0,0,0,0,0,0,0,0
C:\Users\ehsra\Documents\GitHub\WMVxTOPNG\ModelsTree\World\ENVIRONMENT\DOODAD\WETLANDS\WETLANDSDOCKS,0,1,0,0,0,0,0,0,0,0,0,0,0,0,0,0,0,0,0,0,0,0,0,0,0,0
C:\Users\ehsra\Documents\GitHub\WMVxTOPNG\ModelsTree\World\ENVIRONMENT\DOODAD\WETLANDS\WETLANDSDOCKS\TEXTURES,0,1,0,0,0,0,0,0,0,0,0,0,0,0,0,0,0,0,0,0,0,0,0,0,0,0
C:\Users\ehsra\Documents\GitHub\WMVxTOPNG\ModelsTree\World\ENVIRONMENT\DOODAD\WETLANDS\WETLANDSDOCKS\TEXTURES\REV.DAN,1,0,0,0,0,1,0,0,0,0,0,0,0,0,0,0,0,0,0,0,0,0,0,0,0,0
C:\Users\ehsra\Documents\GitHub\WMVxTOPNG\ModelsTree\World\ENVIRONMENT\DOODAD\WINTERSPRINGGROVE,0,4,0,0,0,0,0,0,0,0,0,0,0,0,0,0,0,0,0,0,0,0,0,0,0,0
C:\Users\ehsra\Documents\GitHub\WMVxTOPNG\ModelsTree\World\ENVIRONMENT\DOODAD\WINTERSPRINGGROVE\CrackedIce,4,0,0,0,0,2,0,0,0,0,1,0,0,1,0,0,0,0,0,0,0,0,0,0,0,0
C:\Users\ehsra\Documents\GitHub\WMVxTOPNG\ModelsTree\World\ENVIRONMENT\DOODAD\WINTERSPRINGGROVE\FROZEN BRIDGE,0,1,0,0,0,0,0,0,0,0,0,0,0,0,0,0,0,0,0,0,0,0,0,0,0,0
C:\Users\ehsra\Documents\GitHub\WMVxTOPNG\ModelsTree\World\ENVIRONMENT\DOODAD\WINTERSPRINGGROVE\FROZEN BRIDGE\TEX,1,0,0,0,0,1,0,0,0,0,0,0,0,0,0,0,0,0,0,0,0,0,0,0,0,0
C:\Users\ehsra\Documents\GitHub\WMVxTOPNG\ModelsTree\World\ENVIRONMENT\DOODAD\WINTERSPRINGGROVE\FROZENWATERFALL,0,1,0,0,0,0,0,0,0,0,0,0,0,0,0,0,0,0,0,0,0,0,0,0,0,0
C:\Users\ehsra\Documents\GitHub\WMVxTOPNG\ModelsTree\World\ENVIRONMENT\DOODAD\WINTERSPRINGGROVE\FROZENWATERFALL\TEXTURE,2,0,0,0,0,2,0,0,0,0,0,0,0,0,0,0,0,0,0,0,0,0,0,0,0,0
C:\Users\ehsra\Documents\GitHub\WMVxTOPNG\ModelsTree\World\ENVIRONMENT\DOODAD\WINTERSPRINGGROVE\TREES,0,1,0,0,0,0,0,0,0,0,0,0,0,0,0,0,0,0,0,0,0,0,0,0,0,0
C:\Users\ehsra\Documents\GitHub\WMVxTOPNG\ModelsTree\World\ENVIRONMENT\DOODAD\WINTERSPRINGGROVE\TREES\NEWWINTERSPRING TREES,0,1,0,0,0,0,0,0,0,0,0,0,0,0,0,0,0,0,0,0,0,0,0,0,0,0
C:\Users\ehsra\Documents\GitHub\WMVxTOPNG\ModelsTree\World\ENVIRONMENT\DOODAD\WINTERSPRINGGROVE\TREES\NEWWINTERSPRING TREES\TEX,1,0,0,0,0,1,0,0,0,0,0,0,0,0,0,0,0,0,0,0,0,0,0,0,0,0
C:\Users\ehsra\Documents\GitHub\WMVxTOPNG\ModelsTree\World\ENVIRONMENT\DOODAD\ZANGARMARSH,0,2,0,0,0,0,0,0,0,0,0,0,0,0,0,0,0,0,0,0,0,0,0,0,0,0
C:\Users\ehsra\Documents\GitHub\WMVxTOPNG\ModelsTree\World\ENVIRONMENT\DOODAD\ZANGARMARSH\DARKPORTAL,3,0,0,0,0,3,0,0,0,0,0,0,0,0,0,0,0,0,0,0,0,0,0,0,0,0
C:\Users\ehsra\Documents\GitHub\WMVxTOPNG\ModelsTree\World\ENVIRONMENT\DOODAD\ZANGARMARSH\TREES,0,1,0,0,0,0,0,0,0,0,0,0,0,0,0,0,0,0,0,0,0,0,0,0,0,0
C:\Users\ehsra\Documents\GitHub\WMVxTOPNG\ModelsTree\World\ENVIRONMENT\DOODAD\ZANGARMARSH\TREES\TEX,1,0,0,0,0,1,0,0,0,0,0,0,0,0,0,0,0,0,0,0,0,0,0,0,0,0
C:\Users\ehsra\Documents\GitHub\WMVxTOPNG\ModelsTree\World\ENVIRONMENT\DOODAD\ZULDRAK,0,1,0,0,0,0,0,0,0,0,0,0,0,0,0,0,0,0,0,0,0,0,0,0,0,0
C:\Users\ehsra\Documents\GitHub\WMVxTOPNG\ModelsTree\World\ENVIRONMENT\DOODAD\ZULDRAK\TROLLWALLS,0,1,0,0,0,0,0,0,0,0,0,0,0,0,0,0,0,0,0,0,0,0,0,0,0,0
C:\Users\ehsra\Documents\GitHub\WMVxTOPNG\ModelsTree\World\ENVIRONMENT\DOODAD\ZULDRAK\TROLLWALLS\TEX,9,0,0,0,0,9,0,0,0,0,0,0,0,0,0,0,0,0,0,0,0,0,0,0,0,0
C:\Users\ehsra\Documents\GitHub\WMVxTOPNG\ModelsTree\World\ENVIRONMENT\DOODAD\ZULGURUB,0,1,0,0,0,0,0,0,0,0,0,0,0,0,0,0,0,0,0,0,0,0,0,0,0,0
C:\Users\ehsra\Documents\GitHub\WMVxTOPNG\ModelsTree\World\ENVIRONMENT\DOODAD\ZULGURUB\RUINS,0,1,0,0,0,0,0,0,0,0,0,0,0,0,0,0,0,0,0,0,0,0,0,0,0,0
C:\Users\ehsra\Documents\GitHub\WMVxTOPNG\ModelsTree\World\ENVIRONMENT\DOODAD\ZULGURUB\RUINS\CARLO,0,1,0,0,0,0,0,0,0,0,0,0,0,0,0,0,0,0,0,0,0,0,0,0,0,0
C:\Users\ehsra\Documents\GitHub\WMVxTOPNG\ModelsTree\World\ENVIRONMENT\DOODAD\ZULGURUB\RUINS\CARLO\TEX,2,0,0,0,0,2,0,0,0,0,0,0,0,0,0,0,0,0,0,0,0,0,0,0,0,0
C:\Users\ehsra\Documents\GitHub\WMVxTOPNG\ModelsTree\World\ENVIRONMENT\MINES,0,1,0,0,0,0,0,0,0,0,0,0,0,0,0,0,0,0,0,0,0,0,0,0,0,0
C:\Users\ehsra\Documents\GitHub\WMVxTOPNG\ModelsTree\World\ENVIRONMENT\MINES\DOODAD,0,1,0,0,0,0,0,0,0,0,0,0,0,0,0,0,0,0,0,0,0,0,0,0,0,0
C:\Users\ehsra\Documents\GitHub\WMVxTOPNG\ModelsTree\World\ENVIRONMENT\MINES\DOODAD\WETLANDS,0,1,0,0,0,0,0,0,0,0,0,0,0,0,0,0,0,0,0,0,0,0,0,0,0,0
C:\Users\ehsra\Documents\GitHub\WMVxTOPNG\ModelsTree\World\ENVIRONMENT\MINES\DOODAD\WETLANDS\WETLANDWAGONS,0,1,0,0,0,0,0,0,0,0,0,0,0,0,0,0,0,0,0,0,0,0,0,0,0,0
C:\Users\ehsra\Documents\GitHub\WMVxTOPNG\ModelsTree\World\ENVIRONMENT\MINES\DOODAD\WETLANDS\WETLANDWAGONS\TEXTURE,1,0,0,0,0,1,0,0,0,0,0,0,0,0,0,0,0,0,0,0,0,0,0,0,0,0
C:\Users\ehsra\Documents\GitHub\WMVxTOPNG\ModelsTree\World\EXPANSION01,0,1,0,0,0,0,0,0,0,0,0,0,0,0,0,0,0,0,0,0,0,0,0,0,0,0
C:\Users\ehsra\Documents\GitHub\WMVxTOPNG\ModelsTree\World\EXPANSION01\DOODADS,0,26,0,0,0,0,0,0,0,0,0,0,0,0,0,0,0,0,0,0,0,0,0,0,0,0
C:\Users\ehsra\Documents\GitHub\WMVxTOPNG\ModelsTree\World\EXPANSION01\DOODADS\Arakkoa,0,1,0,0,0,0,0,0,0,0,0,0,0,0,0,0,0,0,0,0,0,0,0,0,0,0
C:\Users\ehsra\Documents\GitHub\WMVxTOPNG\ModelsTree\World\EXPANSION01\DOODADS\Arakkoa\Passivedoodads,0,1,0,0,0,0,0,0,0,0,0,0,0,0,0,0,0,0,0,0,0,0,0,0,0,0
C:\Users\ehsra\Documents\GitHub\WMVxTOPNG\ModelsTree\World\EXPANSION01\DOODADS\Arakkoa\Passivedoodads\Arakkoa_Hut_Glow,12,0,0,0,0,6,0,0,0,0,3,0,0,3,0,0,0,0,0,0,0,0,0,0,0,0
C:\Users\ehsra\Documents\GitHub\WMVxTOPNG\ModelsTree\World\EXPANSION01\DOODADS\AUCHINDOUN,0,1,0,0,0,0,0,0,0,0,0,0,0,0,0,0,0,0,0,0,0,0,0,0,0,0
C:\Users\ehsra\Documents\GitHub\WMVxTOPNG\ModelsTree\World\EXPANSION01\DOODADS\AUCHINDOUN\PASSIVEDOODADS,0,6,0,0,0,0,0,0,0,0,0,0,0,0,0,0,0,0,0,0,0,0,0,0,0,0
C:\Users\ehsra\Documents\GitHub\WMVxTOPNG\ModelsTree\World\EXPANSION01\DOODADS\AUCHINDOUN\PASSIVEDOODADS\BRIDGE_FX,22,0,0,0,0,10,0,0,0,0,6,0,0,6,0,0,0,0,0,0,0,0,0,0,0,0
C:\Users\ehsra\Documents\GitHub\WMVxTOPNG\ModelsTree\World\EXPANSION01\DOODADS\AUCHINDOUN\PASSIVEDOODADS\Coffin,3,0,0,0,0,1,0,0,0,0,1,0,0,1,0,0,0,0,0,0,0,0,0,0,0,0
C:\Users\ehsra\Documents\GitHub\WMVxTOPNG\ModelsTree\World\EXPANSION01\DOODADS\AUCHINDOUN\PASSIVEDOODADS\Doors,3,0,0,0,0,1,0,0,0,0,1,0,0,1,0,0,0,0,0,0,0,0,0,0,0,0
C:\Users\ehsra\Documents\GitHub\WMVxTOPNG\ModelsTree\World\EXPANSION01\DOODADS\AUCHINDOUN\PASSIVEDOODADS\Ethereal_Ribbons,19,0,0,0,0,4,0,0,0,0,5,0,0,10,0,0,0,0,0,0,0,0,0,0,0,0
C:\Users\ehsra\Documents\GitHub\WMVxTOPNG\ModelsTree\World\EXPANSION01\DOODADS\AUCHINDOUN\PASSIVEDOODADS\Ethereal_Ribbons_Individual,30,0,0,0,0,0,0,0,0,0,15,0,0,15,0,0,0,0,0,0,0,0,0,0,0,0
C:\Users\ehsra\Documents\GitHub\WMVxTOPNG\ModelsTree\World\EXPANSION01\DOODADS\AUCHINDOUN\PASSIVEDOODADS\SPIRIT_FX,6,0,0,0,0,2,0,0,0,0,2,0,0,2,0,0,0,0,0,0,0,0,0,0,0,0
C:\Users\ehsra\Documents\GitHub\WMVxTOPNG\ModelsTree\World\EXPANSION01\DOODADS\BLACKTEMPLE,0,2,0,0,0,0,0,0,0,0,0,0,0,0,0,0,0,0,0,0,0,0,0,0,0,0
C:\Users\ehsra\Documents\GitHub\WMVxTOPNG\ModelsTree\World\EXPANSION01\DOODADS\BLACKTEMPLE\Activedoodads,0,1,0,0,0,0,0,0,0,0,0,0,0,0,0,0,0,0,0,0,0,0,0,0,0,0
C:\Users\ehsra\Documents\GitHub\WMVxTOPNG\ModelsTree\World\EXPANSION01\DOODADS\BLACKTEMPLE\Activedoodads\Doors,21,0,0,0,0,5,0,0,0,0,8,0,0,8,0,0,0,0,0,0,0,0,0,0,0,0
C:\Users\ehsra\Documents\GitHub\WMVxTOPNG\ModelsTree\World\EXPANSION01\DOODADS\BLACKTEMPLE\PASSIVEDOODADS,0,6,0,0,0,0,0,0,0,0,0,0,0,0,0,0,0,0,0,0,0,0,0,0,0,0
C:\Users\ehsra\Documents\GitHub\WMVxTOPNG\ModelsTree\World\EXPANSION01\DOODADS\BLACKTEMPLE\PASSIVEDOODADS\BLUEENERGY,7,0,0,0,0,5,0,0,0,0,1,0,0,1,0,0,0,0,0,0,0,0,0,0,0,0
C:\Users\ehsra\Documents\GitHub\WMVxTOPNG\ModelsTree\World\EXPANSION01\DOODADS\BLACKTEMPLE\PASSIVEDOODADS\BRAZIER,15,0,0,0,0,1,0,0,0,0,7,0,0,7,0,0,0,0,0,0,0,0,0,0,0,0
C:\Users\ehsra\Documents\GitHub\WMVxTOPNG\ModelsTree\World\EXPANSION01\DOODADS\BLACKTEMPLE\PASSIVEDOODADS\Drapes,2,0,0,0,0,0,0,0,0,0,1,0,0,1,0,0,0,0,0,0,0,0,0,0,0,0
C:\Users\ehsra\Documents\GitHub\WMVxTOPNG\ModelsTree\World\EXPANSION01\DOODADS\BLACKTEMPLE\PASSIVEDOODADS\SEWERWATER,24,0,0,0,0,12,0,0,0,0,6,0,0,6,0,0,0,0,0,0,0,0,0,0,0,0
C:\Users\ehsra\Documents\GitHub\WMVxTOPNG\ModelsTree\World\EXPANSION01\DOODADS\BLACKTEMPLE\PASSIVEDOODADS\Statue,4,0,0,0,0,0,0,0,0,0,2,0,0,2,0,0,0,0,0,0,0,0,0,0,0,0
C:\Users\ehsra\Documents\GitHub\WMVxTOPNG\ModelsTree\World\EXPANSION01\DOODADS\BLACKTEMPLE\PASSIVEDOODADS\Vines,5,0,0,0,0,1,0,0,0,0,2,0,0,2,0,0,0,0,0,0,0,0,0,0,0,0
C:\Users\ehsra\Documents\GitHub\WMVxTOPNG\ModelsTree\World\EXPANSION01\DOODADS\BLADESEDGE,0,7,0,0,0,0,0,0,0,0,0,0,0,0,0,0,0,0,0,0,0,0,0,0,0,0
C:\Users\ehsra\Documents\GitHub\WMVxTOPNG\ModelsTree\World\EXPANSION01\DOODADS\BLADESEDGE\Bush,6,0,0,0,0,2,0,0,0,0,2,0,0,2,0,0,0,0,0,0,0,0,0,0,0,0
C:\Users\ehsra\Documents\GitHub\WMVxTOPNG\ModelsTree\World\EXPANSION01\DOODADS\BLADESEDGE\DarkPortal,2,0,0,0,0,0,0,0,0,0,1,0,0,1,0,0,0,0,0,0,0,0,0,0,0,0
C:\Users\ehsra\Documents\GitHub\WMVxTOPNG\ModelsTree\World\EXPANSION01\DOODADS\BLADESEDGE\Dragon,15,0,0,0,0,0,0,0,0,0,5,0,0,10,0,0,0,0,0,0,0,0,0,0,0,0
C:\Users\ehsra\Documents\GitHub\WMVxTOPNG\ModelsTree\World\EXPANSION01\DOODADS\BLADESEDGE\Ogrila,0,2,0,0,0,0,0,0,0,0,0,0,0,0,0,0,0,0,0,0,0,0,0,0,0,0
C:\Users\ehsra\Documents\GitHub\WMVxTOPNG\ModelsTree\World\EXPANSION01\DOODADS\BLADESEDGE\Ogrila\OgrilaCrystals,6,0,0,0,0,0,0,0,0,0,3,0,0,3,0,0,0,0,0,0,0,0,0,0,0,0
C:\Users\ehsra\Documents\GitHub\WMVxTOPNG\ModelsTree\World\EXPANSION01\DOODADS\BLADESEDGE\Ogrila\OgrilaHut,7,0,0,0,0,3,0,0,0,0,2,0,0,2,0,0,0,0,0,0,0,0,0,0,0,0
C:\Users\ehsra\Documents\GitHub\WMVxTOPNG\ModelsTree\World\EXPANSION01\DOODADS\BLADESEDGE\ROCKS,42,0,0,0,0,4,0,0,0,0,19,0,0,19,0,0,0,0,0,0,0,0,0,0,0,0
C:\Users\ehsra\Documents\GitHub\WMVxTOPNG\ModelsTree\World\EXPANSION01\DOODADS\BLADESEDGE\SIMON,45,0,0,0,0,17,0,0,0,0,14,0,0,14,0,0,0,0,0,0,0,0,0,0,0,0
C:\Users\ehsra\Documents\GitHub\WMVxTOPNG\ModelsTree\World\EXPANSION01\DOODADS\BLADESEDGE\Trees,46,0,0,0,0,6,0,0,0,0,20,0,0,20,0,0,0,0,0,0,0,0,0,0,0,0
C:\Users\ehsra\Documents\GitHub\WMVxTOPNG\ModelsTree\World\EXPANSION01\DOODADS\BLOODMYST,0,6,0,0,0,0,0,0,0,0,0,0,0,0,0,0,0,0,0,0,0,0,0,0,0,0
C:\Users\ehsra\Documents\GitHub\WMVxTOPNG\ModelsTree\World\EXPANSION01\DOODADS\BLOODMYST\BE_PORTAL,3,0,0,0,0,1,0,0,0,0,1,0,0,1,0,0,0,0,0,0,0,0,0,0,0,0
C:\Users\ehsra\Documents\GitHub\WMVxTOPNG\ModelsTree\World\EXPANSION01\DOODADS\BLOODMYST\CRYSTALS,26,0,0,0,0,3,0,0,0,0,11,0,0,12,0,0,0,0,0,0,0,0,0,0,0,0
C:\Users\ehsra\Documents\GitHub\WMVxTOPNG\ModelsTree\World\EXPANSION01\DOODADS\BLOODMYST\POWERCORE,26,0,0,0,0,21,0,0,0,0,2,0,0,3,0,0,0,0,0,0,0,0,0,0,0,0
C:\Users\ehsra\Documents\GitHub\WMVxTOPNG\ModelsTree\World\EXPANSION01\DOODADS\BLOODMYST\Rocks,6,0,0,0,0,2,0,0,0,0,2,0,0,2,0,0,0,0,0,0,0,0,0,0,0,0
C:\Users\ehsra\Documents\GitHub\WMVxTOPNG\ModelsTree\World\EXPANSION01\DOODADS\BLOODMYST\Trees,40,0,0,0,0,10,0,0,0,0,15,0,0,15,0,0,0,0,0,0,0,0,0,0,0,0
C:\Users\ehsra\Documents\GitHub\WMVxTOPNG\ModelsTree\World\EXPANSION01\DOODADS\BLOODMYST\Webs,21,0,0,0,0,7,0,0,0,0,6,0,0,8,0,0,0,0,0,0,0,0,0,0,0,0
C:\Users\ehsra\Documents\GitHub\WMVxTOPNG\ModelsTree\World\EXPANSION01\DOODADS\BoneWastes,0,2,0,0,0,0,0,0,0,0,0,0,0,0,0,0,0,0,0,0,0,0,0,0,0,0
C:\Users\ehsra\Documents\GitHub\WMVxTOPNG\ModelsTree\World\EXPANSION01\DOODADS\BoneWastes\BoneShrine,3,0,0,0,0,1,0,0,0,0,1,0,0,1,0,0,0,0,0,0,0,0,0,0,0,0
C:\Users\ehsra\Documents\GitHub\WMVxTOPNG\ModelsTree\World\EXPANSION01\DOODADS\BoneWastes\Trees,15,0,0,0,0,3,0,0,0,0,6,0,0,6,0,0,0,0,0,0,0,0,0,0,0,0
C:\Users\ehsra\Documents\GitHub\WMVxTOPNG\ModelsTree\World\EXPANSION01\DOODADS\COILFANG,0,2,0,0,0,0,0,0,0,0,0,0,0,0,0,0,0,0,0,0,0,0,0,0,0,0
C:\Users\ehsra\Documents\GitHub\WMVxTOPNG\ModelsTree\World\EXPANSION01\DOODADS\COILFANG\ACTIVEDOODADS,0,7,0,0,0,0,0,0,0,0,0,0,0,0,0,0,0,0,0,0,0,0,0,0,0,0
C:\Users\ehsra\Documents\GitHub\WMVxTOPNG\ModelsTree\World\EXPANSION01\DOODADS\COILFANG\ACTIVEDOODADS\elevator,4,0,0,0,0,0,0,0,0,0,2,0,0,2,0,0,0,0,0,0,0,0,0,0,0,0
C:\Users\ehsra\Documents\GitHub\WMVxTOPNG\ModelsTree\World\EXPANSION01\DOODADS\COILFANG\ACTIVEDOODADS\ENERGYTOWER,14,0,0,0,0,11,0,0,0,0,1,0,0,2,0,0,0,0,0,0,0,0,0,0,0,0
C:\Users\ehsra\Documents\GitHub\WMVxTOPNG\ModelsTree\World\EXPANSION01\DOODADS\COILFANG\ACTIVEDOODADS\PUMPINGDOOR,5,0,0,0,0,3,0,0,0,0,1,0,0,1,0,0,0,0,0,0,0,0,0,0,0,0
C:\Users\ehsra\Documents\GitHub\WMVxTOPNG\ModelsTree\World\EXPANSION01\DOODADS\COILFANG\ACTIVEDOODADS\RAID_BRIDGE,31,0,0,0,0,16,0,0,0,0,3,0,0,12,0,0,0,0,0,0,0,0,0,0,0,0
C:\Users\ehsra\Documents\GitHub\WMVxTOPNG\ModelsTree\World\EXPANSION01\DOODADS\COILFANG\ACTIVEDOODADS\RAID_BRIDGE_CONTROL,13,0,0,0,0,7,0,0,0,0,3,0,0,3,0,0,0,0,0,0,0,0,0,0,0,0
C:\Users\ehsra\Documents\GitHub\WMVxTOPNG\ModelsTree\World\EXPANSION01\DOODADS\COILFANG\ACTIVEDOODADS\RAID_DOOR,11,0,0,0,0,8,0,0,0,0,1,0,0,2,0,0,0,0,0,0,0,0,0,0,0,0
C:\Users\ehsra\Documents\GitHub\WMVxTOPNG\ModelsTree\World\EXPANSION01\DOODADS\COILFANG\ACTIVEDOODADS\Steam,2,0,0,0,0,0,0,0,0,0,1,0,0,1,0,0,0,0,0,0,0,0,0,0,0,0
C:\Users\ehsra\Documents\GitHub\WMVxTOPNG\ModelsTree\World\EXPANSION01\DOODADS\COILFANG\PASSIVEDOODADS,0,11,0,0,0,0,0,0,0,0,0,0,0,0,0,0,0,0,0,0,0,0,0,0,0,0
C:\Users\ehsra\Documents\GitHub\WMVxTOPNG\ModelsTree\World\EXPANSION01\DOODADS\COILFANG\PASSIVEDOODADS\BLUEENERGY,3,0,0,0,0,1,0,0,0,0,1,0,0,1,0,0,0,0,0,0,0,0,0,0,0,0
C:\Users\ehsra\Documents\GitHub\WMVxTOPNG\ModelsTree\World\EXPANSION01\DOODADS\COILFANG\PASSIVEDOODADS\cages,4,0,0,0,0,0,0,0,0,0,2,0,0,2,0,0,0,0,0,0,0,0,0,0,0,0
C:\Users\ehsra\Documents\GitHub\WMVxTOPNG\ModelsTree\World\EXPANSION01\DOODADS\COILFANG\PASSIVEDOODADS\LIGHTS,21,0,0,0,0,11,0,0,0,0,5,0,0,5,0,0,0,0,0,0,0,0,0,0,0,0
C:\Users\ehsra\Documents\GitHub\WMVxTOPNG\ModelsTree\World\EXPANSION01\DOODADS\COILFANG\PASSIVEDOODADS\mushrooms,4,0,0,0,0,0,0,0,0,0,2,0,0,2,0,0,0,0,0,0,0,0,0,0,0,0
C:\Users\ehsra\Documents\GitHub\WMVxTOPNG\ModelsTree\World\EXPANSION01\DOODADS\COILFANG\PASSIVEDOODADS\pipePieces,6,0,0,0,0,0,0,0,0,0,3,0,0,3,0,0,0,0,0,0,0,0,0,0,0,0
C:\Users\ehsra\Documents\GitHub\WMVxTOPNG\ModelsTree\World\EXPANSION01\DOODADS\COILFANG\PASSIVEDOODADS\PUMP,8,0,0,0,0,4,0,0,0,0,2,0,0,2,0,0,0,0,0,0,0,0,0,0,0,0
C:\Users\ehsra\Documents\GitHub\WMVxTOPNG\ModelsTree\World\EXPANSION01\DOODADS\COILFANG\PASSIVEDOODADS\RAID,5,0,0,0,0,3,0,0,0,0,1,0,0,1,0,0,0,0,0,0,0,0,0,0,0,0
C:\Users\ehsra\Documents\GitHub\WMVxTOPNG\ModelsTree\World\EXPANSION01\DOODADS\COILFANG\PASSIVEDOODADS\railing,2,0,0,0,0,0,0,0,0,0,1,0,0,1,0,0,0,0,0,0,0,0,0,0,0,0
C:\Users\ehsra\Documents\GitHub\WMVxTOPNG\ModelsTree\World\EXPANSION01\DOODADS\COILFANG\PASSIVEDOODADS\Steam,7,0,0,0,0,3,0,0,0,0,2,0,0,2,0,0,0,0,0,0,0,0,0,0,0,0
C:\Users\ehsra\Documents\GitHub\WMVxTOPNG\ModelsTree\World\EXPANSION01\DOODADS\COILFANG\PASSIVEDOODADS\Waterfalls,8,0,0,0,0,0,0,0,0,0,4,0,0,4,0,0,0,0,0,0,0,0,0,0,0,0
C:\Users\ehsra\Documents\GitHub\WMVxTOPNG\ModelsTree\World\EXPANSION01\DOODADS\COILFANG\PASSIVEDOODADS\windows,2,0,0,0,0,0,0,0,0,0,1,0,0,1,0,0,0,0,0,0,0,0,0,0,0,0
C:\Users\ehsra\Documents\GitHub\WMVxTOPNG\ModelsTree\World\EXPANSION01\DOODADS\EVERSONG,0,3,0,0,0,0,0,0,0,0,0,0,0,0,0,0,0,0,0,0,0,0,0,0,0,0
C:\Users\ehsra\Documents\GitHub\WMVxTOPNG\ModelsTree\World\EXPANSION01\DOODADS\EVERSONG\FENCE,7,0,0,0,0,1,0,0,0,0,3,0,0,3,0,0,0,0,0,0,0,0,0,0,0,0
C:\Users\ehsra\Documents\GitHub\WMVxTOPNG\ModelsTree\World\EXPANSION01\DOODADS\EVERSONG\Lamppost,4,0,0,0,0,0,0,0,0,0,2,0,0,2,0,0,0,0,0,0,0,0,0,0,0,0
C:\Users\ehsra\Documents\GitHub\WMVxTOPNG\ModelsTree\World\EXPANSION01\DOODADS\EVERSONG\Signpost,4,0,0,0,0,0,0,0,0,0,2,0,0,2,0,0,0,0,0,0,0,0,0,0,0,0
C:\Users\ehsra\Documents\GitHub\WMVxTOPNG\ModelsTree\World\EXPANSION01\DOODADS\GENERIC,0,17,0,0,0,0,0,0,0,0,0,0,0,0,0,0,0,0,0,0,0,0,0,0,0,0
C:\Users\ehsra\Documents\GitHub\WMVxTOPNG\ModelsTree\World\EXPANSION01\DOODADS\GENERIC\AncientOrc,0,12,0,0,0,0,0,0,0,0,0,0,0,0,0,0,0,0,0,0,0,0,0,0,0,0
C:\Users\ehsra\Documents\GitHub\WMVxTOPNG\ModelsTree\World\EXPANSION01\DOODADS\GENERIC\AncientOrc\Banners,14,0,0,0,0,2,0,0,0,0,6,0,0,6,0,0,0,0,0,0,0,0,0,0,0,0
C:\Users\ehsra\Documents\GitHub\WMVxTOPNG\ModelsTree\World\EXPANSION01\DOODADS\GENERIC\AncientOrc\barrel,3,0,0,0,0,1,0,0,0,0,1,0,0,1,0,0,0,0,0,0,0,0,0,0,0,0
C:\Users\ehsra\Documents\GitHub\WMVxTOPNG\ModelsTree\World\EXPANSION01\DOODADS\GENERIC\AncientOrc\Boardwalk,13,0,0,0,0,1,0,0,0,0,6,0,0,6,0,0,0,0,0,0,0,0,0,0,0,0
C:\Users\ehsra\Documents\GitHub\WMVxTOPNG\ModelsTree\World\EXPANSION01\DOODADS\GENERIC\AncientOrc\BridgePieces,10,0,0,0,0,2,0,0,0,0,4,0,0,4,0,0,0,0,0,0,0,0,0,0,0,0
C:\Users\ehsra\Documents\GitHub\WMVxTOPNG\ModelsTree\World\EXPANSION01\DOODADS\GENERIC\AncientOrc\crates,7,0,0,0,0,1,0,0,0,0,3,0,0,3,0,0,0,0,0,0,0,0,0,0,0,0
C:\Users\ehsra\Documents\GitHub\WMVxTOPNG\ModelsTree\World\EXPANSION01\DOODADS\GENERIC\AncientOrc\Lampost,5,0,0,0,0,1,0,0,0,0,2,0,0,2,0,0,0,0,0,0,0,0,0,0,0,0
C:\Users\ehsra\Documents\GitHub\WMVxTOPNG\ModelsTree\World\EXPANSION01\DOODADS\GENERIC\AncientOrc\OutpostWalls,15,0,0,0,0,1,0,0,0,0,7,0,0,7,0,0,0,0,0,0,0,0,0,0,0,0
C:\Users\ehsra\Documents\GitHub\WMVxTOPNG\ModelsTree\World\EXPANSION01\DOODADS\GENERIC\AncientOrc\Pyres,5,0,0,0,0,1,0,0,0,0,2,0,0,2,0,0,0,0,0,0,0,0,0,0,0,0
C:\Users\ehsra\Documents\GitHub\WMVxTOPNG\ModelsTree\World\EXPANSION01\DOODADS\GENERIC\AncientOrc\Signposts,4,0,0,0,0,0,0,0,0,0,2,0,0,2,0,0,0,0,0,0,0,0,0,0,0,0
C:\Users\ehsra\Documents\GitHub\WMVxTOPNG\ModelsTree\World\EXPANSION01\DOODADS\GENERIC\AncientOrc\Sticks,2,0,0,0,0,0,0,0,0,0,1,0,0,1,0,0,0,0,0,0,0,0,0,0,0,0
C:\Users\ehsra\Documents\GitHub\WMVxTOPNG\ModelsTree\World\EXPANSION01\DOODADS\GENERIC\AncientOrc\Totem,2,0,0,0,0,0,0,0,0,0,1,0,0,1,0,0,0,0,0,0,0,0,0,0,0,0
C:\Users\ehsra\Documents\GitHub\WMVxTOPNG\ModelsTree\World\EXPANSION01\DOODADS\GENERIC\AncientOrc\Windmill,3,0,0,0,0,0,0,0,0,0,1,0,0,2,0,0,0,0,0,0,0,0,0,0,0,0
C:\Users\ehsra\Documents\GitHub\WMVxTOPNG\ModelsTree\World\EXPANSION01\DOODADS\GENERIC\ARAKKOA,6,8,0,0,0,0,0,0,0,0,3,0,0,3,0,0,0,0,0,0,0,0,0,0,0,0
C:\Users\ehsra\Documents\GitHub\WMVxTOPNG\ModelsTree\World\EXPANSION01\DOODADS\GENERIC\ARAKKOA\Banners,3,0,0,0,0,1,0,0,0,0,1,0,0,1,0,0,0,0,0,0,0,0,0,0,0,0
C:\Users\ehsra\Documents\GitHub\WMVxTOPNG\ModelsTree\World\EXPANSION01\DOODADS\GENERIC\ARAKKOA\CrystalBall,4,0,0,0,0,0,0,0,0,0,2,0,0,2,0,0,0,0,0,0,0,0,0,0,0,0
C:\Users\ehsra\Documents\GitHub\WMVxTOPNG\ModelsTree\World\EXPANSION01\DOODADS\GENERIC\ARAKKOA\NEST,11,0,0,0,0,3,0,0,0,0,4,0,0,4,0,0,0,0,0,0,0,0,0,0,0,0
C:\Users\ehsra\Documents\GitHub\WMVxTOPNG\ModelsTree\World\EXPANSION01\DOODADS\GENERIC\ARAKKOA\SCARECROW,3,0,0,0,0,1,0,0,0,0,1,0,0,1,0,0,0,0,0,0,0,0,0,0,0,0
C:\Users\ehsra\Documents\GitHub\WMVxTOPNG\ModelsTree\World\EXPANSION01\DOODADS\GENERIC\ARAKKOA\Shelters,20,0,0,0,0,14,0,0,0,0,3,0,0,3,0,0,0,0,0,0,0,0,0,0,0,0
C:\Users\ehsra\Documents\GitHub\WMVxTOPNG\ModelsTree\World\EXPANSION01\DOODADS\GENERIC\ARAKKOA\Torch,2,0,0,0,0,0,0,0,0,0,1,0,0,1,0,0,0,0,0,0,0,0,0,0,0,0
C:\Users\ehsra\Documents\GitHub\WMVxTOPNG\ModelsTree\World\EXPANSION01\DOODADS\GENERIC\ARAKKOA\TOTEM,6,0,0,0,0,2,0,0,0,0,2,0,0,2,0,0,0,0,0,0,0,0,0,0,0,0
C:\Users\ehsra\Documents\GitHub\WMVxTOPNG\ModelsTree\World\EXPANSION01\DOODADS\GENERIC\ARAKKOA\TRADESKILL,12,0,0,0,0,8,0,0,0,0,2,0,0,2,0,0,0,0,0,0,0,0,0,0,0,0
C:\Users\ehsra\Documents\GitHub\WMVxTOPNG\ModelsTree\World\EXPANSION01\DOODADS\GENERIC\BLOODELF,0,62,0,0,0,0,0,0,0,0,0,0,0,0,0,0,0,0,0,0,0,0,0,0,0,0
C:\Users\ehsra\Documents\GitHub\WMVxTOPNG\ModelsTree\World\EXPANSION01\DOODADS\GENERIC\BLOODELF\BALLISTA,22,0,0,0,0,4,0,0,0,0,9,0,0,9,0,0,0,0,0,0,0,0,0,0,0,0
C:\Users\ehsra\Documents\GitHub\WMVxTOPNG\ModelsTree\World\EXPANSION01\DOODADS\GENERIC\BLOODELF\Banners,55,0,0,0,0,13,0,0,0,0,20,0,0,22,0,0,0,0,0,0,0,0,0,0,0,0
C:\Users\ehsra\Documents\GitHub\WMVxTOPNG\ModelsTree\World\EXPANSION01\DOODADS\GENERIC\BLOODELF\Bannister,2,0,0,0,0,0,0,0,0,0,1,0,0,1,0,0,0,0,0,0,0,0,0,0,0,0
C:\Users\ehsra\Documents\GitHub\WMVxTOPNG\ModelsTree\World\EXPANSION01\DOODADS\GENERIC\BLOODELF\Barrel,12,0,0,0,0,2,0,0,0,0,5,0,0,5,0,0,0,0,0,0,0,0,0,0,0,0
C:\Users\ehsra\Documents\GitHub\WMVxTOPNG\ModelsTree\World\EXPANSION01\DOODADS\GENERIC\BLOODELF\BarrierSpikes,7,0,0,0,0,1,0,0,0,0,3,0,0,3,0,0,0,0,0,0,0,0,0,0,0,0
C:\Users\ehsra\Documents\GitHub\WMVxTOPNG\ModelsTree\World\EXPANSION01\DOODADS\GENERIC\BLOODELF\BEDS,9,0,0,0,0,3,0,0,0,0,3,0,0,3,0,0,0,0,0,0,0,0,0,0,0,0
C:\Users\ehsra\Documents\GitHub\WMVxTOPNG\ModelsTree\World\EXPANSION01\DOODADS\GENERIC\BLOODELF\BENCHES,9,0,0,0,0,3,0,0,0,0,3,0,0,3,0,0,0,0,0,0,0,0,0,0,0,0
C:\Users\ehsra\Documents\GitHub\WMVxTOPNG\ModelsTree\World\EXPANSION01\DOODADS\GENERIC\BLOODELF\BOOKS,16,0,0,0,0,2,0,0,0,0,7,0,0,7,0,0,0,0,0,0,0,0,0,0,0,0
C:\Users\ehsra\Documents\GitHub\WMVxTOPNG\ModelsTree\World\EXPANSION01\DOODADS\GENERIC\BLOODELF\BOOKSHELF,21,0,0,0,0,3,0,0,0,0,9,0,0,9,0,0,0,0,0,0,0,0,0,0,0,0
C:\Users\ehsra\Documents\GitHub\WMVxTOPNG\ModelsTree\World\EXPANSION01\DOODADS\GENERIC\BLOODELF\Bottles,13,0,0,0,0,1,0,0,0,0,6,0,0,6,0,0,0,0,0,0,0,0,0,0,0,0
C:\Users\ehsra\Documents\GitHub\WMVxTOPNG\ModelsTree\World\EXPANSION01\DOODADS\GENERIC\BLOODELF\Broom,3,0,0,0,0,1,0,0,0,0,1,0,0,1,0,0,0,0,0,0,0,0,0,0,0,0
C:\Users\ehsra\Documents\GitHub\WMVxTOPNG\ModelsTree\World\EXPANSION01\DOODADS\GENERIC\BLOODELF\campfire,7,0,0,0,0,3,0,0,0,0,2,0,0,2,0,0,0,0,0,0,0,0,0,0,0,0
C:\Users\ehsra\Documents\GitHub\WMVxTOPNG\ModelsTree\World\EXPANSION01\DOODADS\GENERIC\BLOODELF\Candles,9,0,0,0,0,3,0,0,0,0,3,0,0,3,0,0,0,0,0,0,0,0,0,0,0,0
C:\Users\ehsra\Documents\GitHub\WMVxTOPNG\ModelsTree\World\EXPANSION01\DOODADS\GENERIC\BLOODELF\Chairs,19,0,0,0,0,5,0,0,0,0,7,0,0,7,0,0,0,0,0,0,0,0,0,0,0,0
C:\Users\ehsra\Documents\GitHub\WMVxTOPNG\ModelsTree\World\EXPANSION01\DOODADS\GENERIC\BLOODELF\CHANDELIER,5,0,0,0,0,3,0,0,0,0,1,0,0,1,0,0,0,0,0,0,0,0,0,0,0,0
C:\Users\ehsra\Documents\GitHub\WMVxTOPNG\ModelsTree\World\EXPANSION01\DOODADS\GENERIC\BLOODELF\Cookpot,4,0,0,0,0,2,0,0,0,0,1,0,0,1,0,0,0,0,0,0,0,0,0,0,0,0
C:\Users\ehsra\Documents\GitHub\WMVxTOPNG\ModelsTree\World\EXPANSION01\DOODADS\GENERIC\BLOODELF\COUCH,3,0,0,0,0,1,0,0,0,0,1,0,0,1,0,0,0,0,0,0,0,0,0,0,0,0
C:\Users\ehsra\Documents\GitHub\WMVxTOPNG\ModelsTree\World\EXPANSION01\DOODADS\GENERIC\BLOODELF\Crate,2,0,0,0,0,0,0,0,0,0,1,0,0,1,0,0,0,0,0,0,0,0,0,0,0,0
C:\Users\ehsra\Documents\GitHub\WMVxTOPNG\ModelsTree\World\EXPANSION01\DOODADS\GENERIC\BLOODELF\Cups,9,0,0,0,0,3,0,0,0,0,3,0,0,3,0,0,0,0,0,0,0,0,0,0,0,0
C:\Users\ehsra\Documents\GitHub\WMVxTOPNG\ModelsTree\World\EXPANSION01\DOODADS\GENERIC\BLOODELF\DemonCrystals,6,0,0,0,0,2,0,0,0,0,2,0,0,2,0,0,0,0,0,0,0,0,0,0,0,0
C:\Users\ehsra\Documents\GitHub\WMVxTOPNG\ModelsTree\World\EXPANSION01\DOODADS\GENERIC\BLOODELF\DemonEnergyCollectors,6,0,0,0,0,3,0,0,0,0,1,0,0,2,0,0,0,0,0,0,0,0,0,0,0,0
C:\Users\ehsra\Documents\GitHub\WMVxTOPNG\ModelsTree\World\EXPANSION01\DOODADS\GENERIC\BLOODELF\DRAPERY,18,0,0,0,0,4,0,0,0,0,7,0,0,7,0,0,0,0,0,0,0,0,0,0,0,0
C:\Users\ehsra\Documents\GitHub\WMVxTOPNG\ModelsTree\World\EXPANSION01\DOODADS\GENERIC\BLOODELF\Food,5,0,0,0,0,1,0,0,0,0,2,0,0,2,0,0,0,0,0,0,0,0,0,0,0,0
C:\Users\ehsra\Documents\GitHub\WMVxTOPNG\ModelsTree\World\EXPANSION01\DOODADS\GENERIC\BLOODELF\Forge,6,0,0,0,0,2,0,0,0,0,2,0,0,2,0,0,0,0,0,0,0,0,0,0,0,0
C:\Users\ehsra\Documents\GitHub\WMVxTOPNG\ModelsTree\World\EXPANSION01\DOODADS\GENERIC\BLOODELF\FOUNTAINS,19,0,0,0,0,13,0,0,0,0,3,0,0,3,0,0,0,0,0,0,0,0,0,0,0,0
C:\Users\ehsra\Documents\GitHub\WMVxTOPNG\ModelsTree\World\EXPANSION01\DOODADS\GENERIC\BLOODELF\Graveyard,10,0,0,0,0,2,0,0,0,0,4,0,0,4,0,0,0,0,0,0,0,0,0,0,0,0
C:\Users\ehsra\Documents\GitHub\WMVxTOPNG\ModelsTree\World\EXPANSION01\DOODADS\GENERIC\BLOODELF\HEDGE,30,0,0,0,0,4,0,0,0,0,13,0,0,13,0,0,0,0,0,0,0,0,0,0,0,0
C:\Users\ehsra\Documents\GitHub\WMVxTOPNG\ModelsTree\World\EXPANSION01\DOODADS\GENERIC\BLOODELF\Hookah,5,0,0,0,0,1,0,0,0,0,2,0,0,2,0,0,0,0,0,0,0,0,0,0,0,0
C:\Users\ehsra\Documents\GitHub\WMVxTOPNG\ModelsTree\World\EXPANSION01\DOODADS\GENERIC\BLOODELF\Incense,3,0,0,0,0,1,0,0,0,0,1,0,0,1,0,0,0,0,0,0,0,0,0,0,0,0
C:\Users\ehsra\Documents\GitHub\WMVxTOPNG\ModelsTree\World\EXPANSION01\DOODADS\GENERIC\BLOODELF\INSTRUMENTS,6,0,0,0,0,2,0,0,0,0,2,0,0,2,0,0,0,0,0,0,0,0,0,0,0,0
C:\Users\ehsra\Documents\GitHub\WMVxTOPNG\ModelsTree\World\EXPANSION01\DOODADS\GENERIC\BLOODELF\Jars,5,0,0,0,0,1,0,0,0,0,2,0,0,2,0,0,0,0,0,0,0,0,0,0,0,0
C:\Users\ehsra\Documents\GitHub\WMVxTOPNG\ModelsTree\World\EXPANSION01\DOODADS\GENERIC\BLOODELF\KnickKnacks,10,0,0,0,0,4,0,0,0,0,3,0,0,3,0,0,0,0,0,0,0,0,0,0,0,0
C:\Users\ehsra\Documents\GitHub\WMVxTOPNG\ModelsTree\World\EXPANSION01\DOODADS\GENERIC\BLOODELF\Lamp,3,0,0,0,0,1,0,0,0,0,1,0,0,1,0,0,0,0,0,0,0,0,0,0,0,0
C:\Users\ehsra\Documents\GitHub\WMVxTOPNG\ModelsTree\World\EXPANSION01\DOODADS\GENERIC\BLOODELF\Lantern,2,0,0,0,0,0,0,0,0,0,1,0,0,1,0,0,0,0,0,0,0,0,0,0,0,0
C:\Users\ehsra\Documents\GitHub\WMVxTOPNG\ModelsTree\World\EXPANSION01\DOODADS\GENERIC\BLOODELF\Lava,2,0,0,0,0,0,0,0,0,0,1,0,0,1,0,0,0,0,0,0,0,0,0,0,0,0
C:\Users\ehsra\Documents\GitHub\WMVxTOPNG\ModelsTree\World\EXPANSION01\DOODADS\GENERIC\BLOODELF\Loom,3,0,0,0,0,1,0,0,0,0,1,0,0,1,0,0,0,0,0,0,0,0,0,0,0,0
C:\Users\ehsra\Documents\GitHub\WMVxTOPNG\ModelsTree\World\EXPANSION01\DOODADS\GENERIC\BLOODELF\MerchantStand,11,0,0,0,0,3,0,0,0,0,4,0,0,4,0,0,0,0,0,0,0,0,0,0,0,0
C:\Users\ehsra\Documents\GitHub\WMVxTOPNG\ModelsTree\World\EXPANSION01\DOODADS\GENERIC\BLOODELF\Pillar,2,0,0,0,0,0,0,0,0,0,1,0,0,1,0,0,0,0,0,0,0,0,0,0,0,0
C:\Users\ehsra\Documents\GitHub\WMVxTOPNG\ModelsTree\World\EXPANSION01\DOODADS\GENERIC\BLOODELF\Pillows,9,0,0,0,0,1,0,0,0,0,4,0,0,4,0,0,0,0,0,0,0,0,0,0,0,0
C:\Users\ehsra\Documents\GitHub\WMVxTOPNG\ModelsTree\World\EXPANSION01\DOODADS\GENERIC\BLOODELF\PLANETARIUM,16,0,0,0,0,4,0,0,0,0,6,0,0,6,0,0,0,0,0,0,0,0,0,0,0,0
C:\Users\ehsra\Documents\GitHub\WMVxTOPNG\ModelsTree\World\EXPANSION01\DOODADS\GENERIC\BLOODELF\planters,21,0,0,0,0,1,0,0,0,0,10,0,0,10,0,0,0,0,0,0,0,0,0,0,0,0
C:\Users\ehsra\Documents\GitHub\WMVxTOPNG\ModelsTree\World\EXPANSION01\DOODADS\GENERIC\BLOODELF\Podium,3,0,0,0,0,1,0,0,0,0,1,0,0,1,0,0,0,0,0,0,0,0,0,0,0,0
C:\Users\ehsra\Documents\GitHub\WMVxTOPNG\ModelsTree\World\EXPANSION01\DOODADS\GENERIC\BLOODELF\POSTERS,3,0,0,0,0,1,0,0,0,0,1,0,0,1,0,0,0,0,0,0,0,0,0,0,0,0
C:\Users\ehsra\Documents\GitHub\WMVxTOPNG\ModelsTree\World\EXPANSION01\DOODADS\GENERIC\BLOODELF\PowerOrb,19,0,0,0,0,13,0,0,0,0,3,0,0,3,0,0,0,0,0,0,0,0,0,0,0,0
C:\Users\ehsra\Documents\GitHub\WMVxTOPNG\ModelsTree\World\EXPANSION01\DOODADS\GENERIC\BLOODELF\RoadSign,2,0,0,0,0,0,0,0,0,0,1,0,0,1,0,0,0,0,0,0,0,0,0,0,0,0
C:\Users\ehsra\Documents\GitHub\WMVxTOPNG\ModelsTree\World\EXPANSION01\DOODADS\GENERIC\BLOODELF\Rowboat,6,0,0,0,0,2,0,0,0,0,2,0,0,2,0,0,0,0,0,0,0,0,0,0,0,0
C:\Users\ehsra\Documents\GitHub\WMVxTOPNG\ModelsTree\World\EXPANSION01\DOODADS\GENERIC\BLOODELF\RUGS,30,0,0,0,0,6,0,0,0,0,12,0,0,12,0,0,0,0,0,0,0,0,0,0,0,0
C:\Users\ehsra\Documents\GitHub\WMVxTOPNG\ModelsTree\World\EXPANSION01\DOODADS\GENERIC\BLOODELF\RUNESTONE,4,0,0,0,0,2,0,0,0,0,1,0,0,1,0,0,0,0,0,0,0,0,0,0,0,0
C:\Users\ehsra\Documents\GitHub\WMVxTOPNG\ModelsTree\World\EXPANSION01\DOODADS\GENERIC\BLOODELF\SCONCE,5,0,0,0,0,1,0,0,0,0,2,0,0,2,0,0,0,0,0,0,0,0,0,0,0,0
C:\Users\ehsra\Documents\GitHub\WMVxTOPNG\ModelsTree\World\EXPANSION01\DOODADS\GENERIC\BLOODELF\SCRYINGORB,5,0,0,0,0,1,0,0,0,0,2,0,0,2,0,0,0,0,0,0,0,0,0,0,0,0
C:\Users\ehsra\Documents\GitHub\WMVxTOPNG\ModelsTree\World\EXPANSION01\DOODADS\GENERIC\BLOODELF\Shield,6,0,0,0,0,0,0,0,0,0,3,0,0,3,0,0,0,0,0,0,0,0,0,0,0,0
C:\Users\ehsra\Documents\GitHub\WMVxTOPNG\ModelsTree\World\EXPANSION01\DOODADS\GENERIC\BLOODELF\ShopSigns,59,0,0,0,0,19,0,0,0,0,20,0,0,20,0,0,0,0,0,0,0,0,0,0,0,0
C:\Users\ehsra\Documents\GitHub\WMVxTOPNG\ModelsTree\World\EXPANSION01\DOODADS\GENERIC\BLOODELF\SHROOMS,8,0,0,0,0,4,0,0,0,0,2,0,0,2,0,0,0,0,0,0,0,0,0,0,0,0
C:\Users\ehsra\Documents\GitHub\WMVxTOPNG\ModelsTree\World\EXPANSION01\DOODADS\GENERIC\BLOODELF\STATUES,13,0,0,0,0,3,0,0,0,0,5,0,0,5,0,0,0,0,0,0,0,0,0,0,0,0
C:\Users\ehsra\Documents\GitHub\WMVxTOPNG\ModelsTree\World\EXPANSION01\DOODADS\GENERIC\BLOODELF\TABLES,18,0,0,0,0,6,0,0,0,0,6,0,0,6,0,0,0,0,0,0,0,0,0,0,0,0
C:\Users\ehsra\Documents\GitHub\WMVxTOPNG\ModelsTree\World\EXPANSION01\DOODADS\GENERIC\BLOODELF\Teleporter,3,0,0,0,0,1,0,0,0,0,1,0,0,1,0,0,0,0,0,0,0,0,0,0,0,0
C:\Users\ehsra\Documents\GitHub\WMVxTOPNG\ModelsTree\World\EXPANSION01\DOODADS\GENERIC\BLOODELF\TENTS,15,0,0,0,0,3,0,0,0,0,6,0,0,6,0,0,0,0,0,0,0,0,0,0,0,0
C:\Users\ehsra\Documents\GitHub\WMVxTOPNG\ModelsTree\World\EXPANSION01\DOODADS\GENERIC\BLOODELF\TRANSLOCATOR,16,0,0,0,0,12,0,0,0,0,2,0,0,2,0,0,0,0,0,0,0,0,0,0,0,0
C:\Users\ehsra\Documents\GitHub\WMVxTOPNG\ModelsTree\World\EXPANSION01\DOODADS\GENERIC\BLOODELF\TREES,38,0,0,0,0,10,0,0,0,0,14,0,0,14,0,0,0,0,0,0,0,0,0,0,0,0
C:\Users\ehsra\Documents\GitHub\WMVxTOPNG\ModelsTree\World\EXPANSION01\DOODADS\GENERIC\BLOODELF\WAGON,11,0,0,0,0,5,0,0,0,0,3,0,0,3,0,0,0,0,0,0,0,0,0,0,0,0
C:\Users\ehsra\Documents\GitHub\WMVxTOPNG\ModelsTree\World\EXPANSION01\DOODADS\GENERIC\BLOODELF\WeaponRacks,6,0,0,0,0,2,0,0,0,0,2,0,0,2,0,0,0,0,0,0,0,0,0,0,0,0
C:\Users\ehsra\Documents\GitHub\WMVxTOPNG\ModelsTree\World\EXPANSION01\DOODADS\GENERIC\BLOODELF\Weapons,16,0,0,0,0,0,0,0,0,0,8,0,0,8,0,0,0,0,0,0,0,0,0,0,0,0
C:\Users\ehsra\Documents\GitHub\WMVxTOPNG\ModelsTree\World\EXPANSION01\DOODADS\GENERIC\BURNINGLEGION,0,10,0,0,0,0,0,0,0,0,0,0,0,0,0,0,0,0,0,0,0,0,0,0,0,0
C:\Users\ehsra\Documents\GitHub\WMVxTOPNG\ModelsTree\World\EXPANSION01\DOODADS\GENERIC\BURNINGLEGION\BANNERS,9,0,0,0,0,5,0,0,0,0,2,0,0,2,0,0,0,0,0,0,0,0,0,0,0,0
C:\Users\ehsra\Documents\GitHub\WMVxTOPNG\ModelsTree\World\EXPANSION01\DOODADS\GENERIC\BURNINGLEGION\Braziers,3,0,0,0,0,1,0,0,0,0,1,0,0,1,0,0,0,0,0,0,0,0,0,0,0,0
C:\Users\ehsra\Documents\GitHub\WMVxTOPNG\ModelsTree\World\EXPANSION01\DOODADS\GENERIC\BURNINGLEGION\CANNON,7,0,0,0,0,1,0,0,0,0,3,0,0,3,0,0,0,0,0,0,0,0,0,0,0,0
C:\Users\ehsra\Documents\GitHub\WMVxTOPNG\ModelsTree\World\EXPANSION01\DOODADS\GENERIC\BURNINGLEGION\CrystalForge,5,0,0,0,0,1,0,0,0,0,2,0,0,2,0,0,0,0,0,0,0,0,0,0,0,0
C:\Users\ehsra\Documents\GitHub\WMVxTOPNG\ModelsTree\World\EXPANSION01\DOODADS\GENERIC\BURNINGLEGION\FelCannonBalls,4,0,0,0,0,0,0,0,0,0,2,0,0,2,0,0,0,0,0,0,0,0,0,0,0,0
C:\Users\ehsra\Documents\GitHub\WMVxTOPNG\ModelsTree\World\EXPANSION01\DOODADS\GENERIC\BURNINGLEGION\FelReaver,13,0,0,0,0,0,0,0,0,0,6,0,0,7,0,0,0,0,0,0,0,0,0,0,0,0
C:\Users\ehsra\Documents\GitHub\WMVxTOPNG\ModelsTree\World\EXPANSION01\DOODADS\GENERIC\BURNINGLEGION\Generator,3,0,0,0,0,1,0,0,0,0,1,0,0,1,0,0,0,0,0,0,0,0,0,0,0,0
C:\Users\ehsra\Documents\GitHub\WMVxTOPNG\ModelsTree\World\EXPANSION01\DOODADS\GENERIC\BURNINGLEGION\Ruins,9,0,0,0,0,1,0,0,0,0,4,0,0,4,0,0,0,0,0,0,0,0,0,0,0,0
C:\Users\ehsra\Documents\GitHub\WMVxTOPNG\ModelsTree\World\EXPANSION01\DOODADS\GENERIC\BURNINGLEGION\TELEPORTER,7,0,0,0,0,3,0,0,0,0,2,0,0,2,0,0,0,0,0,0,0,0,0,0,0,0
C:\Users\ehsra\Documents\GitHub\WMVxTOPNG\ModelsTree\World\EXPANSION01\DOODADS\GENERIC\BURNINGLEGION\TRADESKILL,3,0,0,0,0,1,0,0,0,0,1,0,0,1,0,0,0,0,0,0,0,0,0,0,0,0
C:\Users\ehsra\Documents\GitHub\WMVxTOPNG\ModelsTree\World\EXPANSION01\DOODADS\GENERIC\DRAENEI,0,40,0,0,0,0,0,0,0,0,0,0,0,0,0,0,0,0,0,0,0,0,0,0,0,0
C:\Users\ehsra\Documents\GitHub\WMVxTOPNG\ModelsTree\World\EXPANSION01\DOODADS\GENERIC\DRAENEI\BANNER,3,0,0,0,0,1,0,0,0,0,1,0,0,1,0,0,0,0,0,0,0,0,0,0,0,0
C:\Users\ehsra\Documents\GitHub\WMVxTOPNG\ModelsTree\World\EXPANSION01\DOODADS\GENERIC\DRAENEI\Bed,3,0,0,0,0,1,0,0,0,0,1,0,0,1,0,0,0,0,0,0,0,0,0,0,0,0
C:\Users\ehsra\Documents\GitHub\WMVxTOPNG\ModelsTree\World\EXPANSION01\DOODADS\GENERIC\DRAENEI\BENCH,3,0,0,0,0,1,0,0,0,0,1,0,0,1,0,0,0,0,0,0,0,0,0,0,0,0
C:\Users\ehsra\Documents\GitHub\WMVxTOPNG\ModelsTree\World\EXPANSION01\DOODADS\GENERIC\DRAENEI\BlackSmith,5,0,0,0,0,1,0,0,0,0,2,0,0,2,0,0,0,0,0,0,0,0,0,0,0,0
C:\Users\ehsra\Documents\GitHub\WMVxTOPNG\ModelsTree\World\EXPANSION01\DOODADS\GENERIC\DRAENEI\Bottles,5,0,0,0,0,1,0,0,0,0,2,0,0,2,0,0,0,0,0,0,0,0,0,0,0,0
C:\Users\ehsra\Documents\GitHub\WMVxTOPNG\ModelsTree\World\EXPANSION01\DOODADS\GENERIC\DRAENEI\Bowls,5,0,0,0,0,1,0,0,0,0,2,0,0,2,0,0,0,0,0,0,0,0,0,0,0,0
C:\Users\ehsra\Documents\GitHub\WMVxTOPNG\ModelsTree\World\EXPANSION01\DOODADS\GENERIC\DRAENEI\Brazier,8,0,0,0,0,2,0,0,0,0,3,0,0,3,0,0,0,0,0,0,0,0,0,0,0,0
C:\Users\ehsra\Documents\GitHub\WMVxTOPNG\ModelsTree\World\EXPANSION01\DOODADS\GENERIC\DRAENEI\Cables,6,0,0,0,0,0,0,0,0,0,3,0,0,3,0,0,0,0,0,0,0,0,0,0,0,0
C:\Users\ehsra\Documents\GitHub\WMVxTOPNG\ModelsTree\World\EXPANSION01\DOODADS\GENERIC\DRAENEI\Chandelier,3,0,0,0,0,1,0,0,0,0,1,0,0,1,0,0,0,0,0,0,0,0,0,0,0,0
C:\Users\ehsra\Documents\GitHub\WMVxTOPNG\ModelsTree\World\EXPANSION01\DOODADS\GENERIC\DRAENEI\COOKPOTS,3,0,0,0,0,1,0,0,0,0,1,0,0,1,0,0,0,0,0,0,0,0,0,0,0,0
C:\Users\ehsra\Documents\GitHub\WMVxTOPNG\ModelsTree\World\EXPANSION01\DOODADS\GENERIC\DRAENEI\crashplate,6,0,0,0,0,2,0,0,0,0,2,0,0,2,0,0,0,0,0,0,0,0,0,0,0,0
C:\Users\ehsra\Documents\GitHub\WMVxTOPNG\ModelsTree\World\EXPANSION01\DOODADS\GENERIC\DRAENEI\Crates,6,0,0,0,0,2,0,0,0,0,2,0,0,2,0,0,0,0,0,0,0,0,0,0,0,0
C:\Users\ehsra\Documents\GitHub\WMVxTOPNG\ModelsTree\World\EXPANSION01\DOODADS\GENERIC\DRAENEI\CRYOPODS,10,0,0,0,0,2,0,0,0,0,4,0,0,4,0,0,0,0,0,0,0,0,0,0,0,0
C:\Users\ehsra\Documents\GitHub\WMVxTOPNG\ModelsTree\World\EXPANSION01\DOODADS\GENERIC\DRAENEI\Crystals,3,0,0,0,0,1,0,0,0,0,1,0,0,1,0,0,0,0,0,0,0,0,0,0,0,0
C:\Users\ehsra\Documents\GitHub\WMVxTOPNG\ModelsTree\World\EXPANSION01\DOODADS\GENERIC\DRAENEI\Cups,5,0,0,0,0,1,0,0,0,0,2,0,0,2,0,0,0,0,0,0,0,0,0,0,0,0
C:\Users\ehsra\Documents\GitHub\WMVxTOPNG\ModelsTree\World\EXPANSION01\DOODADS\GENERIC\DRAENEI\Draenei_Arches,4,0,0,0,0,0,0,0,0,0,2,0,0,2,0,0,0,0,0,0,0,0,0,0,0,0
C:\Users\ehsra\Documents\GitHub\WMVxTOPNG\ModelsTree\World\EXPANSION01\DOODADS\GENERIC\DRAENEI\Draenei_Wreckage,6,0,0,0,0,0,0,0,0,0,3,0,0,3,0,0,0,0,0,0,0,0,0,0,0,0
C:\Users\ehsra\Documents\GitHub\WMVxTOPNG\ModelsTree\World\EXPANSION01\DOODADS\GENERIC\DRAENEI\Exodar,8,0,0,0,0,0,0,0,0,0,4,0,0,4,0,0,0,0,0,0,0,0,0,0,0,0
C:\Users\ehsra\Documents\GitHub\WMVxTOPNG\ModelsTree\World\EXPANSION01\DOODADS\GENERIC\DRAENEI\ExxodarWalls,4,0,0,0,0,0,0,0,0,0,2,0,0,2,0,0,0,0,0,0,0,0,0,0,0,0
C:\Users\ehsra\Documents\GitHub\WMVxTOPNG\ModelsTree\World\EXPANSION01\DOODADS\GENERIC\DRAENEI\Fountain,2,0,0,0,0,0,0,0,0,0,1,0,0,1,0,0,0,0,0,0,0,0,0,0,0,0
C:\Users\ehsra\Documents\GitHub\WMVxTOPNG\ModelsTree\World\EXPANSION01\DOODADS\GENERIC\DRAENEI\Fountian,5,0,0,0,0,1,0,0,0,0,2,0,0,2,0,0,0,0,0,0,0,0,0,0,0,0
C:\Users\ehsra\Documents\GitHub\WMVxTOPNG\ModelsTree\World\EXPANSION01\DOODADS\GENERIC\DRAENEI\Glow,11,0,0,0,0,1,0,0,0,0,5,0,0,5,0,0,0,0,0,0,0,0,0,0,0,0
C:\Users\ehsra\Documents\GitHub\WMVxTOPNG\ModelsTree\World\EXPANSION01\DOODADS\GENERIC\DRAENEI\GRAVEYARD,9,0,0,0,0,1,0,0,0,0,4,0,0,4,0,0,0,0,0,0,0,0,0,0,0,0
C:\Users\ehsra\Documents\GitHub\WMVxTOPNG\ModelsTree\World\EXPANSION01\DOODADS\GENERIC\DRAENEI\HOLO,23,0,0,0,0,5,0,0,0,0,9,0,0,9,0,0,0,0,0,0,0,0,0,0,0,0
C:\Users\ehsra\Documents\GitHub\WMVxTOPNG\ModelsTree\World\EXPANSION01\DOODADS\GENERIC\DRAENEI\HolographicStand,3,0,0,0,0,1,0,0,0,0,1,0,0,1,0,0,0,0,0,0,0,0,0,0,0,0
C:\Users\ehsra\Documents\GitHub\WMVxTOPNG\ModelsTree\World\EXPANSION01\DOODADS\GENERIC\DRAENEI\KnickKnacks,22,0,0,0,0,4,0,0,0,0,9,0,0,9,0,0,0,0,0,0,0,0,0,0,0,0
C:\Users\ehsra\Documents\GitHub\WMVxTOPNG\ModelsTree\World\EXPANSION01\DOODADS\GENERIC\DRAENEI\Lampposts,5,0,0,0,0,1,0,0,0,0,2,0,0,2,0,0,0,0,0,0,0,0,0,0,0,0
C:\Users\ehsra\Documents\GitHub\WMVxTOPNG\ModelsTree\World\EXPANSION01\DOODADS\GENERIC\DRAENEI\Lanterns,3,0,0,0,0,1,0,0,0,0,1,0,0,1,0,0,0,0,0,0,0,0,0,0,0,0
C:\Users\ehsra\Documents\GitHub\WMVxTOPNG\ModelsTree\World\EXPANSION01\DOODADS\GENERIC\DRAENEI\Loom,3,0,0,0,0,1,0,0,0,0,1,0,0,1,0,0,0,0,0,0,0,0,0,0,0,0
C:\Users\ehsra\Documents\GitHub\WMVxTOPNG\ModelsTree\World\EXPANSION01\DOODADS\GENERIC\DRAENEI\Machines,3,0,0,0,0,1,0,0,0,0,1,0,0,1,0,0,0,0,0,0,0,0,0,0,0,0
C:\Users\ehsra\Documents\GitHub\WMVxTOPNG\ModelsTree\World\EXPANSION01\DOODADS\GENERIC\DRAENEI\Mailbox,9,0,0,0,0,5,0,0,0,0,2,0,0,2,0,0,0,0,0,0,0,0,0,0,0,0
C:\Users\ehsra\Documents\GitHub\WMVxTOPNG\ModelsTree\World\EXPANSION01\DOODADS\GENERIC\DRAENEI\Parasol,5,0,0,0,0,1,0,0,0,0,2,0,0,2,0,0,0,0,0,0,0,0,0,0,0,0
C:\Users\ehsra\Documents\GitHub\WMVxTOPNG\ModelsTree\World\EXPANSION01\DOODADS\GENERIC\DRAENEI\Posters,2,0,0,0,0,0,0,0,0,0,1,0,0,1,0,0,0,0,0,0,0,0,0,0,0,0
C:\Users\ehsra\Documents\GitHub\WMVxTOPNG\ModelsTree\World\EXPANSION01\DOODADS\GENERIC\DRAENEI\SHOPSIGNS,64,0,0,0,0,22,0,0,0,0,21,0,0,21,0,0,0,0,0,0,0,0,0,0,0,0
C:\Users\ehsra\Documents\GitHub\WMVxTOPNG\ModelsTree\World\EXPANSION01\DOODADS\GENERIC\DRAENEI\Signs,5,0,0,0,0,1,0,0,0,0,2,0,0,2,0,0,0,0,0,0,0,0,0,0,0,0
C:\Users\ehsra\Documents\GitHub\WMVxTOPNG\ModelsTree\World\EXPANSION01\DOODADS\GENERIC\DRAENEI\Tables,5,0,0,0,0,1,0,0,0,0,2,0,0,2,0,0,0,0,0,0,0,0,0,0,0,0
C:\Users\ehsra\Documents\GitHub\WMVxTOPNG\ModelsTree\World\EXPANSION01\DOODADS\GENERIC\DRAENEI\TEMPESTKEEP,33,0,0,0,0,15,0,0,0,0,9,0,0,9,0,0,0,0,0,0,0,0,0,0,0,0
C:\Users\ehsra\Documents\GitHub\WMVxTOPNG\ModelsTree\World\EXPANSION01\DOODADS\GENERIC\DRAENEI\Tents,5,0,0,0,0,1,0,0,0,0,2,0,0,2,0,0,0,0,0,0,0,0,0,0,0,0
C:\Users\ehsra\Documents\GitHub\WMVxTOPNG\ModelsTree\World\EXPANSION01\DOODADS\GENERIC\DRAENEI\TUBES,9,0,0,0,0,5,0,0,0,0,2,0,0,2,0,0,0,0,0,0,0,0,0,0,0,0
C:\Users\ehsra\Documents\GitHub\WMVxTOPNG\ModelsTree\World\EXPANSION01\DOODADS\GENERIC\DRAENEI\Wall,6,0,0,0,0,2,0,0,0,0,2,0,0,2,0,0,0,0,0,0,0,0,0,0,0,0
C:\Users\ehsra\Documents\GitHub\WMVxTOPNG\ModelsTree\World\EXPANSION01\DOODADS\GENERIC\ETHEREAL,0,10,0,0,0,0,0,0,0,0,0,0,0,0,0,0,0,0,0,0,0,0,0,0,0,0
C:\Users\ehsra\Documents\GitHub\WMVxTOPNG\ModelsTree\World\EXPANSION01\DOODADS\GENERIC\ETHEREAL\BARREL,5,0,0,0,0,1,0,0,0,0,2,0,0,2,0,0,0,0,0,0,0,0,0,0,0,0
C:\Users\ehsra\Documents\GitHub\WMVxTOPNG\ModelsTree\World\EXPANSION01\DOODADS\GENERIC\ETHEREAL\Cage,5,0,0,0,0,1,0,0,0,0,2,0,0,2,0,0,0,0,0,0,0,0,0,0,0,0
C:\Users\ehsra\Documents\GitHub\WMVxTOPNG\ModelsTree\World\EXPANSION01\DOODADS\GENERIC\ETHEREAL\Collector,2,0,0,0,0,0,0,0,0,0,1,0,0,1,0,0,0,0,0,0,0,0,0,0,0,0
C:\Users\ehsra\Documents\GitHub\WMVxTOPNG\ModelsTree\World\EXPANSION01\DOODADS\GENERIC\ETHEREAL\CRATE,5,0,0,0,0,1,0,0,0,0,2,0,0,2,0,0,0,0,0,0,0,0,0,0,0,0
C:\Users\ehsra\Documents\GitHub\WMVxTOPNG\ModelsTree\World\EXPANSION01\DOODADS\GENERIC\ETHEREAL\CrystalForge,4,0,0,0,0,0,0,0,0,0,2,0,0,2,0,0,0,0,0,0,0,0,0,0,0,0
C:\Users\ehsra\Documents\GitHub\WMVxTOPNG\ModelsTree\World\EXPANSION01\DOODADS\GENERIC\ETHEREAL\HolographicStand,2,0,0,0,0,0,0,0,0,0,1,0,0,1,0,0,0,0,0,0,0,0,0,0,0,0
C:\Users\ehsra\Documents\GitHub\WMVxTOPNG\ModelsTree\World\EXPANSION01\DOODADS\GENERIC\ETHEREAL\LAMPPOST,5,0,0,0,0,1,0,0,0,0,2,0,0,2,0,0,0,0,0,0,0,0,0,0,0,0
C:\Users\ehsra\Documents\GitHub\WMVxTOPNG\ModelsTree\World\EXPANSION01\DOODADS\GENERIC\ETHEREAL\PORTAL,7,0,0,0,0,1,0,0,0,0,3,0,0,3,0,0,0,0,0,0,0,0,0,0,0,0
C:\Users\ehsra\Documents\GitHub\WMVxTOPNG\ModelsTree\World\EXPANSION01\DOODADS\GENERIC\ETHEREAL\Standard,3,0,0,0,0,0,0,0,0,0,1,0,0,2,0,0,0,0,0,0,0,0,0,0,0,0
C:\Users\ehsra\Documents\GitHub\WMVxTOPNG\ModelsTree\World\EXPANSION01\DOODADS\GENERIC\ETHEREAL\Tents,4,0,0,0,0,0,0,0,0,0,2,0,0,2,0,0,0,0,0,0,0,0,0,0,0,0
C:\Users\ehsra\Documents\GitHub\WMVxTOPNG\ModelsTree\World\EXPANSION01\DOODADS\GENERIC\FishFrenzy,3,0,0,0,0,0,0,0,0,0,1,0,0,2,0,0,0,0,0,0,0,0,0,0,0,0
C:\Users\ehsra\Documents\GitHub\WMVxTOPNG\ModelsTree\World\EXPANSION01\DOODADS\GENERIC\Ghostlands,0,1,0,0,0,0,0,0,0,0,0,0,0,0,0,0,0,0,0,0,0,0,0,0,0,0
C:\Users\ehsra\Documents\GitHub\WMVxTOPNG\ModelsTree\World\EXPANSION01\DOODADS\GENERIC\Ghostlands\Graveyard,10,0,0,0,0,2,0,0,0,0,4,0,0,4,0,0,0,0,0,0,0,0,0,0,0,0
C:\Users\ehsra\Documents\GitHub\WMVxTOPNG\ModelsTree\World\EXPANSION01\DOODADS\GENERIC\Holograms,71,0,0,0,0,23,0,0,0,0,14,0,0,34,0,0,0,0,0,0,0,0,0,0,0,0
C:\Users\ehsra\Documents\GitHub\WMVxTOPNG\ModelsTree\World\EXPANSION01\DOODADS\GENERIC\Illidan,0,1,0,0,0,0,0,0,0,0,0,0,0,0,0,0,0,0,0,0,0,0,0,0,0,0
C:\Users\ehsra\Documents\GitHub\WMVxTOPNG\ModelsTree\World\EXPANSION01\DOODADS\GENERIC\Illidan\Banners,4,0,0,0,0,2,0,0,0,0,1,0,0,1,0,0,0,0,0,0,0,0,0,0,0,0
C:\Users\ehsra\Documents\GitHub\WMVxTOPNG\ModelsTree\World\EXPANSION01\DOODADS\GENERIC\LostOnes,0,2,0,0,0,0,0,0,0,0,0,0,0,0,0,0,0,0,0,0,0,0,0,0,0,0
C:\Users\ehsra\Documents\GitHub\WMVxTOPNG\ModelsTree\World\EXPANSION01\DOODADS\GENERIC\LostOnes\Wagon,4,0,0,0,0,2,0,0,0,0,1,0,0,1,0,0,0,0,0,0,0,0,0,0,0,0
C:\Users\ehsra\Documents\GitHub\WMVxTOPNG\ModelsTree\World\EXPANSION01\DOODADS\GENERIC\LostOnes\WeaponRack,5,0,0,0,0,3,0,0,0,0,1,0,0,1,0,0,0,0,0,0,0,0,0,0,0,0
C:\Users\ehsra\Documents\GitHub\WMVxTOPNG\ModelsTree\World\EXPANSION01\DOODADS\GENERIC\NAGA,0,8,0,0,0,0,0,0,0,0,0,0,0,0,0,0,0,0,0,0,0,0,0,0,0,0
C:\Users\ehsra\Documents\GitHub\WMVxTOPNG\ModelsTree\World\EXPANSION01\DOODADS\GENERIC\NAGA\Ark,4,0,0,0,0,2,0,0,0,0,1,0,0,1,0,0,0,0,0,0,0,0,0,0,0,0
C:\Users\ehsra\Documents\GitHub\WMVxTOPNG\ModelsTree\World\EXPANSION01\DOODADS\GENERIC\NAGA\Banner,3,0,0,0,0,1,0,0,0,0,1,0,0,1,0,0,0,0,0,0,0,0,0,0,0,0
C:\Users\ehsra\Documents\GitHub\WMVxTOPNG\ModelsTree\World\EXPANSION01\DOODADS\GENERIC\NAGA\Crates,5,0,0,0,0,1,0,0,0,0,2,0,0,2,0,0,0,0,0,0,0,0,0,0,0,0
C:\Users\ehsra\Documents\GitHub\WMVxTOPNG\ModelsTree\World\EXPANSION01\DOODADS\GENERIC\NAGA\Distiller,2,0,0,0,0,0,0,0,0,0,1,0,0,1,0,0,0,0,0,0,0,0,0,0,0,0
C:\Users\ehsra\Documents\GitHub\WMVxTOPNG\ModelsTree\World\EXPANSION01\DOODADS\GENERIC\NAGA\Jars,4,0,0,0,0,0,0,0,0,0,2,0,0,2,0,0,0,0,0,0,0,0,0,0,0,0
C:\Users\ehsra\Documents\GitHub\WMVxTOPNG\ModelsTree\World\EXPANSION01\DOODADS\GENERIC\NAGA\Pagoda,3,0,0,0,0,1,0,0,0,0,1,0,0,1,0,0,0,0,0,0,0,0,0,0,0,0
C:\Users\ehsra\Documents\GitHub\WMVxTOPNG\ModelsTree\World\EXPANSION01\DOODADS\GENERIC\NAGA\TORCH,4,0,0,0,0,2,0,0,0,0,1,0,0,1,0,0,0,0,0,0,0,0,0,0,0,0
C:\Users\ehsra\Documents\GitHub\WMVxTOPNG\ModelsTree\World\EXPANSION01\DOODADS\GENERIC\NAGA\WeaponStacks,4,0,0,0,0,0,0,0,0,0,2,0,0,2,0,0,0,0,0,0,0,0,0,0,0,0
C:\Users\ehsra\Documents\GitHub\WMVxTOPNG\ModelsTree\World\EXPANSION01\DOODADS\GENERIC\OGRE,0,13,0,0,0,0,0,0,0,0,0,0,0,0,0,0,0,0,0,0,0,0,0,0,0,0
C:\Users\ehsra\Documents\GitHub\WMVxTOPNG\ModelsTree\World\EXPANSION01\DOODADS\GENERIC\OGRE\Bones,6,0,0,0,0,0,0,0,0,0,3,0,0,3,0,0,0,0,0,0,0,0,0,0,0,0
C:\Users\ehsra\Documents\GitHub\WMVxTOPNG\ModelsTree\World\EXPANSION01\DOODADS\GENERIC\OGRE\CHAINS,9,0,0,0,0,1,0,0,0,0,4,0,0,4,0,0,0,0,0,0,0,0,0,0,0,0
C:\Users\ehsra\Documents\GitHub\WMVxTOPNG\ModelsTree\World\EXPANSION01\DOODADS\GENERIC\OGRE\Chair,2,0,0,0,0,0,0,0,0,0,1,0,0,1,0,0,0,0,0,0,0,0,0,0,0,0
C:\Users\ehsra\Documents\GitHub\WMVxTOPNG\ModelsTree\World\EXPANSION01\DOODADS\GENERIC\OGRE\Fires,7,0,0,0,0,3,0,0,0,0,2,0,0,2,0,0,0,0,0,0,0,0,0,0,0,0
C:\Users\ehsra\Documents\GitHub\WMVxTOPNG\ModelsTree\World\EXPANSION01\DOODADS\GENERIC\OGRE\Forge,3,0,0,0,0,1,0,0,0,0,1,0,0,1,0,0,0,0,0,0,0,0,0,0,0,0
C:\Users\ehsra\Documents\GitHub\WMVxTOPNG\ModelsTree\World\EXPANSION01\DOODADS\GENERIC\OGRE\Pillar,2,0,0,0,0,0,0,0,0,0,1,0,0,1,0,0,0,0,0,0,0,0,0,0,0,0
C:\Users\ehsra\Documents\GitHub\WMVxTOPNG\ModelsTree\World\EXPANSION01\DOODADS\GENERIC\OGRE\Rocks,10,0,0,0,0,0,0,0,0,0,5,0,0,5,0,0,0,0,0,0,0,0,0,0,0,0
C:\Users\ehsra\Documents\GitHub\WMVxTOPNG\ModelsTree\World\EXPANSION01\DOODADS\GENERIC\OGRE\SPIKES,5,0,0,0,0,1,0,0,0,0,2,0,0,2,0,0,0,0,0,0,0,0,0,0,0,0
C:\Users\ehsra\Documents\GitHub\WMVxTOPNG\ModelsTree\World\EXPANSION01\DOODADS\GENERIC\OGRE\Stonehenge,7,0,0,0,0,1,0,0,0,0,3,0,0,3,0,0,0,0,0,0,0,0,0,0,0,0
C:\Users\ehsra\Documents\GitHub\WMVxTOPNG\ModelsTree\World\EXPANSION01\DOODADS\GENERIC\OGRE\Table,2,0,0,0,0,0,0,0,0,0,1,0,0,1,0,0,0,0,0,0,0,0,0,0,0,0
C:\Users\ehsra\Documents\GitHub\WMVxTOPNG\ModelsTree\World\EXPANSION01\DOODADS\GENERIC\OGRE\Tents,7,0,0,0,0,1,0,0,0,0,3,0,0,3,0,0,0,0,0,0,0,0,0,0,0,0
C:\Users\ehsra\Documents\GitHub\WMVxTOPNG\ModelsTree\World\EXPANSION01\DOODADS\GENERIC\OGRE\Totem,2,0,0,0,0,0,0,0,0,0,1,0,0,1,0,0,0,0,0,0,0,0,0,0,0,0
C:\Users\ehsra\Documents\GitHub\WMVxTOPNG\ModelsTree\World\EXPANSION01\DOODADS\GENERIC\OGRE\Weapons,10,0,0,0,0,0,0,0,0,0,5,0,0,5,0,0,0,0,0,0,0,0,0,0,0,0
C:\Users\ehsra\Documents\GitHub\WMVxTOPNG\ModelsTree\World\EXPANSION01\DOODADS\GENERIC\Outland,0,1,0,0,0,0,0,0,0,0,0,0,0,0,0,0,0,0,0,0,0,0,0,0,0,0
C:\Users\ehsra\Documents\GitHub\WMVxTOPNG\ModelsTree\World\EXPANSION01\DOODADS\GENERIC\Outland\Rocks,13,0,0,0,0,1,0,0,0,0,6,0,0,6,0,0,0,0,0,0,0,0,0,0,0,0
C:\Users\ehsra\Documents\GitHub\WMVxTOPNG\ModelsTree\World\EXPANSION01\DOODADS\GENERIC\SHADOWCOUNCIL,0,4,0,0,0,0,0,0,0,0,0,0,0,0,0,0,0,0,0,0,0,0,0,0,0,0
C:\Users\ehsra\Documents\GitHub\WMVxTOPNG\ModelsTree\World\EXPANSION01\DOODADS\GENERIC\SHADOWCOUNCIL\Banners,5,0,0,0,0,1,0,0,0,0,2,0,0,2,0,0,0,0,0,0,0,0,0,0,0,0
C:\Users\ehsra\Documents\GitHub\WMVxTOPNG\ModelsTree\World\EXPANSION01\DOODADS\GENERIC\SHADOWCOUNCIL\MAGICDEVICES,5,0,0,0,0,1,0,0,0,0,2,0,0,2,0,0,0,0,0,0,0,0,0,0,0,0
C:\Users\ehsra\Documents\GitHub\WMVxTOPNG\ModelsTree\World\EXPANSION01\DOODADS\GENERIC\SHADOWCOUNCIL\Tents,5,0,0,0,0,1,0,0,0,0,2,0,0,2,0,0,0,0,0,0,0,0,0,0,0,0
C:\Users\ehsra\Documents\GitHub\WMVxTOPNG\ModelsTree\World\EXPANSION01\DOODADS\GENERIC\SHADOWCOUNCIL\Torch,2,0,0,0,0,0,0,0,0,0,1,0,0,1,0,0,0,0,0,0,0,0,0,0,0,0
C:\Users\ehsra\Documents\GitHub\WMVxTOPNG\ModelsTree\World\EXPANSION01\DOODADS\GENERIC\Tradeskill,0,1,0,0,0,0,0,0,0,0,0,0,0,0,0,0,0,0,0,0,0,0,0,0,0,0
C:\Users\ehsra\Documents\GitHub\WMVxTOPNG\ModelsTree\World\EXPANSION01\DOODADS\GENERIC\Tradeskill\JewelCrafting,45,0,0,0,0,11,0,0,0,0,17,0,0,17,0,0,0,0,0,0,0,0,0,0,0,0
C:\Users\ehsra\Documents\GitHub\WMVxTOPNG\ModelsTree\World\EXPANSION01\DOODADS\GENERIC\Vrykul,0,1,0,0,0,0,0,0,0,0,0,0,0,0,0,0,0,0,0,0,0,0,0,0,0,0
C:\Users\ehsra\Documents\GitHub\WMVxTOPNG\ModelsTree\World\EXPANSION01\DOODADS\GENERIC\Vrykul\WeaponRacks,2,0,0,0,0,0,0,0,0,0,1,0,0,1,0,0,0,0,0,0,0,0,0,0,0,0
C:\Users\ehsra\Documents\GitHub\WMVxTOPNG\ModelsTree\World\EXPANSION01\DOODADS\GHOSTLANDS,0,13,0,0,0,0,0,0,0,0,0,0,0,0,0,0,0,0,0,0,0,0,0,0,0,0
C:\Users\ehsra\Documents\GitHub\WMVxTOPNG\ModelsTree\World\EXPANSION01\DOODADS\GHOSTLANDS\Arch,3,0,0,0,0,1,0,0,0,0,1,0,0,1,0,0,0,0,0,0,0,0,0,0,0,0
C:\Users\ehsra\Documents\GitHub\WMVxTOPNG\ModelsTree\World\EXPANSION01\DOODADS\GHOSTLANDS\Bushes,5,0,0,0,0,1,0,0,0,0,2,0,0,2,0,0,0,0,0,0,0,0,0,0,0,0
C:\Users\ehsra\Documents\GitHub\WMVxTOPNG\ModelsTree\World\EXPANSION01\DOODADS\GHOSTLANDS\Fence,9,0,0,0,0,1,0,0,0,0,4,0,0,4,0,0,0,0,0,0,0,0,0,0,0,0
C:\Users\ehsra\Documents\GitHub\WMVxTOPNG\ModelsTree\World\EXPANSION01\DOODADS\GHOSTLANDS\Lampposts,4,0,0,0,0,0,0,0,0,0,2,0,0,2,0,0,0,0,0,0,0,0,0,0,0,0
C:\Users\ehsra\Documents\GitHub\WMVxTOPNG\ModelsTree\World\EXPANSION01\DOODADS\GHOSTLANDS\moonstone,5,0,0,0,0,3,0,0,0,0,1,0,0,1,0,0,0,0,0,0,0,0,0,0,0,0
C:\Users\ehsra\Documents\GitHub\WMVxTOPNG\ModelsTree\World\EXPANSION01\DOODADS\GHOSTLANDS\OBELISK,7,0,0,0,0,1,0,0,0,0,3,0,0,3,0,0,0,0,0,0,0,0,0,0,0,0
C:\Users\ehsra\Documents\GitHub\WMVxTOPNG\ModelsTree\World\EXPANSION01\DOODADS\GHOSTLANDS\Planter,7,0,0,0,0,1,0,0,0,0,3,0,0,3,0,0,0,0,0,0,0,0,0,0,0,0
C:\Users\ehsra\Documents\GitHub\WMVxTOPNG\ModelsTree\World\EXPANSION01\DOODADS\GHOSTLANDS\Pollen,2,0,0,0,0,0,0,0,0,0,1,0,0,1,0,0,0,0,0,0,0,0,0,0,0,0
C:\Users\ehsra\Documents\GitHub\WMVxTOPNG\ModelsTree\World\EXPANSION01\DOODADS\GHOSTLANDS\Rocks,5,0,0,0,0,1,0,0,0,0,2,0,0,2,0,0,0,0,0,0,0,0,0,0,0,0
C:\Users\ehsra\Documents\GitHub\WMVxTOPNG\ModelsTree\World\EXPANSION01\DOODADS\GHOSTLANDS\Roots,8,0,0,0,0,0,0,0,0,0,4,0,0,4,0,0,0,0,0,0,0,0,0,0,0,0
C:\Users\ehsra\Documents\GitHub\WMVxTOPNG\ModelsTree\World\EXPANSION01\DOODADS\GHOSTLANDS\Signpost,4,0,0,0,0,0,0,0,0,0,2,0,0,2,0,0,0,0,0,0,0,0,0,0,0,0
C:\Users\ehsra\Documents\GitHub\WMVxTOPNG\ModelsTree\World\EXPANSION01\DOODADS\GHOSTLANDS\Skulls,2,0,0,0,0,0,0,0,0,0,1,0,0,1,0,0,0,0,0,0,0,0,0,0,0,0
C:\Users\ehsra\Documents\GitHub\WMVxTOPNG\ModelsTree\World\EXPANSION01\DOODADS\GHOSTLANDS\Webs,14,0,0,0,0,2,0,0,0,0,6,0,0,6,0,0,0,0,0,0,0,0,0,0,0,0
C:\Users\ehsra\Documents\GitHub\WMVxTOPNG\ModelsTree\World\EXPANSION01\DOODADS\HELLFIRECITADEL,0,3,0,0,0,0,0,0,0,0,0,0,0,0,0,0,0,0,0,0,0,0,0,0,0,0
C:\Users\ehsra\Documents\GitHub\WMVxTOPNG\ModelsTree\World\EXPANSION01\DOODADS\HELLFIRECITADEL\Activedoodads,0,3,0,0,0,0,0,0,0,0,0,0,0,0,0,0,0,0,0,0,0,0,0,0,0,0
C:\Users\ehsra\Documents\GitHub\WMVxTOPNG\ModelsTree\World\EXPANSION01\DOODADS\HELLFIRECITADEL\Activedoodads\Cube,3,0,0,0,0,1,0,0,0,0,1,0,0,1,0,0,0,0,0,0,0,0,0,0,0,0
C:\Users\ehsra\Documents\GitHub\WMVxTOPNG\ModelsTree\World\EXPANSION01\DOODADS\HELLFIRECITADEL\Activedoodads\Doors,6,0,0,0,0,2,0,0,0,0,2,0,0,2,0,0,0,0,0,0,0,0,0,0,0,0
C:\Users\ehsra\Documents\GitHub\WMVxTOPNG\ModelsTree\World\EXPANSION01\DOODADS\HELLFIRECITADEL\Activedoodads\Raid_FX,9,0,0,0,0,1,0,0,0,0,2,0,0,6,0,0,0,0,0,0,0,0,0,0,0,0
C:\Users\ehsra\Documents\GitHub\WMVxTOPNG\ModelsTree\World\EXPANSION01\DOODADS\HELLFIRECITADEL\DEMONWING,0,2,0,0,0,0,0,0,0,0,0,0,0,0,0,0,0,0,0,0,0,0,0,0,0,0
C:\Users\ehsra\Documents\GitHub\WMVxTOPNG\ModelsTree\World\EXPANSION01\DOODADS\HELLFIRECITADEL\DEMONWING\Activedoodads,0,6,0,0,0,0,0,0,0,0,0,0,0,0,0,0,0,0,0,0,0,0,0,0,0,0
C:\Users\ehsra\Documents\GitHub\WMVxTOPNG\ModelsTree\World\EXPANSION01\DOODADS\HELLFIRECITADEL\DEMONWING\Activedoodads\Chamber,9,0,0,0,0,7,0,0,0,0,1,0,0,1,0,0,0,0,0,0,0,0,0,0,0,0
C:\Users\ehsra\Documents\GitHub\WMVxTOPNG\ModelsTree\World\EXPANSION01\DOODADS\HELLFIRECITADEL\DEMONWING\Activedoodads\Cracks,4,0,0,0,0,0,0,0,0,0,2,0,0,2,0,0,0,0,0,0,0,0,0,0,0,0
C:\Users\ehsra\Documents\GitHub\WMVxTOPNG\ModelsTree\World\EXPANSION01\DOODADS\HELLFIRECITADEL\DEMONWING\Activedoodads\Doors,4,0,0,0,0,0,0,0,0,0,2,0,0,2,0,0,0,0,0,0,0,0,0,0,0,0
C:\Users\ehsra\Documents\GitHub\WMVxTOPNG\ModelsTree\World\EXPANSION01\DOODADS\HELLFIRECITADEL\DEMONWING\Activedoodads\Summoning_power_room,7,0,0,0,0,5,0,0,0,0,1,0,0,1,0,0,0,0,0,0,0,0,0,0,0,0
C:\Users\ehsra\Documents\GitHub\WMVxTOPNG\ModelsTree\World\EXPANSION01\DOODADS\HELLFIRECITADEL\DEMONWING\Activedoodads\Summon_Door,2,0,0,0,0,0,0,0,0,0,1,0,0,1,0,0,0,0,0,0,0,0,0,0,0,0
C:\Users\ehsra\Documents\GitHub\WMVxTOPNG\ModelsTree\World\EXPANSION01\DOODADS\HELLFIRECITADEL\DEMONWING\Activedoodads\switches,2,0,0,0,0,0,0,0,0,0,1,0,0,1,0,0,0,0,0,0,0,0,0,0,0,0
C:\Users\ehsra\Documents\GitHub\WMVxTOPNG\ModelsTree\World\EXPANSION01\DOODADS\HELLFIRECITADEL\DEMONWING\PASSIVEDOODADS,0,10,0,0,0,0,0,0,0,0,0,0,0,0,0,0,0,0,0,0,0,0,0,0,0,0
C:\Users\ehsra\Documents\GitHub\WMVxTOPNG\ModelsTree\World\EXPANSION01\DOODADS\HELLFIRECITADEL\DEMONWING\PASSIVEDOODADS\CHAMBER,16,0,0,0,0,12,0,0,0,0,2,0,0,2,0,0,0,0,0,0,0,0,0,0,0,0
C:\Users\ehsra\Documents\GitHub\WMVxTOPNG\ModelsTree\World\EXPANSION01\DOODADS\HELLFIRECITADEL\DEMONWING\PASSIVEDOODADS\CRACKS,12,0,0,0,0,4,0,0,0,0,4,0,0,4,0,0,0,0,0,0,0,0,0,0,0,0
C:\Users\ehsra\Documents\GitHub\WMVxTOPNG\ModelsTree\World\EXPANSION01\DOODADS\HELLFIRECITADEL\DEMONWING\PASSIVEDOODADS\DOORS,8,0,0,0,0,2,0,0,0,0,3,0,0,3,0,0,0,0,0,0,0,0,0,0,0,0
C:\Users\ehsra\Documents\GitHub\WMVxTOPNG\ModelsTree\World\EXPANSION01\DOODADS\HELLFIRECITADEL\DEMONWING\PASSIVEDOODADS\DW_Banners,13,0,0,0,0,1,0,0,0,0,6,0,0,6,0,0,0,0,0,0,0,0,0,0,0,0
C:\Users\ehsra\Documents\GitHub\WMVxTOPNG\ModelsTree\World\EXPANSION01\DOODADS\HELLFIRECITADEL\DEMONWING\PASSIVEDOODADS\DW_BRAIZER,6,0,0,0,0,2,0,0,0,0,2,0,0,2,0,0,0,0,0,0,0,0,0,0,0,0
C:\Users\ehsra\Documents\GitHub\WMVxTOPNG\ModelsTree\World\EXPANSION01\DOODADS\HELLFIRECITADEL\DEMONWING\PASSIVEDOODADS\DW_HOOKS,5,0,0,0,0,1,0,0,0,0,2,0,0,2,0,0,0,0,0,0,0,0,0,0,0,0
C:\Users\ehsra\Documents\GitHub\WMVxTOPNG\ModelsTree\World\EXPANSION01\DOODADS\HELLFIRECITADEL\DEMONWING\PASSIVEDOODADS\DW_Lantern,3,0,0,0,0,1,0,0,0,0,1,0,0,1,0,0,0,0,0,0,0,0,0,0,0,0
C:\Users\ehsra\Documents\GitHub\WMVxTOPNG\ModelsTree\World\EXPANSION01\DOODADS\HELLFIRECITADEL\DEMONWING\PASSIVEDOODADS\DW_Pipes,16,0,0,0,0,6,0,0,0,0,5,0,0,5,0,0,0,0,0,0,0,0,0,0,0,0
C:\Users\ehsra\Documents\GitHub\WMVxTOPNG\ModelsTree\World\EXPANSION01\DOODADS\HELLFIRECITADEL\DEMONWING\PASSIVEDOODADS\LANTERN,7,0,0,0,0,5,0,0,0,0,1,0,0,1,0,0,0,0,0,0,0,0,0,0,0,0
C:\Users\ehsra\Documents\GitHub\WMVxTOPNG\ModelsTree\World\EXPANSION01\DOODADS\HELLFIRECITADEL\DEMONWING\PASSIVEDOODADS\MACHINE,22,0,0,0,0,11,0,0,0,0,4,0,0,7,0,0,0,0,0,0,0,0,0,0,0,0
C:\Users\ehsra\Documents\GitHub\WMVxTOPNG\ModelsTree\World\EXPANSION01\DOODADS\HELLFIRECITADEL\PASSIVEDOODADS,0,5,0,0,0,0,0,0,0,0,0,0,0,0,0,0,0,0,0,0,0,0,0,0,0,0
C:\Users\ehsra\Documents\GitHub\WMVxTOPNG\ModelsTree\World\EXPANSION01\DOODADS\HELLFIRECITADEL\PASSIVEDOODADS\Banners,17,0,0,0,0,1,0,0,0,0,8,0,0,8,0,0,0,0,0,0,0,0,0,0,0,0
C:\Users\ehsra\Documents\GitHub\WMVxTOPNG\ModelsTree\World\EXPANSION01\DOODADS\HELLFIRECITADEL\PASSIVEDOODADS\Barrier,3,0,0,0,0,1,0,0,0,0,1,0,0,1,0,0,0,0,0,0,0,0,0,0,0,0
C:\Users\ehsra\Documents\GitHub\WMVxTOPNG\ModelsTree\World\EXPANSION01\DOODADS\HELLFIRECITADEL\PASSIVEDOODADS\BRAIZERS,16,0,0,0,0,4,0,0,0,0,6,0,0,6,0,0,0,0,0,0,0,0,0,0,0,0
C:\Users\ehsra\Documents\GitHub\WMVxTOPNG\ModelsTree\World\EXPANSION01\DOODADS\HELLFIRECITADEL\PASSIVEDOODADS\Throne,3,0,0,0,0,1,0,0,0,0,1,0,0,1,0,0,0,0,0,0,0,0,0,0,0,0
C:\Users\ehsra\Documents\GitHub\WMVxTOPNG\ModelsTree\World\EXPANSION01\DOODADS\HELLFIRECITADEL\PASSIVEDOODADS\TORCHES,4,0,0,0,0,2,0,0,0,0,1,0,0,1,0,0,0,0,0,0,0,0,0,0,0,0
C:\Users\ehsra\Documents\GitHub\WMVxTOPNG\ModelsTree\World\EXPANSION01\DOODADS\HellfirePeninsula,0,22,0,0,0,0,0,0,0,0,0,0,0,0,0,0,0,0,0,0,0,0,0,0,0,0
C:\Users\ehsra\Documents\GitHub\WMVxTOPNG\ModelsTree\World\EXPANSION01\DOODADS\HellfirePeninsula\Banners,5,0,0,0,0,1,0,0,0,0,2,0,0,2,0,0,0,0,0,0,0,0,0,0,0,0
C:\Users\ehsra\Documents\GitHub\WMVxTOPNG\ModelsTree\World\EXPANSION01\DOODADS\HellfirePeninsula\Bushes,7,0,0,0,0,1,0,0,0,0,3,0,0,3,0,0,0,0,0,0,0,0,0,0,0,0
C:\Users\ehsra\Documents\GitHub\WMVxTOPNG\ModelsTree\World\EXPANSION01\DOODADS\HellfirePeninsula\CRYSTALS,11,0,0,0,0,3,0,0,0,0,4,0,0,4,0,0,0,0,0,0,0,0,0,0,0,0
C:\Users\ehsra\Documents\GitHub\WMVxTOPNG\ModelsTree\World\EXPANSION01\DOODADS\HellfirePeninsula\Curb,15,0,0,0,0,3,0,0,0,0,6,0,0,6,0,0,0,0,0,0,0,0,0,0,0,0
C:\Users\ehsra\Documents\GitHub\WMVxTOPNG\ModelsTree\World\EXPANSION01\DOODADS\HellfirePeninsula\DARKPORTAL,12,0,0,0,0,9,0,0,0,0,1,0,0,2,0,0,0,0,0,0,0,0,0,0,0,0
C:\Users\ehsra\Documents\GitHub\WMVxTOPNG\ModelsTree\World\EXPANSION01\DOODADS\HellfirePeninsula\DraeneiFence,12,0,0,0,0,4,0,0,0,0,4,0,0,4,0,0,0,0,0,0,0,0,0,0,0,0
C:\Users\ehsra\Documents\GitHub\WMVxTOPNG\ModelsTree\World\EXPANSION01\DOODADS\HellfirePeninsula\FIREWALL,6,0,0,0,0,2,0,0,0,0,2,0,0,2,0,0,0,0,0,0,0,0,0,0,0,0
C:\Users\ehsra\Documents\GitHub\WMVxTOPNG\ModelsTree\World\EXPANSION01\DOODADS\HellfirePeninsula\gravestones,14,0,0,0,0,2,0,0,0,0,6,0,0,6,0,0,0,0,0,0,0,0,0,0,0,0
C:\Users\ehsra\Documents\GitHub\WMVxTOPNG\ModelsTree\World\EXPANSION01\DOODADS\HellfirePeninsula\HellfireFloatingRock,13,0,0,0,0,1,0,0,0,0,6,0,0,6,0,0,0,0,0,0,0,0,0,0,0,0
C:\Users\ehsra\Documents\GitHub\WMVxTOPNG\ModelsTree\World\EXPANSION01\DOODADS\HellfirePeninsula\HellfireOverhangRock,15,0,0,0,0,3,0,0,0,0,6,0,0,6,0,0,0,0,0,0,0,0,0,0,0,0
C:\Users\ehsra\Documents\GitHub\WMVxTOPNG\ModelsTree\World\EXPANSION01\DOODADS\HellfirePeninsula\HellfireWarpStorm,2,0,0,0,0,0,0,0,0,0,1,0,0,1,0,0,0,0,0,0,0,0,0,0,0,0
C:\Users\ehsra\Documents\GitHub\WMVxTOPNG\ModelsTree\World\EXPANSION01\DOODADS\HellfirePeninsula\lamppost,11,0,0,0,0,3,0,0,0,0,4,0,0,4,0,0,0,0,0,0,0,0,0,0,0,0
C:\Users\ehsra\Documents\GitHub\WMVxTOPNG\ModelsTree\World\EXPANSION01\DOODADS\HellfirePeninsula\Monolith,2,0,0,0,0,0,0,0,0,0,1,0,0,1,0,0,0,0,0,0,0,0,0,0,0,0
C:\Users\ehsra\Documents\GitHub\WMVxTOPNG\ModelsTree\World\EXPANSION01\DOODADS\HellfirePeninsula\Platform,6,0,0,0,0,2,0,0,0,0,2,0,0,2,0,0,0,0,0,0,0,0,0,0,0,0
C:\Users\ehsra\Documents\GitHub\WMVxTOPNG\ModelsTree\World\EXPANSION01\DOODADS\HellfirePeninsula\PVPFlags,33,0,0,0,0,0,0,0,0,0,12,0,0,21,0,0,0,0,0,0,0,0,0,0,0,0
C:\Users\ehsra\Documents\GitHub\WMVxTOPNG\ModelsTree\World\EXPANSION01\DOODADS\HellfirePeninsula\Rocks,21,0,0,0,0,3,0,0,0,0,9,0,0,9,0,0,0,0,0,0,0,0,0,0,0,0
C:\Users\ehsra\Documents\GitHub\WMVxTOPNG\ModelsTree\World\EXPANSION01\DOODADS\HellfirePeninsula\RocksCliff,10,0,0,0,0,0,0,0,0,0,5,0,0,5,0,0,0,0,0,0,0,0,0,0,0,0
C:\Users\ehsra\Documents\GitHub\WMVxTOPNG\ModelsTree\World\EXPANSION01\DOODADS\HellfirePeninsula\RocksFloating,19,0,0,0,0,1,0,0,0,0,9,0,0,9,0,0,0,0,0,0,0,0,0,0,0,0
C:\Users\ehsra\Documents\GitHub\WMVxTOPNG\ModelsTree\World\EXPANSION01\DOODADS\HellfirePeninsula\SandTrap,3,0,0,0,0,1,0,0,0,0,1,0,0,1,0,0,0,0,0,0,0,0,0,0,0,0
C:\Users\ehsra\Documents\GitHub\WMVxTOPNG\ModelsTree\World\EXPANSION01\DOODADS\HellfirePeninsula\Supplies,13,0,0,0,0,1,0,0,0,0,6,0,0,6,0,0,0,0,0,0,0,0,0,0,0,0
C:\Users\ehsra\Documents\GitHub\WMVxTOPNG\ModelsTree\World\EXPANSION01\DOODADS\HellfirePeninsula\Trees,18,0,0,0,0,2,0,0,0,0,8,0,0,8,0,0,0,0,0,0,0,0,0,0,0,0
C:\Users\ehsra\Documents\GitHub\WMVxTOPNG\ModelsTree\World\EXPANSION01\DOODADS\HellfirePeninsula\WAGONS,6,0,0,0,0,2,0,0,0,0,2,0,0,2,0,0,0,0,0,0,0,0,0,0,0,0
C:\Users\ehsra\Documents\GitHub\WMVxTOPNG\ModelsTree\World\EXPANSION01\DOODADS\M2lights,2,0,0,0,0,0,0,0,0,0,1,0,0,1,0,0,0,0,0,0,0,0,0,0,0,0
C:\Users\ehsra\Documents\GitHub\WMVxTOPNG\ModelsTree\World\EXPANSION01\DOODADS\NAGRAND,0,7,0,0,0,0,0,0,0,0,0,0,0,0,0,0,0,0,0,0,0,0,0,0,0,0
C:\Users\ehsra\Documents\GitHub\WMVxTOPNG\ModelsTree\World\EXPANSION01\DOODADS\NAGRAND\Bush,12,0,0,0,0,4,0,0,0,0,4,0,0,4,0,0,0,0,0,0,0,0,0,0,0,0
C:\Users\ehsra\Documents\GitHub\WMVxTOPNG\ModelsTree\World\EXPANSION01\DOODADS\NAGRAND\DarkPortal,2,0,0,0,0,0,0,0,0,0,1,0,0,1,0,0,0,0,0,0,0,0,0,0,0,0
C:\Users\ehsra\Documents\GitHub\WMVxTOPNG\ModelsTree\World\EXPANSION01\DOODADS\NAGRAND\DIAMONDMOUNT,32,0,0,0,0,18,0,0,0,0,7,0,0,7,0,0,0,0,0,0,0,0,0,0,0,0
C:\Users\ehsra\Documents\GitHub\WMVxTOPNG\ModelsTree\World\EXPANSION01\DOODADS\NAGRAND\Grass,2,0,0,0,0,0,0,0,0,0,1,0,0,1,0,0,0,0,0,0,0,0,0,0,0,0
C:\Users\ehsra\Documents\GitHub\WMVxTOPNG\ModelsTree\World\EXPANSION01\DOODADS\NAGRAND\Rocks,55,0,0,0,0,11,0,0,0,0,22,0,0,22,0,0,0,0,0,0,0,0,0,0,0,0
C:\Users\ehsra\Documents\GitHub\WMVxTOPNG\ModelsTree\World\EXPANSION01\DOODADS\NAGRAND\Roots,26,0,0,0,0,2,0,0,0,0,12,0,0,12,0,0,0,0,0,0,0,0,0,0,0,0
C:\Users\ehsra\Documents\GitHub\WMVxTOPNG\ModelsTree\World\EXPANSION01\DOODADS\NAGRAND\Trees,31,0,0,0,0,7,0,0,0,0,12,0,0,12,0,0,0,0,0,0,0,0,0,0,0,0
C:\Users\ehsra\Documents\GitHub\WMVxTOPNG\ModelsTree\World\EXPANSION01\DOODADS\NETHERSTORM,0,13,0,0,0,0,0,0,0,0,0,0,0,0,0,0,0,0,0,0,0,0,0,0,0,0
C:\Users\ehsra\Documents\GitHub\WMVxTOPNG\ModelsTree\World\EXPANSION01\DOODADS\NETHERSTORM\BIODOMES,29,0,0,0,0,6,0,0,0,0,8,0,0,15,0,0,0,0,0,0,0,0,0,0,0,0
C:\Users\ehsra\Documents\GitHub\WMVxTOPNG\ModelsTree\World\EXPANSION01\DOODADS\NETHERSTORM\CollectorCap,2,0,0,0,0,0,0,0,0,0,1,0,0,1,0,0,0,0,0,0,0,0,0,0,0,0
C:\Users\ehsra\Documents\GitHub\WMVxTOPNG\ModelsTree\World\EXPANSION01\DOODADS\NETHERSTORM\COLLECTORTOP,13,0,0,0,0,6,0,0,0,0,3,0,0,4,0,0,0,0,0,0,0,0,0,0,0,0
C:\Users\ehsra\Documents\GitHub\WMVxTOPNG\ModelsTree\World\EXPANSION01\DOODADS\NETHERSTORM\CollectorTubes,28,0,0,0,0,0,0,0,0,0,14,0,0,14,0,0,0,0,0,0,0,0,0,0,0,0
C:\Users\ehsra\Documents\GitHub\WMVxTOPNG\ModelsTree\World\EXPANSION01\DOODADS\NETHERSTORM\Crackeffects,6,0,0,0,0,2,0,0,0,0,2,0,0,2,0,0,0,0,0,0,0,0,0,0,0,0
C:\Users\ehsra\Documents\GitHub\WMVxTOPNG\ModelsTree\World\EXPANSION01\DOODADS\NETHERSTORM\DIRT,3,0,0,0,0,1,0,0,0,0,1,0,0,1,0,0,0,0,0,0,0,0,0,0,0,0
C:\Users\ehsra\Documents\GitHub\WMVxTOPNG\ModelsTree\World\EXPANSION01\DOODADS\NETHERSTORM\FloatingRocks,20,0,0,0,0,4,0,0,0,0,8,0,0,8,0,0,0,0,0,0,0,0,0,0,0,0
C:\Users\ehsra\Documents\GitHub\WMVxTOPNG\ModelsTree\World\EXPANSION01\DOODADS\NETHERSTORM\Float_Particles,4,0,0,0,0,0,0,0,0,0,2,0,0,2,0,0,0,0,0,0,0,0,0,0,0,0
C:\Users\ehsra\Documents\GitHub\WMVxTOPNG\ModelsTree\World\EXPANSION01\DOODADS\NETHERSTORM\GOBLINBRIDGE,4,0,0,0,0,2,0,0,0,0,1,0,0,1,0,0,0,0,0,0,0,0,0,0,0,0
C:\Users\ehsra\Documents\GitHub\WMVxTOPNG\ModelsTree\World\EXPANSION01\DOODADS\NETHERSTORM\GoblinWall,16,0,0,0,0,2,0,0,0,0,7,0,0,7,0,0,0,0,0,0,0,0,0,0,0,0
C:\Users\ehsra\Documents\GitHub\WMVxTOPNG\ModelsTree\World\EXPANSION01\DOODADS\NETHERSTORM\LIGHTNING,17,0,0,0,0,1,0,0,0,0,8,0,0,8,0,0,0,0,0,0,0,0,0,0,0,0
C:\Users\ehsra\Documents\GitHub\WMVxTOPNG\ModelsTree\World\EXPANSION01\DOODADS\NETHERSTORM\Rocks,35,0,0,0,0,7,0,0,0,0,14,0,0,14,0,0,0,0,0,0,0,0,0,0,0,0
C:\Users\ehsra\Documents\GitHub\WMVxTOPNG\ModelsTree\World\EXPANSION01\DOODADS\NETHERSTORM\SporeMound,3,0,0,0,0,1,0,0,0,0,1,0,0,1,0,0,0,0,0,0,0,0,0,0,0,0
C:\Users\ehsra\Documents\GitHub\WMVxTOPNG\ModelsTree\World\EXPANSION01\DOODADS\PVP,0,1,0,0,0,0,0,0,0,0,0,0,0,0,0,0,0,0,0,0,0,0,0,0,0,0
C:\Users\ehsra\Documents\GitHub\WMVxTOPNG\ModelsTree\World\EXPANSION01\DOODADS\PVP\Activedoodads,0,1,0,0,0,0,0,0,0,0,0,0,0,0,0,0,0,0,0,0,0,0,0,0,0,0
C:\Users\ehsra\Documents\GitHub\WMVxTOPNG\ModelsTree\World\EXPANSION01\DOODADS\PVP\Activedoodads\Doors,10,0,0,0,0,0,0,0,0,0,5,0,0,5,0,0,0,0,0,0,0,0,0,0,0,0
C:\Users\ehsra\Documents\GitHub\WMVxTOPNG\ModelsTree\World\EXPANSION01\DOODADS\Shadowmoon,0,14,0,0,0,0,0,0,0,0,0,0,0,0,0,0,0,0,0,0,0,0,0,0,0,0
C:\Users\ehsra\Documents\GitHub\WMVxTOPNG\ModelsTree\World\EXPANSION01\DOODADS\Shadowmoon\Base,22,0,0,0,0,4,0,0,0,0,9,0,0,9,0,0,0,0,0,0,0,0,0,0,0,0
C:\Users\ehsra\Documents\GitHub\WMVxTOPNG\ModelsTree\World\EXPANSION01\DOODADS\Shadowmoon\brazier,3,0,0,0,0,1,0,0,0,0,1,0,0,1,0,0,0,0,0,0,0,0,0,0,0,0
C:\Users\ehsra\Documents\GitHub\WMVxTOPNG\ModelsTree\World\EXPANSION01\DOODADS\Shadowmoon\crystals,9,0,0,0,0,3,0,0,0,0,3,0,0,3,0,0,0,0,0,0,0,0,0,0,0,0
C:\Users\ehsra\Documents\GitHub\WMVxTOPNG\ModelsTree\World\EXPANSION01\DOODADS\Shadowmoon\Graveyard,7,0,0,0,0,1,0,0,0,0,3,0,0,3,0,0,0,0,0,0,0,0,0,0,0,0
C:\Users\ehsra\Documents\GitHub\WMVxTOPNG\ModelsTree\World\EXPANSION01\DOODADS\Shadowmoon\Guyser,11,0,0,0,0,5,0,0,0,0,3,0,0,3,0,0,0,0,0,0,0,0,0,0,0,0
C:\Users\ehsra\Documents\GitHub\WMVxTOPNG\ModelsTree\World\EXPANSION01\DOODADS\Shadowmoon\LavaPlugs,5,0,0,0,0,1,0,0,0,0,2,0,0,2,0,0,0,0,0,0,0,0,0,0,0,0
C:\Users\ehsra\Documents\GitHub\WMVxTOPNG\ModelsTree\World\EXPANSION01\DOODADS\Shadowmoon\MarkofKael,3,0,0,0,0,1,0,0,0,0,1,0,0,1,0,0,0,0,0,0,0,0,0,0,0,0
C:\Users\ehsra\Documents\GitHub\WMVxTOPNG\ModelsTree\World\EXPANSION01\DOODADS\Shadowmoon\Meteor,10,0,0,0,0,0,0,0,0,0,5,0,0,5,0,0,0,0,0,0,0,0,0,0,0,0
C:\Users\ehsra\Documents\GitHub\WMVxTOPNG\ModelsTree\World\EXPANSION01\DOODADS\Shadowmoon\quest,2,0,0,0,0,0,0,0,0,0,1,0,0,1,0,0,0,0,0,0,0,0,0,0,0,0
C:\Users\ehsra\Documents\GitHub\WMVxTOPNG\ModelsTree\World\EXPANSION01\DOODADS\Shadowmoon\ROCKS,32,0,0,0,0,2,0,0,0,0,15,0,0,15,0,0,0,0,0,0,0,0,0,0,0,0
C:\Users\ehsra\Documents\GitHub\WMVxTOPNG\ModelsTree\World\EXPANSION01\DOODADS\Shadowmoon\rune,7,0,0,0,0,3,0,0,0,0,2,0,0,2,0,0,0,0,0,0,0,0,0,0,0,0
C:\Users\ehsra\Documents\GitHub\WMVxTOPNG\ModelsTree\World\EXPANSION01\DOODADS\Shadowmoon\scaffolding,6,0,0,0,0,0,0,0,0,0,3,0,0,3,0,0,0,0,0,0,0,0,0,0,0,0
C:\Users\ehsra\Documents\GitHub\WMVxTOPNG\ModelsTree\World\EXPANSION01\DOODADS\Shadowmoon\SMOKE,8,0,0,0,0,2,0,0,0,0,3,0,0,3,0,0,0,0,0,0,0,0,0,0,0,0
C:\Users\ehsra\Documents\GitHub\WMVxTOPNG\ModelsTree\World\EXPANSION01\DOODADS\Shadowmoon\Volcano,7,0,0,0,0,5,0,0,0,0,1,0,0,1,0,0,0,0,0,0,0,0,0,0,0,0
C:\Users\ehsra\Documents\GitHub\WMVxTOPNG\ModelsTree\World\EXPANSION01\DOODADS\SHATTRATH,0,2,0,0,0,0,0,0,0,0,0,0,0,0,0,0,0,0,0,0,0,0,0,0,0,0
C:\Users\ehsra\Documents\GitHub\WMVxTOPNG\ModelsTree\World\EXPANSION01\DOODADS\SHATTRATH\Activedoodads,0,2,0,0,0,0,0,0,0,0,0,0,0,0,0,0,0,0,0,0,0,0,0,0,0,0
C:\Users\ehsra\Documents\GitHub\WMVxTOPNG\ModelsTree\World\EXPANSION01\DOODADS\SHATTRATH\Activedoodads\elevator,4,0,0,0,0,0,0,0,0,0,2,0,0,2,0,0,0,0,0,0,0,0,0,0,0,0
C:\Users\ehsra\Documents\GitHub\WMVxTOPNG\ModelsTree\World\EXPANSION01\DOODADS\SHATTRATH\Activedoodads\events,2,0,0,0,0,0,0,0,0,0,1,0,0,1,0,0,0,0,0,0,0,0,0,0,0,0
C:\Users\ehsra\Documents\GitHub\WMVxTOPNG\ModelsTree\World\EXPANSION01\DOODADS\SHATTRATH\PASSIVEDOODADS,0,7,0,0,0,0,0,0,0,0,0,0,0,0,0,0,0,0,0,0,0,0,0,0,0,0
C:\Users\ehsra\Documents\GitHub\WMVxTOPNG\ModelsTree\World\EXPANSION01\DOODADS\SHATTRATH\PASSIVEDOODADS\BattlemasterPedestal,2,0,0,0,0,0,0,0,0,0,1,0,0,1,0,0,0,0,0,0,0,0,0,0,0,0
C:\Users\ehsra\Documents\GitHub\WMVxTOPNG\ModelsTree\World\EXPANSION01\DOODADS\SHATTRATH\PASSIVEDOODADS\Bookshelf,2,0,0,0,0,0,0,0,0,0,1,0,0,1,0,0,0,0,0,0,0,0,0,0,0,0
C:\Users\ehsra\Documents\GitHub\WMVxTOPNG\ModelsTree\World\EXPANSION01\DOODADS\SHATTRATH\PASSIVEDOODADS\Central_Energy_FX,9,0,0,0,0,7,0,0,0,0,1,0,0,1,0,0,0,0,0,0,0,0,0,0,0,0
C:\Users\ehsra\Documents\GitHub\WMVxTOPNG\ModelsTree\World\EXPANSION01\DOODADS\SHATTRATH\PASSIVEDOODADS\CRYSTAL_TOPS,31,0,0,0,0,5,0,0,0,0,13,0,0,13,0,0,0,0,0,0,0,0,0,0,0,0
C:\Users\ehsra\Documents\GitHub\WMVxTOPNG\ModelsTree\World\EXPANSION01\DOODADS\SHATTRATH\PASSIVEDOODADS\giantdoodads,4,0,0,0,0,0,0,0,0,0,2,0,0,2,0,0,0,0,0,0,0,0,0,0,0,0
C:\Users\ehsra\Documents\GitHub\WMVxTOPNG\ModelsTree\World\EXPANSION01\DOODADS\SHATTRATH\PASSIVEDOODADS\Holy_Energy_FX,3,0,0,0,0,1,0,0,0,0,1,0,0,1,0,0,0,0,0,0,0,0,0,0,0,0
C:\Users\ehsra\Documents\GitHub\WMVxTOPNG\ModelsTree\World\EXPANSION01\DOODADS\SHATTRATH\PASSIVEDOODADS\LIGHTING,30,0,0,0,0,9,0,0,0,0,10,0,0,11,0,0,0,0,0,0,0,0,0,0,0,0
C:\Users\ehsra\Documents\GitHub\WMVxTOPNG\ModelsTree\World\EXPANSION01\DOODADS\SILVERMOON,0,6,0,0,0,0,0,0,0,0,0,0,0,0,0,0,0,0,0,0,0,0,0,0,0,0
C:\Users\ehsra\Documents\GitHub\WMVxTOPNG\ModelsTree\World\EXPANSION01\DOODADS\SILVERMOON\Bushes,5,0,0,0,0,1,0,0,0,0,2,0,0,2,0,0,0,0,0,0,0,0,0,0,0,0
C:\Users\ehsra\Documents\GitHub\WMVxTOPNG\ModelsTree\World\EXPANSION01\DOODADS\SILVERMOON\FloatingDandelions,3,0,0,0,0,1,0,0,0,0,1,0,0,1,0,0,0,0,0,0,0,0,0,0,0,0
C:\Users\ehsra\Documents\GitHub\WMVxTOPNG\ModelsTree\World\EXPANSION01\DOODADS\SILVERMOON\FLOWERS,18,0,0,0,0,6,0,0,0,0,6,0,0,6,0,0,0,0,0,0,0,0,0,0,0,0
C:\Users\ehsra\Documents\GitHub\WMVxTOPNG\ModelsTree\World\EXPANSION01\DOODADS\SILVERMOON\Rocks,5,0,0,0,0,1,0,0,0,0,2,0,0,2,0,0,0,0,0,0,0,0,0,0,0,0
C:\Users\ehsra\Documents\GitHub\WMVxTOPNG\ModelsTree\World\EXPANSION01\DOODADS\SILVERMOON\Trees,3,0,0,0,0,1,0,0,0,0,1,0,0,1,0,0,0,0,0,0,0,0,0,0,0,0
C:\Users\ehsra\Documents\GitHub\WMVxTOPNG\ModelsTree\World\EXPANSION01\DOODADS\SILVERMOON\Water,4,0,0,0,0,2,0,0,0,0,1,0,0,1,0,0,0,0,0,0,0,0,0,0,0,0
C:\Users\ehsra\Documents\GitHub\WMVxTOPNG\ModelsTree\World\EXPANSION01\DOODADS\SILVERMYST,0,9,0,0,0,0,0,0,0,0,0,0,0,0,0,0,0,0,0,0,0,0,0,0,0,0
C:\Users\ehsra\Documents\GitHub\WMVxTOPNG\ModelsTree\World\EXPANSION01\DOODADS\SILVERMYST\Bushes,9,0,0,0,0,3,0,0,0,0,3,0,0,3,0,0,0,0,0,0,0,0,0,0,0,0
C:\Users\ehsra\Documents\GitHub\WMVxTOPNG\ModelsTree\World\EXPANSION01\DOODADS\SILVERMYST\Compass,3,0,0,0,0,1,0,0,0,0,1,0,0,1,0,0,0,0,0,0,0,0,0,0,0,0
C:\Users\ehsra\Documents\GitHub\WMVxTOPNG\ModelsTree\World\EXPANSION01\DOODADS\SILVERMYST\CRYSTALS,69,0,0,0,0,13,0,0,0,0,28,0,0,28,0,0,0,0,0,0,0,0,0,0,0,0
C:\Users\ehsra\Documents\GitHub\WMVxTOPNG\ModelsTree\World\EXPANSION01\DOODADS\SILVERMYST\LeafPile,3,0,0,0,0,1,0,0,0,0,1,0,0,1,0,0,0,0,0,0,0,0,0,0,0,0
C:\Users\ehsra\Documents\GitHub\WMVxTOPNG\ModelsTree\World\EXPANSION01\DOODADS\SILVERMYST\Lightning,2,0,0,0,0,0,0,0,0,0,1,0,0,1,0,0,0,0,0,0,0,0,0,0,0,0
C:\Users\ehsra\Documents\GitHub\WMVxTOPNG\ModelsTree\World\EXPANSION01\DOODADS\SILVERMYST\LIGHTSHAFT,7,0,0,0,0,1,0,0,0,0,3,0,0,3,0,0,0,0,0,0,0,0,0,0,0,0
C:\Users\ehsra\Documents\GitHub\WMVxTOPNG\ModelsTree\World\EXPANSION01\DOODADS\SILVERMYST\Moonstone,9,0,0,0,0,3,0,0,0,0,3,0,0,3,0,0,0,0,0,0,0,0,0,0,0,0
C:\Users\ehsra\Documents\GitHub\WMVxTOPNG\ModelsTree\World\EXPANSION01\DOODADS\SILVERMYST\Smoke,2,0,0,0,0,0,0,0,0,0,1,0,0,1,0,0,0,0,0,0,0,0,0,0,0,0
C:\Users\ehsra\Documents\GitHub\WMVxTOPNG\ModelsTree\World\EXPANSION01\DOODADS\SILVERMYST\Trees,31,0,0,0,0,9,0,0,0,0,11,0,0,11,0,0,0,0,0,0,0,0,0,0,0,0
C:\Users\ehsra\Documents\GitHub\WMVxTOPNG\ModelsTree\World\EXPANSION01\DOODADS\SUNWELL,0,1,0,0,0,0,0,0,0,0,0,0,0,0,0,0,0,0,0,0,0,0,0,0,0,0
C:\Users\ehsra\Documents\GitHub\WMVxTOPNG\ModelsTree\World\EXPANSION01\DOODADS\SUNWELL\PASSIVEDOODADS,0,1,0,0,0,0,0,0,0,0,0,0,0,0,0,0,0,0,0,0,0,0,0,0,0,0
C:\Users\ehsra\Documents\GitHub\WMVxTOPNG\ModelsTree\World\EXPANSION01\DOODADS\SUNWELL\PASSIVEDOODADS\SUNWELL,60,0,0,0,0,30,0,0,0,0,12,0,0,18,0,0,0,0,0,0,0,0,0,0,0,0
C:\Users\ehsra\Documents\GitHub\WMVxTOPNG\ModelsTree\World\EXPANSION01\DOODADS\TEMPESTKEEP,0,2,0,0,0,0,0,0,0,0,0,0,0,0,0,0,0,0,0,0,0,0,0,0,0,0
C:\Users\ehsra\Documents\GitHub\WMVxTOPNG\ModelsTree\World\EXPANSION01\DOODADS\TEMPESTKEEP\ACTIVEDOODADS,0,9,0,0,0,0,0,0,0,0,0,0,0,0,0,0,0,0,0,0,0,0,0,0,0,0
C:\Users\ehsra\Documents\GitHub\WMVxTOPNG\ModelsTree\World\EXPANSION01\DOODADS\TEMPESTKEEP\ACTIVEDOODADS\ARCANE_BOSS_POD,8,0,0,0,0,6,0,0,0,0,1,0,0,1,0,0,0,0,0,0,0,0,0,0,0,0
C:\Users\ehsra\Documents\GitHub\WMVxTOPNG\ModelsTree\World\EXPANSION01\DOODADS\TEMPESTKEEP\ACTIVEDOODADS\Arcane_Doors,6,0,0,0,0,0,0,0,0,0,2,0,0,4,0,0,0,0,0,0,0,0,0,0,0,0
C:\Users\ehsra\Documents\GitHub\WMVxTOPNG\ModelsTree\World\EXPANSION01\DOODADS\TEMPESTKEEP\ACTIVEDOODADS\Arcane_Pod,2,0,0,0,0,0,0,0,0,0,1,0,0,1,0,0,0,0,0,0,0,0,0,0,0,0
C:\Users\ehsra\Documents\GitHub\WMVxTOPNG\ModelsTree\World\EXPANSION01\DOODADS\TEMPESTKEEP\ACTIVEDOODADS\CONTROL_CONSOLE,19,0,0,0,0,13,0,0,0,0,3,0,0,3,0,0,0,0,0,0,0,0,0,0,0,0
C:\Users\ehsra\Documents\GitHub\WMVxTOPNG\ModelsTree\World\EXPANSION01\DOODADS\TEMPESTKEEP\ACTIVEDOODADS\Crystals,2,0,0,0,0,0,0,0,0,0,1,0,0,1,0,0,0,0,0,0,0,0,0,0,0,0
C:\Users\ehsra\Documents\GitHub\WMVxTOPNG\ModelsTree\World\EXPANSION01\DOODADS\TEMPESTKEEP\ACTIVEDOODADS\Factory_Door,15,0,0,0,0,5,0,0,0,0,2,0,0,8,0,0,0,0,0,0,0,0,0,0,0,0
C:\Users\ehsra\Documents\GitHub\WMVxTOPNG\ModelsTree\World\EXPANSION01\DOODADS\TEMPESTKEEP\ACTIVEDOODADS\Kael_Statue,11,0,0,0,0,1,0,0,0,0,2,0,0,8,0,0,0,0,0,0,0,0,0,0,0,0
C:\Users\ehsra\Documents\GitHub\WMVxTOPNG\ModelsTree\World\EXPANSION01\DOODADS\TEMPESTKEEP\ACTIVEDOODADS\Raid_Door,3,0,0,0,0,0,0,0,0,0,1,0,0,2,0,0,0,0,0,0,0,0,0,0,0,0
C:\Users\ehsra\Documents\GitHub\WMVxTOPNG\ModelsTree\World\EXPANSION01\DOODADS\TEMPESTKEEP\ACTIVEDOODADS\Raid_Windows,7,0,0,0,0,2,0,0,0,0,1,0,0,4,0,0,0,0,0,0,0,0,0,0,0,0
C:\Users\ehsra\Documents\GitHub\WMVxTOPNG\ModelsTree\World\EXPANSION01\DOODADS\TEMPESTKEEP\PASSIVEDOODADS,0,7,0,0,0,0,0,0,0,0,0,0,0,0,0,0,0,0,0,0,0,0,0,0,0,0
C:\Users\ehsra\Documents\GitHub\WMVxTOPNG\ModelsTree\World\EXPANSION01\DOODADS\TEMPESTKEEP\PASSIVEDOODADS\Bridges,4,0,0,0,0,0,0,0,0,0,2,0,0,2,0,0,0,0,0,0,0,0,0,0,0,0
C:\Users\ehsra\Documents\GitHub\WMVxTOPNG\ModelsTree\World\EXPANSION01\DOODADS\TEMPESTKEEP\PASSIVEDOODADS\Container,6,0,0,0,0,2,0,0,0,0,2,0,0,2,0,0,0,0,0,0,0,0,0,0,0,0
C:\Users\ehsra\Documents\GitHub\WMVxTOPNG\ModelsTree\World\EXPANSION01\DOODADS\TEMPESTKEEP\PASSIVEDOODADS\Crystals,24,0,0,0,0,6,0,0,0,0,9,0,0,9,0,0,0,0,0,0,0,0,0,0,0,0
C:\Users\ehsra\Documents\GitHub\WMVxTOPNG\ModelsTree\World\EXPANSION01\DOODADS\TEMPESTKEEP\PASSIVEDOODADS\FORCEFIELDS,9,0,0,0,0,1,0,0,0,0,4,0,0,4,0,0,0,0,0,0,0,0,0,0,0,0
C:\Users\ehsra\Documents\GitHub\WMVxTOPNG\ModelsTree\World\EXPANSION01\DOODADS\TEMPESTKEEP\PASSIVEDOODADS\PRISONBRIDGES,12,0,0,0,0,6,0,0,0,0,3,0,0,3,0,0,0,0,0,0,0,0,0,0,0,0
C:\Users\ehsra\Documents\GitHub\WMVxTOPNG\ModelsTree\World\EXPANSION01\DOODADS\TEMPESTKEEP\PASSIVEDOODADS\PRISONCELLGLASS,12,0,0,0,0,6,0,0,0,0,3,0,0,3,0,0,0,0,0,0,0,0,0,0,0,0
C:\Users\ehsra\Documents\GitHub\WMVxTOPNG\ModelsTree\World\EXPANSION01\DOODADS\TEMPESTKEEP\PASSIVEDOODADS\PRISONFX,28,0,0,0,0,9,0,0,0,0,8,0,0,11,0,0,0,0,0,0,0,0,0,0,0,0
C:\Users\ehsra\Documents\GitHub\WMVxTOPNG\ModelsTree\World\EXPANSION01\DOODADS\TEROKKAR,0,13,0,0,0,0,0,0,0,0,0,0,0,0,0,0,0,0,0,0,0,0,0,0,0,0
C:\Users\ehsra\Documents\GitHub\WMVxTOPNG\ModelsTree\World\EXPANSION01\DOODADS\TEROKKAR\BOMB,11,0,0,0,0,7,0,0,0,0,2,0,0,2,0,0,0,0,0,0,0,0,0,0,0,0
C:\Users\ehsra\Documents\GitHub\WMVxTOPNG\ModelsTree\World\EXPANSION01\DOODADS\TEROKKAR\bonepile,6,0,0,0,0,2,0,0,0,0,2,0,0,2,0,0,0,0,0,0,0,0,0,0,0,0
C:\Users\ehsra\Documents\GitHub\WMVxTOPNG\ModelsTree\World\EXPANSION01\DOODADS\TEROKKAR\Bushes,6,0,0,0,0,2,0,0,0,0,2,0,0,2,0,0,0,0,0,0,0,0,0,0,0,0
C:\Users\ehsra\Documents\GitHub\WMVxTOPNG\ModelsTree\World\EXPANSION01\DOODADS\TEROKKAR\Crystal,10,0,0,0,0,4,0,0,0,0,3,0,0,3,0,0,0,0,0,0,0,0,0,0,0,0
C:\Users\ehsra\Documents\GitHub\WMVxTOPNG\ModelsTree\World\EXPANSION01\DOODADS\TEROKKAR\LIGHTRAY,5,0,0,0,0,1,0,0,0,0,2,0,0,2,0,0,0,0,0,0,0,0,0,0,0,0
C:\Users\ehsra\Documents\GitHub\WMVxTOPNG\ModelsTree\World\EXPANSION01\DOODADS\TEROKKAR\PineCone,5,0,0,0,0,3,0,0,0,0,1,0,0,1,0,0,0,0,0,0,0,0,0,0,0,0
C:\Users\ehsra\Documents\GitHub\WMVxTOPNG\ModelsTree\World\EXPANSION01\DOODADS\TEROKKAR\Rocks,15,0,0,0,0,1,0,0,0,0,7,0,0,7,0,0,0,0,0,0,0,0,0,0,0,0
C:\Users\ehsra\Documents\GitHub\WMVxTOPNG\ModelsTree\World\EXPANSION01\DOODADS\TEROKKAR\Ruin,21,0,0,0,0,1,0,0,0,0,10,0,0,10,0,0,0,0,0,0,0,0,0,0,0,0
C:\Users\ehsra\Documents\GitHub\WMVxTOPNG\ModelsTree\World\EXPANSION01\DOODADS\TEROKKAR\SHRINE,6,0,0,0,0,2,0,0,0,0,2,0,0,2,0,0,0,0,0,0,0,0,0,0,0,0
C:\Users\ehsra\Documents\GitHub\WMVxTOPNG\ModelsTree\World\EXPANSION01\DOODADS\TEROKKAR\Signposts,5,0,0,0,0,1,0,0,0,0,2,0,0,2,0,0,0,0,0,0,0,0,0,0,0,0
C:\Users\ehsra\Documents\GitHub\WMVxTOPNG\ModelsTree\World\EXPANSION01\DOODADS\TEROKKAR\TREES,30,0,0,0,0,8,0,0,0,0,11,0,0,11,0,0,0,0,0,0,0,0,0,0,0,0
C:\Users\ehsra\Documents\GitHub\WMVxTOPNG\ModelsTree\World\EXPANSION01\DOODADS\TEROKKAR\Walls,12,0,0,0,0,4,0,0,0,0,4,0,0,4,0,0,0,0,0,0,0,0,0,0,0,0
C:\Users\ehsra\Documents\GitHub\WMVxTOPNG\ModelsTree\World\EXPANSION01\DOODADS\TEROKKAR\Webs,9,0,0,0,0,1,0,0,0,0,4,0,0,4,0,0,0,0,0,0,0,0,0,0,0,0
C:\Users\ehsra\Documents\GitHub\WMVxTOPNG\ModelsTree\World\EXPANSION01\DOODADS\THEEXODAR,0,1,0,0,0,0,0,0,0,0,0,0,0,0,0,0,0,0,0,0,0,0,0,0,0,0
C:\Users\ehsra\Documents\GitHub\WMVxTOPNG\ModelsTree\World\EXPANSION01\DOODADS\THEEXODAR\PASSIVEDOODADS,0,9,0,0,0,0,0,0,0,0,0,0,0,0,0,0,0,0,0,0,0,0,0,0,0,0
C:\Users\ehsra\Documents\GitHub\WMVxTOPNG\ModelsTree\World\EXPANSION01\DOODADS\THEEXODAR\PASSIVEDOODADS\CLOTHOBJECTS,55,0,0,0,0,7,0,0,0,0,24,0,0,24,0,0,0,0,0,0,0,0,0,0,0,0
C:\Users\ehsra\Documents\GitHub\WMVxTOPNG\ModelsTree\World\EXPANSION01\DOODADS\THEEXODAR\PASSIVEDOODADS\Crystal,7,0,0,0,0,1,0,0,0,0,3,0,0,3,0,0,0,0,0,0,0,0,0,0,0,0
C:\Users\ehsra\Documents\GitHub\WMVxTOPNG\ModelsTree\World\EXPANSION01\DOODADS\THEEXODAR\PASSIVEDOODADS\CRYSTALS,23,0,0,0,0,7,0,0,0,0,8,0,0,8,0,0,0,0,0,0,0,0,0,0,0,0
C:\Users\ehsra\Documents\GitHub\WMVxTOPNG\ModelsTree\World\EXPANSION01\DOODADS\THEEXODAR\PASSIVEDOODADS\Light_Sconces,16,0,0,0,0,10,0,0,0,0,3,0,0,3,0,0,0,0,0,0,0,0,0,0,0,0
C:\Users\ehsra\Documents\GitHub\WMVxTOPNG\ModelsTree\World\EXPANSION01\DOODADS\THEEXODAR\PASSIVEDOODADS\Naaru_core,10,0,0,0,0,8,0,0,0,0,1,0,0,1,0,0,0,0,0,0,0,0,0,0,0,0
C:\Users\ehsra\Documents\GitHub\WMVxTOPNG\ModelsTree\World\EXPANSION01\DOODADS\THEEXODAR\PASSIVEDOODADS\Paladin_energy_FX,7,0,0,0,0,5,0,0,0,0,1,0,0,1,0,0,0,0,0,0,0,0,0,0,0,0
C:\Users\ehsra\Documents\GitHub\WMVxTOPNG\ModelsTree\World\EXPANSION01\DOODADS\THEEXODAR\PASSIVEDOODADS\Shamen_Stones,16,0,0,0,0,4,0,0,0,0,6,0,0,6,0,0,0,0,0,0,0,0,0,0,0,0
C:\Users\ehsra\Documents\GitHub\WMVxTOPNG\ModelsTree\World\EXPANSION01\DOODADS\THEEXODAR\PASSIVEDOODADS\Signs,25,0,0,0,0,13,0,0,0,0,6,0,0,6,0,0,0,0,0,0,0,0,0,0,0,0
C:\Users\ehsra\Documents\GitHub\WMVxTOPNG\ModelsTree\World\EXPANSION01\DOODADS\THEEXODAR\PASSIVEDOODADS\SKY_PORTAL,15,0,0,0,0,13,0,0,0,0,1,0,0,1,0,0,0,0,0,0,0,0,0,0,0,0
C:\Users\ehsra\Documents\GitHub\WMVxTOPNG\ModelsTree\World\EXPANSION01\DOODADS\ZANGAR,0,17,0,0,0,0,0,0,0,0,0,0,0,0,0,0,0,0,0,0,0,0,0,0,0,0
C:\Users\ehsra\Documents\GitHub\WMVxTOPNG\ModelsTree\World\EXPANSION01\DOODADS\ZANGAR\Bush,6,0,0,0,0,2,0,0,0,0,2,0,0,2,0,0,0,0,0,0,0,0,0,0,0,0
C:\Users\ehsra\Documents\GitHub\WMVxTOPNG\ModelsTree\World\EXPANSION01\DOODADS\ZANGAR\FLOATINGSPORE,27,0,0,0,0,8,0,0,0,0,8,0,0,11,0,0,0,0,0,0,0,0,0,0,0,0
C:\Users\ehsra\Documents\GitHub\WMVxTOPNG\ModelsTree\World\EXPANSION01\DOODADS\ZANGAR\Fog,3,0,0,0,0,1,0,0,0,0,1,0,0,1,0,0,0,0,0,0,0,0,0,0,0,0
C:\Users\ehsra\Documents\GitHub\WMVxTOPNG\ModelsTree\World\EXPANSION01\DOODADS\ZANGAR\FOUNTAIN,12,0,0,0,0,10,0,0,0,0,1,0,0,1,0,0,0,0,0,0,0,0,0,0,0,0
C:\Users\ehsra\Documents\GitHub\WMVxTOPNG\ModelsTree\World\EXPANSION01\DOODADS\ZANGAR\LAMP,5,0,0,0,0,3,0,0,0,0,1,0,0,1,0,0,0,0,0,0,0,0,0,0,0,0
C:\Users\ehsra\Documents\GitHub\WMVxTOPNG\ModelsTree\World\EXPANSION01\DOODADS\ZANGAR\LILYPADS,16,0,0,0,0,4,0,0,0,0,6,0,0,6,0,0,0,0,0,0,0,0,0,0,0,0
C:\Users\ehsra\Documents\GitHub\WMVxTOPNG\ModelsTree\World\EXPANSION01\DOODADS\ZANGAR\Logs,6,0,0,0,0,2,0,0,0,0,2,0,0,2,0,0,0,0,0,0,0,0,0,0,0,0
C:\Users\ehsra\Documents\GitHub\WMVxTOPNG\ModelsTree\World\EXPANSION01\DOODADS\ZANGAR\LostOnes,4,0,0,0,0,2,0,0,0,0,1,0,0,1,0,0,0,0,0,0,0,0,0,0,0,0
C:\Users\ehsra\Documents\GitHub\WMVxTOPNG\ModelsTree\World\EXPANSION01\DOODADS\ZANGAR\MUSHROOM,94,0,0,0,0,22,0,0,0,0,36,0,0,36,0,0,0,0,0,0,0,0,0,0,0,0
C:\Users\ehsra\Documents\GitHub\WMVxTOPNG\ModelsTree\World\EXPANSION01\DOODADS\ZANGAR\Mushroombase,7,0,0,0,0,1,0,0,0,0,3,0,0,3,0,0,0,0,0,0,0,0,0,0,0,0
C:\Users\ehsra\Documents\GitHub\WMVxTOPNG\ModelsTree\World\EXPANSION01\DOODADS\ZANGAR\MushroomTrees,58,0,0,0,0,12,0,0,0,0,23,0,0,23,0,0,0,0,0,0,0,0,0,0,0,0
C:\Users\ehsra\Documents\GitHub\WMVxTOPNG\ModelsTree\World\EXPANSION01\DOODADS\ZANGAR\PlantGroups,10,0,0,0,0,0,0,0,0,0,5,0,0,5,0,0,0,0,0,0,0,0,0,0,0,0
C:\Users\ehsra\Documents\GitHub\WMVxTOPNG\ModelsTree\World\EXPANSION01\DOODADS\ZANGAR\Pollen,5,0,0,0,0,1,0,0,0,0,2,0,0,2,0,0,0,0,0,0,0,0,0,0,0,0
C:\Users\ehsra\Documents\GitHub\WMVxTOPNG\ModelsTree\World\EXPANSION01\DOODADS\ZANGAR\Road,23,0,0,0,0,1,0,0,0,0,11,0,0,11,0,0,0,0,0,0,0,0,0,0,0,0
C:\Users\ehsra\Documents\GitHub\WMVxTOPNG\ModelsTree\World\EXPANSION01\DOODADS\ZANGAR\Rocks,18,0,0,0,0,2,0,0,0,0,8,0,0,8,0,0,0,0,0,0,0,0,0,0,0,0
C:\Users\ehsra\Documents\GitHub\WMVxTOPNG\ModelsTree\World\EXPANSION01\DOODADS\ZANGAR\Signposts,4,0,0,0,0,0,0,0,0,0,2,0,0,2,0,0,0,0,0,0,0,0,0,0,0,0
C:\Users\ehsra\Documents\GitHub\WMVxTOPNG\ModelsTree\World\EXPANSION01\DOODADS\ZANGAR\Stump,9,0,0,0,0,3,0,0,0,0,3,0,0,3,0,0,0,0,0,0,0,0,0,0,0,0
C:\Users\ehsra\Documents\GitHub\WMVxTOPNG\ModelsTree\World\EXPANSION01\DOODADS\ZULAMAN,0,12,0,0,0,0,0,0,0,0,0,0,0,0,0,0,0,0,0,0,0,0,0,0,0,0
C:\Users\ehsra\Documents\GitHub\WMVxTOPNG\ModelsTree\World\EXPANSION01\DOODADS\ZULAMAN\DOORS,21,0,0,0,0,11,0,0,0,0,5,0,0,5,0,0,0,0,0,0,0,0,0,0,0,0
C:\Users\ehsra\Documents\GitHub\WMVxTOPNG\ModelsTree\World\EXPANSION01\DOODADS\ZULAMAN\FOUNTAIN,4,0,0,0,0,2,0,0,0,0,1,0,0,1,0,0,0,0,0,0,0,0,0,0,0,0
C:\Users\ehsra\Documents\GitHub\WMVxTOPNG\ModelsTree\World\EXPANSION01\DOODADS\ZULAMAN\Gargoyle,3,0,0,0,0,1,0,0,0,0,1,0,0,1,0,0,0,0,0,0,0,0,0,0,0,0
C:\Users\ehsra\Documents\GitHub\WMVxTOPNG\ModelsTree\World\EXPANSION01\DOODADS\ZULAMAN\GONG,3,0,0,0,0,1,0,0,0,0,1,0,0,1,0,0,0,0,0,0,0,0,0,0,0,0
C:\Users\ehsra\Documents\GitHub\WMVxTOPNG\ModelsTree\World\EXPANSION01\DOODADS\ZULAMAN\RUINS,46,0,0,0,0,8,0,0,0,0,19,0,0,19,0,0,0,0,0,0,0,0,0,0,0,0
C:\Users\ehsra\Documents\GitHub\WMVxTOPNG\ModelsTree\World\EXPANSION01\DOODADS\ZULAMAN\Statues,3,0,0,0,0,1,0,0,0,0,1,0,0,1,0,0,0,0,0,0,0,0,0,0,0,0
C:\Users\ehsra\Documents\GitHub\WMVxTOPNG\ModelsTree\World\EXPANSION01\DOODADS\ZULAMAN\TABLET,3,0,0,0,0,1,0,0,0,0,1,0,0,1,0,0,0,0,0,0,0,0,0,0,0,0
C:\Users\ehsra\Documents\GitHub\WMVxTOPNG\ModelsTree\World\EXPANSION01\DOODADS\ZULAMAN\Throne,2,0,0,0,0,0,0,0,0,0,1,0,0,1,0,0,0,0,0,0,0,0,0,0,0,0
C:\Users\ehsra\Documents\GitHub\WMVxTOPNG\ModelsTree\World\EXPANSION01\DOODADS\ZULAMAN\Tiki,3,0,0,0,0,1,0,0,0,0,1,0,0,1,0,0,0,0,0,0,0,0,0,0,0,0
C:\Users\ehsra\Documents\GitHub\WMVxTOPNG\ModelsTree\World\EXPANSION01\DOODADS\ZULAMAN\Trees,13,0,0,0,0,7,0,0,0,0,3,0,0,3,0,0,0,0,0,0,0,0,0,0,0,0
C:\Users\ehsra\Documents\GitHub\WMVxTOPNG\ModelsTree\World\EXPANSION01\DOODADS\ZULAMAN\Wall,3,0,0,0,0,1,0,0,0,0,1,0,0,1,0,0,0,0,0,0,0,0,0,0,0,0
C:\Users\ehsra\Documents\GitHub\WMVxTOPNG\ModelsTree\World\EXPANSION01\DOODADS\ZULAMAN\WATERFALLS,5,0,0,0,0,3,0,0,0,0,1,0,0,1,0,0,0,0,0,0,0,0,0,0,0,0
C:\Users\ehsra\Documents\GitHub\WMVxTOPNG\ModelsTree\World\Expansion02,0,1,0,0,0,0,0,0,0,0,0,0,0,0,0,0,0,0,0,0,0,0,0,0,0,0
C:\Users\ehsra\Documents\GitHub\WMVxTOPNG\ModelsTree\World\Expansion02\Doodads,0,31,0,0,0,0,0,0,0,0,0,0,0,0,0,0,0,0,0,0,0,0,0,0,0,0
C:\Users\ehsra\Documents\GitHub\WMVxTOPNG\ModelsTree\World\Expansion02\Doodads\Azjol-Nerub,268,13,0,0,0,36,0,0,0,0,114,0,0,118,0,0,0,0,0,0,0,0,0,0,0,0
C:\Users\ehsra\Documents\GitHub\WMVxTOPNG\ModelsTree\World\Expansion02\Doodads\Azjol-Nerub\Arches,28,0,0,0,0,2,0,0,0,0,13,0,0,13,0,0,0,0,0,0,0,0,0,0,0,0
C:\Users\ehsra\Documents\GitHub\WMVxTOPNG\ModelsTree\World\Expansion02\Doodads\Azjol-Nerub\Bridges,10,0,0,0,0,0,0,0,0,0,5,0,0,5,0,0,0,0,0,0,0,0,0,0,0,0
C:\Users\ehsra\Documents\GitHub\WMVxTOPNG\ModelsTree\World\Expansion02\Doodads\Azjol-Nerub\Buildings,29,0,0,0,0,3,0,0,0,0,13,0,0,13,0,0,0,0,0,0,0,0,0,0,0,0
C:\Users\ehsra\Documents\GitHub\WMVxTOPNG\ModelsTree\World\Expansion02\Doodads\Azjol-Nerub\Columns,18,0,0,0,0,0,0,0,0,0,9,0,0,9,0,0,0,0,0,0,0,0,0,0,0,0
C:\Users\ehsra\Documents\GitHub\WMVxTOPNG\ModelsTree\World\Expansion02\Doodads\Azjol-Nerub\Eggs,14,0,0,0,0,4,0,0,0,0,4,0,0,6,0,0,0,0,0,0,0,0,0,0,0,0
C:\Users\ehsra\Documents\GitHub\WMVxTOPNG\ModelsTree\World\Expansion02\Doodads\Azjol-Nerub\OmniLights,2,0,0,0,0,0,0,0,0,0,1,0,0,1,0,0,0,0,0,0,0,0,0,0,0,0
C:\Users\ehsra\Documents\GitHub\WMVxTOPNG\ModelsTree\World\Expansion02\Doodads\Azjol-Nerub\RockColumns,10,0,0,0,0,0,0,0,0,0,5,0,0,5,0,0,0,0,0,0,0,0,0,0,0,0
C:\Users\ehsra\Documents\GitHub\WMVxTOPNG\ModelsTree\World\Expansion02\Doodads\Azjol-Nerub\Roof,6,0,0,0,0,0,0,0,0,0,3,0,0,3,0,0,0,0,0,0,0,0,0,0,0,0
C:\Users\ehsra\Documents\GitHub\WMVxTOPNG\ModelsTree\World\Expansion02\Doodads\Azjol-Nerub\Saronite,14,0,0,0,0,2,0,0,0,0,6,0,0,6,0,0,0,0,0,0,0,0,0,0,0,0
C:\Users\ehsra\Documents\GitHub\WMVxTOPNG\ModelsTree\World\Expansion02\Doodads\Azjol-Nerub\Shrubs,58,0,0,0,0,12,0,0,0,0,18,0,0,28,0,0,0,0,0,0,0,0,0,0,0,0
C:\Users\ehsra\Documents\GitHub\WMVxTOPNG\ModelsTree\World\Expansion02\Doodads\Azjol-Nerub\Stairs,8,0,0,0,0,0,0,0,0,0,4,0,0,4,0,0,0,0,0,0,0,0,0,0,0,0
C:\Users\ehsra\Documents\GitHub\WMVxTOPNG\ModelsTree\World\Expansion02\Doodads\Azjol-Nerub\Walls,18,0,0,0,0,0,0,0,0,0,9,0,0,9,0,0,0,0,0,0,0,0,0,0,0,0
C:\Users\ehsra\Documents\GitHub\WMVxTOPNG\ModelsTree\World\Expansion02\Doodads\Azjol-Nerub\WaterFalls,2,0,0,0,0,0,0,0,0,0,1,0,0,1,0,0,0,0,0,0,0,0,0,0,0,0
C:\Users\ehsra\Documents\GitHub\WMVxTOPNG\ModelsTree\World\Expansion02\Doodads\BoreanTundra,0,16,0,0,0,0,0,0,0,0,0,0,0,0,0,0,0,0,0,0,0,0,0,0,0,0
C:\Users\ehsra\Documents\GitHub\WMVxTOPNG\ModelsTree\World\Expansion02\Doodads\BoreanTundra\Airport,7,0,0,0,0,1,0,0,0,0,3,0,0,3,0,0,0,0,0,0,0,0,0,0,0,0
C:\Users\ehsra\Documents\GitHub\WMVxTOPNG\ModelsTree\World\Expansion02\Doodads\BoreanTundra\AllianceStatue,8,0,0,0,0,6,0,0,0,0,1,0,0,1,0,0,0,0,0,0,0,0,0,0,0,0
C:\Users\ehsra\Documents\GitHub\WMVxTOPNG\ModelsTree\World\Expansion02\Doodads\BoreanTundra\Barnacles,12,0,0,0,0,0,0,0,0,0,6,0,0,6,0,0,0,0,0,0,0,0,0,0,0,0
C:\Users\ehsra\Documents\GitHub\WMVxTOPNG\ModelsTree\World\Expansion02\Doodads\BoreanTundra\Beach,15,0,0,0,0,3,0,0,0,0,6,0,0,6,0,0,0,0,0,0,0,0,0,0,0,0
C:\Users\ehsra\Documents\GitHub\WMVxTOPNG\ModelsTree\World\Expansion02\Doodads\BoreanTundra\BridgePillar,2,0,0,0,0,0,0,0,0,0,1,0,0,1,0,0,0,0,0,0,0,0,0,0,0,0
C:\Users\ehsra\Documents\GitHub\WMVxTOPNG\ModelsTree\World\Expansion02\Doodads\BoreanTundra\Bushes,38,0,0,0,0,12,0,0,0,0,11,0,0,15,0,0,0,0,0,0,0,0,0,0,0,0
C:\Users\ehsra\Documents\GitHub\WMVxTOPNG\ModelsTree\World\Expansion02\Doodads\BoreanTundra\Crystals,3,0,0,0,0,1,0,0,0,0,1,0,0,1,0,0,0,0,0,0,0,0,0,0,0,0
C:\Users\ehsra\Documents\GitHub\WMVxTOPNG\ModelsTree\World\Expansion02\Doodads\BoreanTundra\Geysers,23,0,0,0,0,7,0,0,0,0,8,0,0,8,0,0,0,0,0,0,0,0,0,0,0,0
C:\Users\ehsra\Documents\GitHub\WMVxTOPNG\ModelsTree\World\Expansion02\Doodads\BoreanTundra\GnomeTower,2,0,0,0,0,0,0,0,0,0,1,0,0,1,0,0,0,0,0,0,0,0,0,0,0,0
C:\Users\ehsra\Documents\GitHub\WMVxTOPNG\ModelsTree\World\Expansion02\Doodads\BoreanTundra\MagnataurItems,74,0,0,0,0,10,0,0,0,0,32,0,0,32,0,0,0,0,0,0,0,0,0,0,0,0
C:\Users\ehsra\Documents\GitHub\WMVxTOPNG\ModelsTree\World\Expansion02\Doodads\BoreanTundra\Rocks,43,0,0,0,0,7,0,0,0,0,18,0,0,18,0,0,0,0,0,0,0,0,0,0,0,0
C:\Users\ehsra\Documents\GitHub\WMVxTOPNG\ModelsTree\World\Expansion02\Doodads\BoreanTundra\Ropes,3,0,0,0,0,1,0,0,0,0,1,0,0,1,0,0,0,0,0,0,0,0,0,0,0,0
C:\Users\ehsra\Documents\GitHub\WMVxTOPNG\ModelsTree\World\Expansion02\Doodads\BoreanTundra\ScourgeWalls,2,0,0,0,0,0,0,0,0,0,1,0,0,1,0,0,0,0,0,0,0,0,0,0,0,0
C:\Users\ehsra\Documents\GitHub\WMVxTOPNG\ModelsTree\World\Expansion02\Doodads\BoreanTundra\SnowPiles,9,0,0,0,0,1,0,0,0,0,4,0,0,4,0,0,0,0,0,0,0,0,0,0,0,0
C:\Users\ehsra\Documents\GitHub\WMVxTOPNG\ModelsTree\World\Expansion02\Doodads\BoreanTundra\StoneFlags,18,0,0,0,0,3,0,0,0,0,5,0,0,10,0,0,0,0,0,0,0,0,0,0,0,0
C:\Users\ehsra\Documents\GitHub\WMVxTOPNG\ModelsTree\World\Expansion02\Doodads\BoreanTundra\StoneHeads,7,0,0,0,0,1,0,0,0,0,3,0,0,3,0,0,0,0,0,0,0,0,0,0,0,0
C:\Users\ehsra\Documents\GitHub\WMVxTOPNG\ModelsTree\World\Expansion02\Doodads\Chamber_Aspects_Black,0,1,0,0,0,0,0,0,0,0,0,0,0,0,0,0,0,0,0,0,0,0,0,0,0,0
C:\Users\ehsra\Documents\GitHub\WMVxTOPNG\ModelsTree\World\Expansion02\Doodads\Chamber_Aspects_Black\Aspects_LavaFalls,16,0,0,0,0,2,0,0,0,0,7,0,0,7,0,0,0,0,0,0,0,0,0,0,0,0
C:\Users\ehsra\Documents\GitHub\WMVxTOPNG\ModelsTree\World\Expansion02\Doodads\Coldarra,5,3,0,0,0,3,0,0,0,0,1,0,0,1,0,0,0,0,0,0,0,0,0,0,0,0
C:\Users\ehsra\Documents\GitHub\WMVxTOPNG\ModelsTree\World\Expansion02\Doodads\Coldarra\Bushes,5,0,0,0,0,1,0,0,0,0,2,0,0,2,0,0,0,0,0,0,0,0,0,0,0,0
C:\Users\ehsra\Documents\GitHub\WMVxTOPNG\ModelsTree\World\Expansion02\Doodads\Coldarra\CamouflageBubble,4,0,0,0,0,2,0,0,0,0,1,0,0,1,0,0,0,0,0,0,0,0,0,0,0,0
C:\Users\ehsra\Documents\GitHub\WMVxTOPNG\ModelsTree\World\Expansion02\Doodads\Coldarra\Trees,5,0,0,0,0,3,0,0,0,0,1,0,0,1,0,0,0,0,0,0,0,0,0,0,0,0
C:\Users\ehsra\Documents\GitHub\WMVxTOPNG\ModelsTree\World\Expansion02\Doodads\CrystalsongForest,0,5,0,0,0,0,0,0,0,0,0,0,0,0,0,0,0,0,0,0,0,0,0,0,0,0
C:\Users\ehsra\Documents\GitHub\WMVxTOPNG\ModelsTree\World\Expansion02\Doodads\CrystalsongForest\Bubble,3,0,0,0,0,1,0,0,0,0,1,0,0,1,0,0,0,0,0,0,0,0,0,0,0,0
C:\Users\ehsra\Documents\GitHub\WMVxTOPNG\ModelsTree\World\Expansion02\Doodads\CrystalsongForest\Rocks,29,0,0,0,0,3,0,0,0,0,13,0,0,13,0,0,0,0,0,0,0,0,0,0,0,0
C:\Users\ehsra\Documents\GitHub\WMVxTOPNG\ModelsTree\World\Expansion02\Doodads\CrystalsongForest\Ruins,4,0,0,0,0,0,0,0,0,0,2,0,0,2,0,0,0,0,0,0,0,0,0,0,0,0
C:\Users\ehsra\Documents\GitHub\WMVxTOPNG\ModelsTree\World\Expansion02\Doodads\CrystalsongForest\Sparkles,9,0,0,0,0,1,0,0,0,0,4,0,0,4,0,0,0,0,0,0,0,0,0,0,0,0
C:\Users\ehsra\Documents\GitHub\WMVxTOPNG\ModelsTree\World\Expansion02\Doodads\CrystalsongForest\Trees,88,0,0,0,0,48,0,0,0,0,19,0,0,21,0,0,0,0,0,0,0,0,0,0,0,0
C:\Users\ehsra\Documents\GitHub\WMVxTOPNG\ModelsTree\World\Expansion02\Doodads\DAGGERCAP,0,1,0,0,0,0,0,0,0,0,0,0,0,0,0,0,0,0,0,0,0,0,0,0,0,0
C:\Users\ehsra\Documents\GitHub\WMVxTOPNG\ModelsTree\World\Expansion02\Doodads\DAGGERCAP\BURNINGSHIP,47,0,0,0,0,28,0,0,0,0,8,0,0,11,0,0,0,0,0,0,0,0,0,0,0,0
C:\Users\ehsra\Documents\GitHub\WMVxTOPNG\ModelsTree\World\Expansion02\Doodads\Dalaran,551,3,0,0,0,158,0,0,0,0,195,0,0,198,0,0,0,0,0,0,0,0,0,0,0,0
C:\Users\ehsra\Documents\GitHub\WMVxTOPNG\ModelsTree\World\Expansion02\Doodads\Dalaran\Sewer,48,0,0,0,0,16,0,0,0,0,16,0,0,16,0,0,0,0,0,0,0,0,0,0,0,0
C:\Users\ehsra\Documents\GitHub\WMVxTOPNG\ModelsTree\World\Expansion02\Doodads\Dalaran\Statue,5,0,0,0,0,3,0,0,0,0,1,0,0,1,0,0,0,0,0,0,0,0,0,0,0,0
C:\Users\ehsra\Documents\GitHub\WMVxTOPNG\ModelsTree\World\Expansion02\Doodads\Dalaran\Tree,14,0,0,0,0,6,0,0,0,0,4,0,0,4,0,0,0,0,0,0,0,0,0,0,0,0
C:\Users\ehsra\Documents\GitHub\WMVxTOPNG\ModelsTree\World\Expansion02\Doodads\DragonBlight,465,4,0,0,0,65,0,0,0,0,191,0,0,209,0,0,0,0,0,0,0,0,0,0,0,0
C:\Users\ehsra\Documents\GitHub\WMVxTOPNG\ModelsTree\World\Expansion02\Doodads\DragonBlight\HugeProtoDragonSkull,4,0,0,0,0,2,0,0,0,0,1,0,0,1,0,0,0,0,0,0,0,0,0,0,0,0
C:\Users\ehsra\Documents\GitHub\WMVxTOPNG\ModelsTree\World\Expansion02\Doodads\DragonBlight\NerubianSpiderwebs,2,0,0,0,0,0,0,0,0,0,1,0,0,1,0,0,0,0,0,0,0,0,0,0,0,0
C:\Users\ehsra\Documents\GitHub\WMVxTOPNG\ModelsTree\World\Expansion02\Doodads\DragonBlight\WaterFalls,14,0,0,0,0,0,0,0,0,0,7,0,0,7,0,0,0,0,0,0,0,0,0,0,0,0
C:\Users\ehsra\Documents\GitHub\WMVxTOPNG\ModelsTree\World\Expansion02\Doodads\DragonBlight\WeatherFX,4,0,0,0,0,2,0,0,0,0,1,0,0,1,0,0,0,0,0,0,0,0,0,0,0,0
C:\Users\ehsra\Documents\GitHub\WMVxTOPNG\ModelsTree\World\Expansion02\Doodads\DrakTheron,0,2,0,0,0,0,0,0,0,0,0,0,0,0,0,0,0,0,0,0,0,0,0,0,0,0
C:\Users\ehsra\Documents\GitHub\WMVxTOPNG\ModelsTree\World\Expansion02\Doodads\DrakTheron\Doors,4,0,0,0,0,2,0,0,0,0,1,0,0,1,0,0,0,0,0,0,0,0,0,0,0,0
C:\Users\ehsra\Documents\GitHub\WMVxTOPNG\ModelsTree\World\Expansion02\Doodads\DrakTheron\Trapdoors,2,0,0,0,0,0,0,0,0,0,1,0,0,1,0,0,0,0,0,0,0,0,0,0,0,0
C:\Users\ehsra\Documents\GitHub\WMVxTOPNG\ModelsTree\World\Expansion02\Doodads\Furbolgs,77,0,0,0,0,13,0,0,0,0,32,0,0,32,0,0,0,0,0,0,0,0,0,0,0,0
C:\Users\ehsra\Documents\GitHub\WMVxTOPNG\ModelsTree\World\Expansion02\Doodads\Generic,55,37,0,0,0,9,0,0,0,0,23,0,0,23,0,0,0,0,0,0,0,0,0,0,0,0
C:\Users\ehsra\Documents\GitHub\WMVxTOPNG\ModelsTree\World\Expansion02\Doodads\Generic\AncientNightElf,9,0,0,0,0,3,0,0,0,0,3,0,0,3,0,0,0,0,0,0,0,0,0,0,0,0
C:\Users\ehsra\Documents\GitHub\WMVxTOPNG\ModelsTree\World\Expansion02\Doodads\Generic\ArgentCrusade,80,2,0,0,0,13,0,0,0,0,31,0,0,36,0,0,0,0,0,0,0,0,0,0,0,0
C:\Users\ehsra\Documents\GitHub\WMVxTOPNG\ModelsTree\World\Expansion02\Doodads\Generic\ArgentCrusade\Banners,55,0,0,0,0,11,0,0,0,0,22,0,0,22,0,0,0,0,0,0,0,0,0,0,0,0
C:\Users\ehsra\Documents\GitHub\WMVxTOPNG\ModelsTree\World\Expansion02\Doodads\Generic\ArgentCrusade\Pennants,108,0,0,0,0,12,0,0,0,0,48,0,0,48,0,0,0,0,0,0,0,0,0,0,0,0
C:\Users\ehsra\Documents\GitHub\WMVxTOPNG\ModelsTree\World\Expansion02\Doodads\Generic\BarberShop,33,0,0,0,0,5,0,0,0,0,14,0,0,14,0,0,0,0,0,0,0,0,0,0,0,0
C:\Users\ehsra\Documents\GitHub\WMVxTOPNG\ModelsTree\World\Expansion02\Doodads\Generic\Bonfire,5,0,0,0,0,1,0,0,0,0,2,0,0,2,0,0,0,0,0,0,0,0,0,0,0,0
C:\Users\ehsra\Documents\GitHub\WMVxTOPNG\ModelsTree\World\Expansion02\Doodads\Generic\catwolftracks,18,0,0,0,0,6,0,0,0,0,6,0,0,6,0,0,0,0,0,0,0,0,0,0,0,0
C:\Users\ehsra\Documents\GitHub\WMVxTOPNG\ModelsTree\World\Expansion02\Doodads\Generic\Destructible,0,1,0,0,0,0,0,0,0,0,0,0,0,0,0,0,0,0,0,0,0,0,0,0,0,0
C:\Users\ehsra\Documents\GitHub\WMVxTOPNG\ModelsTree\World\Expansion02\Doodads\Generic\Destructible\GuardTower,70,0,0,0,0,3,0,0,0,0,33,0,0,34,0,0,0,0,0,0,0,0,0,0,0,0
C:\Users\ehsra\Documents\GitHub\WMVxTOPNG\ModelsTree\World\Expansion02\Doodads\Generic\EbonBlade,7,0,0,0,0,1,0,0,0,0,3,0,0,3,0,0,0,0,0,0,0,0,0,0,0,0
C:\Users\ehsra\Documents\GitHub\WMVxTOPNG\ModelsTree\World\Expansion02\Doodads\Generic\FirstAid,2,0,0,0,0,0,0,0,0,0,1,0,0,1,0,0,0,0,0,0,0,0,0,0,0,0
C:\Users\ehsra\Documents\GitHub\WMVxTOPNG\ModelsTree\World\Expansion02\Doodads\Generic\Forsaken,115,0,0,0,0,19,0,0,0,0,45,0,0,51,0,0,0,0,0,0,0,0,0,0,0,0
C:\Users\ehsra\Documents\GitHub\WMVxTOPNG\ModelsTree\World\Expansion02\Doodads\Generic\FrostGiant,25,0,0,0,0,3,0,0,0,0,11,0,0,11,0,0,0,0,0,0,0,0,0,0,0,0
C:\Users\ehsra\Documents\GitHub\WMVxTOPNG\ModelsTree\World\Expansion02\Doodads\Generic\Gnome,21,0,0,0,0,3,0,0,0,0,9,0,0,9,0,0,0,0,0,0,0,0,0,0,0,0
C:\Users\ehsra\Documents\GitHub\WMVxTOPNG\ModelsTree\World\Expansion02\Doodads\Generic\Goblin,3,2,0,0,0,1,0,0,0,0,1,0,0,1,0,0,0,0,0,0,0,0,0,0,0,0
C:\Users\ehsra\Documents\GitHub\WMVxTOPNG\ModelsTree\World\Expansion02\Doodads\Generic\Goblin\Bench,3,0,0,0,0,1,0,0,0,0,1,0,0,1,0,0,0,0,0,0,0,0,0,0,0,0
C:\Users\ehsra\Documents\GitHub\WMVxTOPNG\ModelsTree\World\Expansion02\Doodads\Generic\Goblin\RadioTower,2,0,0,0,0,0,0,0,0,0,1,0,0,1,0,0,0,0,0,0,0,0,0,0,0,0
C:\Users\ehsra\Documents\GitHub\WMVxTOPNG\ModelsTree\World\Expansion02\Doodads\Generic\HangingMeat,2,0,0,0,0,0,0,0,0,0,1,0,0,1,0,0,0,0,0,0,0,0,0,0,0,0
C:\Users\ehsra\Documents\GitHub\WMVxTOPNG\ModelsTree\World\Expansion02\Doodads\Generic\HighElf,17,0,0,0,0,5,0,0,0,0,6,0,0,6,0,0,0,0,0,0,0,0,0,0,0,0
C:\Users\ehsra\Documents\GitHub\WMVxTOPNG\ModelsTree\World\Expansion02\Doodads\Generic\Human,79,12,0,0,0,13,0,0,0,0,30,0,0,36,0,0,0,0,0,0,0,0,0,0,0,0
C:\Users\ehsra\Documents\GitHub\WMVxTOPNG\ModelsTree\World\Expansion02\Doodads\Generic\Human\barriers,5,0,0,0,0,1,0,0,0,0,2,0,0,2,0,0,0,0,0,0,0,0,0,0,0,0
C:\Users\ehsra\Documents\GitHub\WMVxTOPNG\ModelsTree\World\Expansion02\Doodads\Generic\Human\Clocks,6,0,0,0,0,2,0,0,0,0,2,0,0,2,0,0,0,0,0,0,0,0,0,0,0,0
C:\Users\ehsra\Documents\GitHub\WMVxTOPNG\ModelsTree\World\Expansion02\Doodads\Generic\Human\CRATES,5,0,0,0,0,1,0,0,0,0,2,0,0,2,0,0,0,0,0,0,0,0,0,0,0,0
C:\Users\ehsra\Documents\GitHub\WMVxTOPNG\ModelsTree\World\Expansion02\Doodads\Generic\Human\FENCE,16,0,0,0,0,2,0,0,0,0,7,0,0,7,0,0,0,0,0,0,0,0,0,0,0,0
C:\Users\ehsra\Documents\GitHub\WMVxTOPNG\ModelsTree\World\Expansion02\Doodads\Generic\Human\FLAGS,2,0,0,0,0,0,0,0,0,0,1,0,0,1,0,0,0,0,0,0,0,0,0,0,0,0
C:\Users\ehsra\Documents\GitHub\WMVxTOPNG\ModelsTree\World\Expansion02\Doodads\Generic\Human\LAMP,3,0,0,0,0,1,0,0,0,0,1,0,0,1,0,0,0,0,0,0,0,0,0,0,0,0
C:\Users\ehsra\Documents\GitHub\WMVxTOPNG\ModelsTree\World\Expansion02\Doodads\Generic\Human\Lamppost,4,0,0,0,0,0,0,0,0,0,2,0,0,2,0,0,0,0,0,0,0,0,0,0,0,0
C:\Users\ehsra\Documents\GitHub\WMVxTOPNG\ModelsTree\World\Expansion02\Doodads\Generic\Human\Northrend Human Mailbox dodad,0,1,0,0,0,0,0,0,0,0,0,0,0,0,0,0,0,0,0,0,0,0,0,0,0,0
C:\Users\ehsra\Documents\GitHub\WMVxTOPNG\ModelsTree\World\Expansion02\Doodads\Generic\Human\Northrend Human Mailbox dodad\final,3,0,0,0,0,1,0,0,0,0,1,0,0,1,0,0,0,0,0,0,0,0,0,0,0,0
C:\Users\ehsra\Documents\GitHub\WMVxTOPNG\ModelsTree\World\Expansion02\Doodads\Generic\Human\Northrend_HumanLadder,0,1,0,0,0,0,0,0,0,0,0,0,0,0,0,0,0,0,0,0,0,0,0,0,0,0
C:\Users\ehsra\Documents\GitHub\WMVxTOPNG\ModelsTree\World\Expansion02\Doodads\Generic\Human\Northrend_HumanLadder\final,3,0,0,0,0,1,0,0,0,0,1,0,0,1,0,0,0,0,0,0,0,0,0,0,0,0
C:\Users\ehsra\Documents\GitHub\WMVxTOPNG\ModelsTree\World\Expansion02\Doodads\Generic\Human\Signpost,4,0,0,0,0,0,0,0,0,0,2,0,0,2,0,0,0,0,0,0,0,0,0,0,0,0
C:\Users\ehsra\Documents\GitHub\WMVxTOPNG\ModelsTree\World\Expansion02\Doodads\Generic\Human\Tents,6,0,0,0,0,2,0,0,0,0,2,0,0,2,0,0,0,0,0,0,0,0,0,0,0,0
C:\Users\ehsra\Documents\GitHub\WMVxTOPNG\ModelsTree\World\Expansion02\Doodads\Generic\Human\Torch,7,0,0,0,0,1,0,0,0,0,3,0,0,3,0,0,0,0,0,0,0,0,0,0,0,0
C:\Users\ehsra\Documents\GitHub\WMVxTOPNG\ModelsTree\World\Expansion02\Doodads\Generic\Inscription,98,0,0,0,0,6,0,0,0,0,46,0,0,46,0,0,0,0,0,0,0,0,0,0,0,0
C:\Users\ehsra\Documents\GitHub\WMVxTOPNG\ModelsTree\World\Expansion02\Doodads\Generic\IronDwarf,117,1,0,0,0,17,0,0,0,0,50,0,0,50,0,0,0,0,0,0,0,0,0,0,0,0
C:\Users\ehsra\Documents\GitHub\WMVxTOPNG\ModelsTree\World\Expansion02\Doodads\Generic\IronDwarf\Quest,2,0,0,0,0,0,0,0,0,0,1,0,0,1,0,0,0,0,0,0,0,0,0,0,0,0
C:\Users\ehsra\Documents\GitHub\WMVxTOPNG\ModelsTree\World\Expansion02\Doodads\Generic\ND_WinterOrc,8,0,0,0,0,0,0,0,0,0,3,0,0,5,0,0,0,0,0,0,0,0,0,0,0,0
C:\Users\ehsra\Documents\GitHub\WMVxTOPNG\ModelsTree\World\Expansion02\Doodads\Generic\Nerubian,8,1,0,0,0,2,0,0,0,0,3,0,0,3,0,0,0,0,0,0,0,0,0,0,0,0
C:\Users\ehsra\Documents\GitHub\WMVxTOPNG\ModelsTree\World\Expansion02\Doodads\Generic\Nerubian\Pits,2,0,0,0,0,0,0,0,0,0,1,0,0,1,0,0,0,0,0,0,0,0,0,0,0,0
C:\Users\ehsra\Documents\GitHub\WMVxTOPNG\ModelsTree\World\Expansion02\Doodads\Generic\Northrend Fires,18,0,0,0,0,2,0,0,0,0,8,0,0,8,0,0,0,0,0,0,0,0,0,0,0,0
C:\Users\ehsra\Documents\GitHub\WMVxTOPNG\ModelsTree\World\Expansion02\Doodads\Generic\Oracle,49,0,0,0,0,5,0,0,0,0,22,0,0,22,0,0,0,0,0,0,0,0,0,0,0,0
C:\Users\ehsra\Documents\GitHub\WMVxTOPNG\ModelsTree\World\Expansion02\Doodads\Generic\Potions,26,0,0,0,0,0,0,0,0,0,13,0,0,13,0,0,0,0,0,0,0,0,0,0,0,0
C:\Users\ehsra\Documents\GitHub\WMVxTOPNG\ModelsTree\World\Expansion02\Doodads\Generic\ScarletOnslaught,25,0,0,0,0,5,0,0,0,0,10,0,0,10,0,0,0,0,0,0,0,0,0,0,0,0
C:\Users\ehsra\Documents\GitHub\WMVxTOPNG\ModelsTree\World\Expansion02\Doodads\Generic\Scourge,429,1,0,0,0,97,0,0,0,0,164,0,0,168,0,0,0,0,0,0,0,0,0,0,0,0
C:\Users\ehsra\Documents\GitHub\WMVxTOPNG\ModelsTree\World\Expansion02\Doodads\Generic\Scourge\CD,3,0,0,0,0,1,0,0,0,0,1,0,0,1,0,0,0,0,0,0,0,0,0,0,0,0
C:\Users\ehsra\Documents\GitHub\WMVxTOPNG\ModelsTree\World\Expansion02\Doodads\Generic\Seamines,2,0,0,0,0,0,0,0,0,0,1,0,0,1,0,0,0,0,0,0,0,0,0,0,0,0
C:\Users\ehsra\Documents\GitHub\WMVxTOPNG\ModelsTree\World\Expansion02\Doodads\Generic\SeaVrykul,0,2,0,0,0,0,0,0,0,0,0,0,0,0,0,0,0,0,0,0,0,0,0,0,0,0
C:\Users\ehsra\Documents\GitHub\WMVxTOPNG\ModelsTree\World\Expansion02\Doodads\Generic\SeaVrykul\Shore,18,0,0,0,0,6,0,0,0,0,6,0,0,6,0,0,0,0,0,0,0,0,0,0,0,0
C:\Users\ehsra\Documents\GitHub\WMVxTOPNG\ModelsTree\World\Expansion02\Doodads\Generic\SeaVrykul\Weapons,4,0,0,0,0,0,0,0,0,0,2,0,0,2,0,0,0,0,0,0,0,0,0,0,0,0
C:\Users\ehsra\Documents\GitHub\WMVxTOPNG\ModelsTree\World\Expansion02\Doodads\Generic\SeigeEquipment,4,0,0,0,0,0,0,0,0,0,2,0,0,2,0,0,0,0,0,0,0,0,0,0,0,0
C:\Users\ehsra\Documents\GitHub\WMVxTOPNG\ModelsTree\World\Expansion02\Doodads\Generic\Skulls,9,0,0,0,0,1,0,0,0,0,4,0,0,4,0,0,0,0,0,0,0,0,0,0,0,0
C:\Users\ehsra\Documents\GitHub\WMVxTOPNG\ModelsTree\World\Expansion02\Doodads\Generic\Sunshatter,0,1,0,0,0,0,0,0,0,0,0,0,0,0,0,0,0,0,0,0,0,0,0,0,0,0
C:\Users\ehsra\Documents\GitHub\WMVxTOPNG\ModelsTree\World\Expansion02\Doodads\Generic\Sunshatter\Banner,13,0,0,0,0,5,0,0,0,0,4,0,0,4,0,0,0,0,0,0,0,0,0,0,0,0
C:\Users\ehsra\Documents\GitHub\WMVxTOPNG\ModelsTree\World\Expansion02\Doodads\Generic\Titan,286,0,0,0,0,30,0,0,0,0,128,0,0,128,0,0,0,0,0,0,0,0,0,0,0,0
C:\Users\ehsra\Documents\GitHub\WMVxTOPNG\ModelsTree\World\Expansion02\Doodads\Generic\TUSKAR,2,6,0,0,0,0,0,0,0,0,1,0,0,1,0,0,0,0,0,0,0,0,0,0,0,0
C:\Users\ehsra\Documents\GitHub\WMVxTOPNG\ModelsTree\World\Expansion02\Doodads\Generic\TUSKAR\Crate,8,0,0,0,0,3,0,0,0,0,2,0,0,3,0,0,0,0,0,0,0,0,0,0,0,0
C:\Users\ehsra\Documents\GitHub\WMVxTOPNG\ModelsTree\World\Expansion02\Doodads\Generic\TUSKAR\DOCK,5,0,0,0,0,3,0,0,0,0,1,0,0,1,0,0,0,0,0,0,0,0,0,0,0,0
C:\Users\ehsra\Documents\GitHub\WMVxTOPNG\ModelsTree\World\Expansion02\Doodads\Generic\TUSKAR\Fishing,3,0,0,0,0,1,0,0,0,0,1,0,0,1,0,0,0,0,0,0,0,0,0,0,0,0
C:\Users\ehsra\Documents\GitHub\WMVxTOPNG\ModelsTree\World\Expansion02\Doodads\Generic\TUSKAR\FishLamp,10,0,0,0,0,8,0,0,0,0,1,0,0,1,0,0,0,0,0,0,0,0,0,0,0,0
C:\Users\ehsra\Documents\GitHub\WMVxTOPNG\ModelsTree\World\Expansion02\Doodads\Generic\TUSKAR\Logs,6,0,0,0,0,2,0,0,0,0,2,0,0,2,0,0,0,0,0,0,0,0,0,0,0,0
C:\Users\ehsra\Documents\GitHub\WMVxTOPNG\ModelsTree\World\Expansion02\Doodads\Generic\TUSKAR\Misc,16,0,0,0,0,6,0,0,0,0,5,0,0,5,0,0,0,0,0,0,0,0,0,0,0,0
C:\Users\ehsra\Documents\GitHub\WMVxTOPNG\ModelsTree\World\Expansion02\Doodads\Generic\TUSKARR,42,12,0,0,0,10,0,0,0,0,16,0,0,16,0,0,0,0,0,0,0,0,0,0,0,0
C:\Users\ehsra\Documents\GitHub\WMVxTOPNG\ModelsTree\World\Expansion02\Doodads\Generic\TUSKARR\Banner,3,0,0,0,0,1,0,0,0,0,1,0,0,1,0,0,0,0,0,0,0,0,0,0,0,0
C:\Users\ehsra\Documents\GitHub\WMVxTOPNG\ModelsTree\World\Expansion02\Doodads\Generic\TUSKARR\Chairs,3,0,0,0,0,1,0,0,0,0,1,0,0,1,0,0,0,0,0,0,0,0,0,0,0,0
C:\Users\ehsra\Documents\GitHub\WMVxTOPNG\ModelsTree\World\Expansion02\Doodads\Generic\TUSKARR\Fishing,7,0,0,0,0,1,0,0,0,0,3,0,0,3,0,0,0,0,0,0,0,0,0,0,0,0
C:\Users\ehsra\Documents\GitHub\WMVxTOPNG\ModelsTree\World\Expansion02\Doodads\Generic\TUSKARR\Forge,6,0,0,0,0,2,0,0,0,0,2,0,0,2,0,0,0,0,0,0,0,0,0,0,0,0
C:\Users\ehsra\Documents\GitHub\WMVxTOPNG\ModelsTree\World\Expansion02\Doodads\Generic\TUSKARR\GiantNets,9,0,0,0,0,1,0,0,0,0,4,0,0,4,0,0,0,0,0,0,0,0,0,0,0,0
C:\Users\ehsra\Documents\GitHub\WMVxTOPNG\ModelsTree\World\Expansion02\Doodads\Generic\TUSKARR\IncenseBurner,4,0,0,0,0,2,0,0,0,0,1,0,0,1,0,0,0,0,0,0,0,0,0,0,0,0
C:\Users\ehsra\Documents\GitHub\WMVxTOPNG\ModelsTree\World\Expansion02\Doodads\Generic\TUSKARR\Kites,7,0,0,0,0,2,0,0,0,0,1,0,0,4,0,0,0,0,0,0,0,0,0,0,0,0
C:\Users\ehsra\Documents\GitHub\WMVxTOPNG\ModelsTree\World\Expansion02\Doodads\Generic\TUSKARR\LIGHTS,13,0,0,0,0,5,0,0,0,0,4,0,0,4,0,0,0,0,0,0,0,0,0,0,0,0
C:\Users\ehsra\Documents\GitHub\WMVxTOPNG\ModelsTree\World\Expansion02\Doodads\Generic\TUSKARR\Logs,3,0,0,0,0,1,0,0,0,0,1,0,0,1,0,0,0,0,0,0,0,0,0,0,0,0
C:\Users\ehsra\Documents\GitHub\WMVxTOPNG\ModelsTree\World\Expansion02\Doodads\Generic\TUSKARR\Mailbox,3,0,0,0,0,1,0,0,0,0,1,0,0,1,0,0,0,0,0,0,0,0,0,0,0,0
C:\Users\ehsra\Documents\GitHub\WMVxTOPNG\ModelsTree\World\Expansion02\Doodads\Generic\TUSKARR\Tables,5,0,0,0,0,1,0,0,0,0,2,0,0,2,0,0,0,0,0,0,0,0,0,0,0,0
C:\Users\ehsra\Documents\GitHub\WMVxTOPNG\ModelsTree\World\Expansion02\Doodads\Generic\TUSKARR\TempFootprints,2,0,0,0,0,0,0,0,0,0,1,0,0,1,0,0,0,0,0,0,0,0,0,0,0,0
C:\Users\ehsra\Documents\GitHub\WMVxTOPNG\ModelsTree\World\Expansion02\Doodads\Generic\VRYKUL,0,46,0,0,0,0,0,0,0,0,0,0,0,0,0,0,0,0,0,0,0,0,0,0,0,0
C:\Users\ehsra\Documents\GitHub\WMVxTOPNG\ModelsTree\World\Expansion02\Doodads\Generic\VRYKUL\Anvil,6,0,0,0,0,2,0,0,0,0,2,0,0,2,0,0,0,0,0,0,0,0,0,0,0,0
C:\Users\ehsra\Documents\GitHub\WMVxTOPNG\ModelsTree\World\Expansion02\Doodads\Generic\VRYKUL\Banner,18,0,0,0,0,4,0,0,0,0,7,0,0,7,0,0,0,0,0,0,0,0,0,0,0,0
C:\Users\ehsra\Documents\GitHub\WMVxTOPNG\ModelsTree\World\Expansion02\Doodads\Generic\VRYKUL\Bed,9,0,0,0,0,3,0,0,0,0,3,0,0,3,0,0,0,0,0,0,0,0,0,0,0,0
C:\Users\ehsra\Documents\GitHub\WMVxTOPNG\ModelsTree\World\Expansion02\Doodads\Generic\VRYKUL\Bellows,3,0,0,0,0,1,0,0,0,0,1,0,0,1,0,0,0,0,0,0,0,0,0,0,0,0
C:\Users\ehsra\Documents\GitHub\WMVxTOPNG\ModelsTree\World\Expansion02\Doodads\Generic\VRYKUL\Boats,4,0,0,0,0,0,0,0,0,0,2,0,0,2,0,0,0,0,0,0,0,0,0,0,0,0
C:\Users\ehsra\Documents\GitHub\WMVxTOPNG\ModelsTree\World\Expansion02\Doodads\Generic\VRYKUL\Bookshelf,10,0,0,0,0,2,0,0,0,0,4,0,0,4,0,0,0,0,0,0,0,0,0,0,0,0
C:\Users\ehsra\Documents\GitHub\WMVxTOPNG\ModelsTree\World\Expansion02\Doodads\Generic\VRYKUL\Brazier,6,0,0,0,0,2,0,0,0,0,2,0,0,2,0,0,0,0,0,0,0,0,0,0,0,0
C:\Users\ehsra\Documents\GitHub\WMVxTOPNG\ModelsTree\World\Expansion02\Doodads\Generic\VRYKUL\BurialMound,5,0,0,0,0,1,0,0,0,0,2,0,0,2,0,0,0,0,0,0,0,0,0,0,0,0
C:\Users\ehsra\Documents\GitHub\WMVxTOPNG\ModelsTree\World\Expansion02\Doodads\Generic\VRYKUL\Buttress,6,0,0,0,0,2,0,0,0,0,2,0,0,2,0,0,0,0,0,0,0,0,0,0,0,0
C:\Users\ehsra\Documents\GitHub\WMVxTOPNG\ModelsTree\World\Expansion02\Doodads\Generic\VRYKUL\CAGE,12,0,0,0,0,2,0,0,0,0,5,0,0,5,0,0,0,0,0,0,0,0,0,0,0,0
C:\Users\ehsra\Documents\GitHub\WMVxTOPNG\ModelsTree\World\Expansion02\Doodads\Generic\VRYKUL\CANDLES,3,0,0,0,0,1,0,0,0,0,1,0,0,1,0,0,0,0,0,0,0,0,0,0,0,0
C:\Users\ehsra\Documents\GitHub\WMVxTOPNG\ModelsTree\World\Expansion02\Doodads\Generic\VRYKUL\CENTERPIECE,6,0,0,0,0,2,0,0,0,0,2,0,0,2,0,0,0,0,0,0,0,0,0,0,0,0
C:\Users\ehsra\Documents\GitHub\WMVxTOPNG\ModelsTree\World\Expansion02\Doodads\Generic\VRYKUL\Chains,4,0,0,0,0,0,0,0,0,0,2,0,0,2,0,0,0,0,0,0,0,0,0,0,0,0
C:\Users\ehsra\Documents\GitHub\WMVxTOPNG\ModelsTree\World\Expansion02\Doodads\Generic\VRYKUL\Chairs,3,0,0,0,0,1,0,0,0,0,1,0,0,1,0,0,0,0,0,0,0,0,0,0,0,0
C:\Users\ehsra\Documents\GitHub\WMVxTOPNG\ModelsTree\World\Expansion02\Doodads\Generic\VRYKUL\Chandelier,2,0,0,0,0,0,0,0,0,0,1,0,0,1,0,0,0,0,0,0,0,0,0,0,0,0
C:\Users\ehsra\Documents\GitHub\WMVxTOPNG\ModelsTree\World\Expansion02\Doodads\Generic\VRYKUL\Cooking,8,0,0,0,0,2,0,0,0,0,3,0,0,3,0,0,0,0,0,0,0,0,0,0,0,0
C:\Users\ehsra\Documents\GitHub\WMVxTOPNG\ModelsTree\World\Expansion02\Doodads\Generic\VRYKUL\Crates,37,0,0,0,0,13,0,0,0,0,12,0,0,12,0,0,0,0,0,0,0,0,0,0,0,0
C:\Users\ehsra\Documents\GitHub\WMVxTOPNG\ModelsTree\World\Expansion02\Doodads\Generic\VRYKUL\Crest,4,0,0,0,0,0,0,0,0,0,2,0,0,2,0,0,0,0,0,0,0,0,0,0,0,0
C:\Users\ehsra\Documents\GitHub\WMVxTOPNG\ModelsTree\World\Expansion02\Doodads\Generic\VRYKUL\ELEVATOR,9,0,0,0,0,1,0,0,0,0,4,0,0,4,0,0,0,0,0,0,0,0,0,0,0,0
C:\Users\ehsra\Documents\GitHub\WMVxTOPNG\ModelsTree\World\Expansion02\Doodads\Generic\VRYKUL\Fence,20,0,0,0,0,2,0,0,0,0,9,0,0,9,0,0,0,0,0,0,0,0,0,0,0,0
C:\Users\ehsra\Documents\GitHub\WMVxTOPNG\ModelsTree\World\Expansion02\Doodads\Generic\VRYKUL\FIRES,3,0,0,0,0,1,0,0,0,0,1,0,0,1,0,0,0,0,0,0,0,0,0,0,0,0
C:\Users\ehsra\Documents\GitHub\WMVxTOPNG\ModelsTree\World\Expansion02\Doodads\Generic\VRYKUL\FLOORGRATE,6,0,0,0,0,4,0,0,0,0,1,0,0,1,0,0,0,0,0,0,0,0,0,0,0,0
C:\Users\ehsra\Documents\GitHub\WMVxTOPNG\ModelsTree\World\Expansion02\Doodads\Generic\VRYKUL\Gondola,12,0,0,0,0,0,0,0,0,0,5,0,0,7,0,0,0,0,0,0,0,0,0,0,0,0
C:\Users\ehsra\Documents\GitHub\WMVxTOPNG\ModelsTree\World\Expansion02\Doodads\Generic\VRYKUL\HARPOON,4,0,0,0,0,2,0,0,0,0,1,0,0,1,0,0,0,0,0,0,0,0,0,0,0,0
C:\Users\ehsra\Documents\GitHub\WMVxTOPNG\ModelsTree\World\Expansion02\Doodads\Generic\VRYKUL\Hay,9,0,0,0,0,3,0,0,0,0,3,0,0,3,0,0,0,0,0,0,0,0,0,0,0,0
C:\Users\ehsra\Documents\GitHub\WMVxTOPNG\ModelsTree\World\Expansion02\Doodads\Generic\VRYKUL\LAMPPOST,16,0,0,0,0,6,0,0,0,0,5,0,0,5,0,0,0,0,0,0,0,0,0,0,0,0
C:\Users\ehsra\Documents\GitHub\WMVxTOPNG\ModelsTree\World\Expansion02\Doodads\Generic\VRYKUL\Lights,34,0,0,0,0,4,0,0,0,0,15,0,0,15,0,0,0,0,0,0,0,0,0,0,0,0
C:\Users\ehsra\Documents\GitHub\WMVxTOPNG\ModelsTree\World\Expansion02\Doodads\Generic\VRYKUL\Map,5,0,0,0,0,1,0,0,0,0,2,0,0,2,0,0,0,0,0,0,0,0,0,0,0,0
C:\Users\ehsra\Documents\GitHub\WMVxTOPNG\ModelsTree\World\Expansion02\Doodads\Generic\VRYKUL\Portcullis,4,0,0,0,0,0,0,0,0,0,2,0,0,2,0,0,0,0,0,0,0,0,0,0,0,0
C:\Users\ehsra\Documents\GitHub\WMVxTOPNG\ModelsTree\World\Expansion02\Doodads\Generic\VRYKUL\Quest,35,0,0,0,0,5,0,0,0,0,15,0,0,15,0,0,0,0,0,0,0,0,0,0,0,0
C:\Users\ehsra\Documents\GitHub\WMVxTOPNG\ModelsTree\World\Expansion02\Doodads\Generic\VRYKUL\Road,67,0,0,0,0,9,0,0,0,0,29,0,0,29,0,0,0,0,0,0,0,0,0,0,0,0
C:\Users\ehsra\Documents\GitHub\WMVxTOPNG\ModelsTree\World\Expansion02\Doodads\Generic\VRYKUL\Rubble,6,0,0,0,0,0,0,0,0,0,3,0,0,3,0,0,0,0,0,0,0,0,0,0,0,0
C:\Users\ehsra\Documents\GitHub\WMVxTOPNG\ModelsTree\World\Expansion02\Doodads\Generic\VRYKUL\Rug,9,0,0,0,0,3,0,0,0,0,3,0,0,3,0,0,0,0,0,0,0,0,0,0,0,0
C:\Users\ehsra\Documents\GitHub\WMVxTOPNG\ModelsTree\World\Expansion02\Doodads\Generic\VRYKUL\SeaVrykul_Dead,2,0,0,0,0,0,0,0,0,0,1,0,0,1,0,0,0,0,0,0,0,0,0,0,0,0
C:\Users\ehsra\Documents\GitHub\WMVxTOPNG\ModelsTree\World\Expansion02\Doodads\Generic\VRYKUL\SHIELD,24,0,0,0,0,6,0,0,0,0,9,0,0,9,0,0,0,0,0,0,0,0,0,0,0,0
C:\Users\ehsra\Documents\GitHub\WMVxTOPNG\ModelsTree\World\Expansion02\Doodads\Generic\VRYKUL\Signs,8,0,0,0,0,2,0,0,0,0,3,0,0,3,0,0,0,0,0,0,0,0,0,0,0,0
C:\Users\ehsra\Documents\GitHub\WMVxTOPNG\ModelsTree\World\Expansion02\Doodads\Generic\VRYKUL\Skulls,4,0,0,0,0,0,0,0,0,0,2,0,0,2,0,0,0,0,0,0,0,0,0,0,0,0
C:\Users\ehsra\Documents\GitHub\WMVxTOPNG\ModelsTree\World\Expansion02\Doodads\Generic\VRYKUL\Snow,3,0,0,0,0,1,0,0,0,0,1,0,0,1,0,0,0,0,0,0,0,0,0,0,0,0
C:\Users\ehsra\Documents\GitHub\WMVxTOPNG\ModelsTree\World\Expansion02\Doodads\Generic\VRYKUL\Spike,2,0,0,0,0,0,0,0,0,0,1,0,0,1,0,0,0,0,0,0,0,0,0,0,0,0
C:\Users\ehsra\Documents\GitHub\WMVxTOPNG\ModelsTree\World\Expansion02\Doodads\Generic\VRYKUL\TABLE,24,0,0,0,0,10,0,0,0,0,7,0,0,7,0,0,0,0,0,0,0,0,0,0,0,0
C:\Users\ehsra\Documents\GitHub\WMVxTOPNG\ModelsTree\World\Expansion02\Doodads\Generic\VRYKUL\Tent,3,0,0,0,0,1,0,0,0,0,1,0,0,1,0,0,0,0,0,0,0,0,0,0,0,0
C:\Users\ehsra\Documents\GitHub\WMVxTOPNG\ModelsTree\World\Expansion02\Doodads\Generic\VRYKUL\Torch,11,0,0,0,0,1,0,0,0,0,5,0,0,5,0,0,0,0,0,0,0,0,0,0,0,0
C:\Users\ehsra\Documents\GitHub\WMVxTOPNG\ModelsTree\World\Expansion02\Doodads\Generic\VRYKUL\TROUGH,5,0,0,0,0,3,0,0,0,0,1,0,0,1,0,0,0,0,0,0,0,0,0,0,0,0
C:\Users\ehsra\Documents\GitHub\WMVxTOPNG\ModelsTree\World\Expansion02\Doodads\Generic\VRYKUL\Wagon,6,0,0,0,0,2,0,0,0,0,2,0,0,2,0,0,0,0,0,0,0,0,0,0,0,0
C:\Users\ehsra\Documents\GitHub\WMVxTOPNG\ModelsTree\World\Expansion02\Doodads\Generic\VRYKUL\WALLARCH,8,0,0,0,0,4,0,0,0,0,2,0,0,2,0,0,0,0,0,0,0,0,0,0,0,0
C:\Users\ehsra\Documents\GitHub\WMVxTOPNG\ModelsTree\World\Expansion02\Doodads\Generic\VRYKUL\Weapons,16,0,0,0,0,0,0,0,0,0,8,0,0,8,0,0,0,0,0,0,0,0,0,0,0,0
C:\Users\ehsra\Documents\GitHub\WMVxTOPNG\ModelsTree\World\Expansion02\Doodads\Generic\Waterfalls,81,0,0,0,0,17,0,0,0,0,32,0,0,32,0,0,0,0,0,0,0,0,0,0,0,0
C:\Users\ehsra\Documents\GitHub\WMVxTOPNG\ModelsTree\World\Expansion02\Doodads\Generic\WinterOrc,16,0,0,0,0,2,0,0,0,0,7,0,0,7,0,0,0,0,0,0,0,0,0,0,0,0
C:\Users\ehsra\Documents\GitHub\WMVxTOPNG\ModelsTree\World\Expansion02\Doodads\Generic\Wolvar,101,0,0,0,0,19,0,0,0,0,41,0,0,41,0,0,0,0,0,0,0,0,0,0,0,0
C:\Users\ehsra\Documents\GitHub\WMVxTOPNG\ModelsTree\World\Expansion02\Doodads\Generic\Zeppelin,5,0,0,0,0,1,0,0,0,0,2,0,0,2,0,0,0,0,0,0,0,0,0,0,0,0
C:\Users\ehsra\Documents\GitHub\WMVxTOPNG\ModelsTree\World\Expansion02\Doodads\GrizzlyHills,0,7,0,0,0,0,0,0,0,0,0,0,0,0,0,0,0,0,0,0,0,0,0,0,0,0
C:\Users\ehsra\Documents\GitHub\WMVxTOPNG\ModelsTree\World\Expansion02\Doodads\GrizzlyHills\BearShrine,9,0,0,0,0,5,0,0,0,0,2,0,0,2,0,0,0,0,0,0,0,0,0,0,0,0
C:\Users\ehsra\Documents\GitHub\WMVxTOPNG\ModelsTree\World\Expansion02\Doodads\GrizzlyHills\RoadLogs,18,0,0,0,0,4,0,0,0,0,7,0,0,7,0,0,0,0,0,0,0,0,0,0,0,0
C:\Users\ehsra\Documents\GitHub\WMVxTOPNG\ModelsTree\World\Expansion02\Doodads\GrizzlyHills\ROCKS,15,0,0,0,0,1,0,0,0,0,7,0,0,7,0,0,0,0,0,0,0,0,0,0,0,0
C:\Users\ehsra\Documents\GitHub\WMVxTOPNG\ModelsTree\World\Expansion02\Doodads\GrizzlyHills\Termites,19,0,0,0,0,3,0,0,0,0,8,0,0,8,0,0,0,0,0,0,0,0,0,0,0,0
C:\Users\ehsra\Documents\GitHub\WMVxTOPNG\ModelsTree\World\Expansion02\Doodads\GrizzlyHills\Trappers,38,0,0,0,0,4,0,0,0,0,17,0,0,17,0,0,0,0,0,0,0,0,0,0,0,0
C:\Users\ehsra\Documents\GitHub\WMVxTOPNG\ModelsTree\World\Expansion02\Doodads\GrizzlyHills\Trees,176,0,0,0,0,56,0,0,0,0,60,0,0,60,0,0,0,0,0,0,0,0,0,0,0,0
C:\Users\ehsra\Documents\GitHub\WMVxTOPNG\ModelsTree\World\Expansion02\Doodads\GrizzlyHills\VentureCo,22,0,0,0,0,4,0,0,0,0,9,0,0,9,0,0,0,0,0,0,0,0,0,0,0,0
C:\Users\ehsra\Documents\GitHub\WMVxTOPNG\ModelsTree\World\Expansion02\Doodads\HOWLINGFJORD,109,7,0,0,0,23,0,0,0,0,43,0,0,43,0,0,0,0,0,0,0,0,0,0,0,0
C:\Users\ehsra\Documents\GitHub\WMVxTOPNG\ModelsTree\World\Expansion02\Doodads\HOWLINGFJORD\Bridges,2,0,0,0,0,0,0,0,0,0,1,0,0,1,0,0,0,0,0,0,0,0,0,0,0,0
C:\Users\ehsra\Documents\GitHub\WMVxTOPNG\ModelsTree\World\Expansion02\Doodads\HOWLINGFJORD\CoastCliff,6,0,0,0,0,0,0,0,0,0,3,0,0,3,0,0,0,0,0,0,0,0,0,0,0,0
C:\Users\ehsra\Documents\GitHub\WMVxTOPNG\ModelsTree\World\Expansion02\Doodads\HOWLINGFJORD\FIREFX,16,0,0,0,0,2,0,0,0,0,7,0,0,7,0,0,0,0,0,0,0,0,0,0,0,0
C:\Users\ehsra\Documents\GitHub\WMVxTOPNG\ModelsTree\World\Expansion02\Doodads\HOWLINGFJORD\Fog,14,0,0,0,0,4,0,0,0,0,5,0,0,5,0,0,0,0,0,0,0,0,0,0,0,0
C:\Users\ehsra\Documents\GitHub\WMVxTOPNG\ModelsTree\World\Expansion02\Doodads\HOWLINGFJORD\Forsaken,9,0,0,0,0,7,0,0,0,0,1,0,0,1,0,0,0,0,0,0,0,0,0,0,0,0
C:\Users\ehsra\Documents\GitHub\WMVxTOPNG\ModelsTree\World\Expansion02\Doodads\HOWLINGFJORD\Rocks,26,0,0,0,0,2,0,0,0,0,12,0,0,12,0,0,0,0,0,0,0,0,0,0,0,0
C:\Users\ehsra\Documents\GitHub\WMVxTOPNG\ModelsTree\World\Expansion02\Doodads\HOWLINGFJORD\TITANSTATUES,16,0,0,0,0,14,0,0,0,0,1,0,0,1,0,0,0,0,0,0,0,0,0,0,0,0
C:\Users\ehsra\Documents\GitHub\WMVxTOPNG\ModelsTree\World\Expansion02\Doodads\IceCrown,17,41,0,0,0,1,0,0,0,0,8,0,0,8,0,0,0,0,0,0,0,0,0,0,0,0
C:\Users\ehsra\Documents\GitHub\WMVxTOPNG\ModelsTree\World\Expansion02\Doodads\IceCrown\Alliance_Gunship,17,0,0,0,0,3,0,0,0,0,6,0,0,8,0,0,0,0,0,0,0,0,0,0,0,0
C:\Users\ehsra\Documents\GitHub\WMVxTOPNG\ModelsTree\World\Expansion02\Doodads\IceCrown\Altar,8,0,0,0,0,6,0,0,0,0,1,0,0,1,0,0,0,0,0,0,0,0,0,0,0,0
C:\Users\ehsra\Documents\GitHub\WMVxTOPNG\ModelsTree\World\Expansion02\Doodads\IceCrown\BloodPrince,16,0,0,0,0,3,0,0,0,0,6,0,0,7,0,0,0,0,0,0,0,0,0,0,0,0
C:\Users\ehsra\Documents\GitHub\WMVxTOPNG\ModelsTree\World\Expansion02\Doodads\IceCrown\BodyJar,2,0,0,0,0,0,0,0,0,0,1,0,0,1,0,0,0,0,0,0,0,0,0,0,0,0
C:\Users\ehsra\Documents\GitHub\WMVxTOPNG\ModelsTree\World\Expansion02\Doodads\IceCrown\Bones,16,0,0,0,0,4,0,0,0,0,6,0,0,6,0,0,0,0,0,0,0,0,0,0,0,0
C:\Users\ehsra\Documents\GitHub\WMVxTOPNG\ModelsTree\World\Expansion02\Doodads\IceCrown\Cavein,2,0,0,0,0,0,0,0,0,0,1,0,0,1,0,0,0,0,0,0,0,0,0,0,0,0
C:\Users\ehsra\Documents\GitHub\WMVxTOPNG\ModelsTree\World\Expansion02\Doodads\IceCrown\Chains,18,0,0,0,0,6,0,0,0,0,3,0,0,9,0,0,0,0,0,0,0,0,0,0,0,0
C:\Users\ehsra\Documents\GitHub\WMVxTOPNG\ModelsTree\World\Expansion02\Doodads\IceCrown\Chairs,5,0,0,0,0,1,0,0,0,0,2,0,0,2,0,0,0,0,0,0,0,0,0,0,0,0
C:\Users\ehsra\Documents\GitHub\WMVxTOPNG\ModelsTree\World\Expansion02\Doodads\IceCrown\doors,41,0,0,0,0,4,0,0,0,0,18,0,0,19,0,0,0,0,0,0,0,0,0,0,0,0
C:\Users\ehsra\Documents\GitHub\WMVxTOPNG\ModelsTree\World\Expansion02\Doodads\IceCrown\Effects,14,0,0,0,0,3,0,0,0,0,5,0,0,6,0,0,0,0,0,0,0,0,0,0,0,0
C:\Users\ehsra\Documents\GitHub\WMVxTOPNG\ModelsTree\World\Expansion02\Doodads\IceCrown\elevator,4,0,0,0,0,0,0,0,0,0,2,0,0,2,0,0,0,0,0,0,0,0,0,0,0,0
C:\Users\ehsra\Documents\GitHub\WMVxTOPNG\ModelsTree\World\Expansion02\Doodads\IceCrown\Fence,4,0,0,0,0,0,0,0,0,0,2,0,0,2,0,0,0,0,0,0,0,0,0,0,0,0
C:\Users\ehsra\Documents\GitHub\WMVxTOPNG\ModelsTree\World\Expansion02\Doodads\IceCrown\Frozen,4,0,0,0,0,2,0,0,0,0,1,0,0,1,0,0,0,0,0,0,0,0,0,0,0,0
C:\Users\ehsra\Documents\GitHub\WMVxTOPNG\ModelsTree\World\Expansion02\Doodads\IceCrown\GateFog,14,0,0,0,0,8,0,0,0,0,3,0,0,3,0,0,0,0,0,0,0,0,0,0,0,0
C:\Users\ehsra\Documents\GitHub\WMVxTOPNG\ModelsTree\World\Expansion02\Doodads\IceCrown\glows,6,0,0,0,0,2,0,0,0,0,2,0,0,2,0,0,0,0,0,0,0,0,0,0,0,0
C:\Users\ehsra\Documents\GitHub\WMVxTOPNG\ModelsTree\World\Expansion02\Doodads\IceCrown\Grinder,3,0,0,0,0,0,0,0,0,0,1,0,0,2,0,0,0,0,0,0,0,0,0,0,0,0
C:\Users\ehsra\Documents\GitHub\WMVxTOPNG\ModelsTree\World\Expansion02\Doodads\IceCrown\groundSpikes,2,0,0,0,0,0,0,0,0,0,1,0,0,1,0,0,0,0,0,0,0,0,0,0,0,0
C:\Users\ehsra\Documents\GitHub\WMVxTOPNG\ModelsTree\World\Expansion02\Doodads\IceCrown\IceCore,4,0,0,0,0,2,0,0,0,0,1,0,0,1,0,0,0,0,0,0,0,0,0,0,0,0
C:\Users\ehsra\Documents\GitHub\WMVxTOPNG\ModelsTree\World\Expansion02\Doodads\IceCrown\IceShards,9,0,0,0,0,4,0,0,0,0,2,0,0,3,0,0,0,0,0,0,0,0,0,0,0,0
C:\Users\ehsra\Documents\GitHub\WMVxTOPNG\ModelsTree\World\Expansion02\Doodads\IceCrown\IceWall,7,0,0,0,0,2,0,0,0,0,1,0,0,4,0,0,0,0,0,0,0,0,0,0,0,0
C:\Users\ehsra\Documents\GitHub\WMVxTOPNG\ModelsTree\World\Expansion02\Doodads\IceCrown\Lab Items,55,0,0,0,0,7,0,0,0,0,19,0,0,29,0,0,0,0,0,0,0,0,0,0,0,0
C:\Users\ehsra\Documents\GitHub\WMVxTOPNG\ModelsTree\World\Expansion02\Doodads\IceCrown\Lava,14,0,0,0,0,7,0,0,0,0,3,0,0,4,0,0,0,0,0,0,0,0,0,0,0,0
C:\Users\ehsra\Documents\GitHub\WMVxTOPNG\ModelsTree\World\Expansion02\Doodads\IceCrown\Lever,2,0,0,0,0,0,0,0,0,0,1,0,0,1,0,0,0,0,0,0,0,0,0,0,0,0
C:\Users\ehsra\Documents\GitHub\WMVxTOPNG\ModelsTree\World\Expansion02\Doodads\IceCrown\Lights,32,0,0,0,0,6,0,0,0,0,13,0,0,13,0,0,0,0,0,0,0,0,0,0,0,0
C:\Users\ehsra\Documents\GitHub\WMVxTOPNG\ModelsTree\World\Expansion02\Doodads\IceCrown\Portals,22,0,0,0,0,3,0,0,0,0,6,0,0,13,0,0,0,0,0,0,0,0,0,0,0,0
C:\Users\ehsra\Documents\GitHub\WMVxTOPNG\ModelsTree\World\Expansion02\Doodads\IceCrown\PressurePlate,2,0,0,0,0,0,0,0,0,0,1,0,0,1,0,0,0,0,0,0,0,0,0,0,0,0
C:\Users\ehsra\Documents\GitHub\WMVxTOPNG\ModelsTree\World\Expansion02\Doodads\IceCrown\Railing,6,0,0,0,0,0,0,0,0,0,3,0,0,3,0,0,0,0,0,0,0,0,0,0,0,0
C:\Users\ehsra\Documents\GitHub\WMVxTOPNG\ModelsTree\World\Expansion02\Doodads\IceCrown\Rocks,13,0,0,0,0,1,0,0,0,0,6,0,0,6,0,0,0,0,0,0,0,0,0,0,0,0
C:\Users\ehsra\Documents\GitHub\WMVxTOPNG\ModelsTree\World\Expansion02\Doodads\IceCrown\Rugs,6,0,0,0,0,2,0,0,0,0,2,0,0,2,0,0,0,0,0,0,0,0,0,0,0,0
C:\Users\ehsra\Documents\GitHub\WMVxTOPNG\ModelsTree\World\Expansion02\Doodads\IceCrown\RuneForge,7,0,0,0,0,2,0,0,0,0,2,0,0,3,0,0,0,0,0,0,0,0,0,0,0,0
C:\Users\ehsra\Documents\GitHub\WMVxTOPNG\ModelsTree\World\Expansion02\Doodads\IceCrown\Runes,3,0,0,0,0,1,0,0,0,0,1,0,0,1,0,0,0,0,0,0,0,0,0,0,0,0
C:\Users\ehsra\Documents\GitHub\WMVxTOPNG\ModelsTree\World\Expansion02\Doodads\IceCrown\SindragosaCollision,2,0,0,0,0,0,0,0,0,0,1,0,0,1,0,0,0,0,0,0,0,0,0,0,0,0
C:\Users\ehsra\Documents\GitHub\WMVxTOPNG\ModelsTree\World\Expansion02\Doodads\IceCrown\SnowLedge,4,0,0,0,0,2,0,0,0,0,1,0,0,1,0,0,0,0,0,0,0,0,0,0,0,0
C:\Users\ehsra\Documents\GitHub\WMVxTOPNG\ModelsTree\World\Expansion02\Doodads\IceCrown\Spigot,2,0,0,0,0,0,0,0,0,0,1,0,0,1,0,0,0,0,0,0,0,0,0,0,0,0
C:\Users\ehsra\Documents\GitHub\WMVxTOPNG\ModelsTree\World\Expansion02\Doodads\IceCrown\Tentacles,3,0,0,0,0,1,0,0,0,0,1,0,0,1,0,0,0,0,0,0,0,0,0,0,0,0
C:\Users\ehsra\Documents\GitHub\WMVxTOPNG\ModelsTree\World\Expansion02\Doodads\IceCrown\Throne,14,0,0,0,0,8,0,0,0,0,3,0,0,3,0,0,0,0,0,0,0,0,0,0,0,0
C:\Users\ehsra\Documents\GitHub\WMVxTOPNG\ModelsTree\World\Expansion02\Doodads\IceCrown\Trees,11,0,0,0,0,3,0,0,0,0,4,0,0,4,0,0,0,0,0,0,0,0,0,0,0,0
C:\Users\ehsra\Documents\GitHub\WMVxTOPNG\ModelsTree\World\Expansion02\Doodads\IceCrown\Tubes,18,0,0,0,0,3,0,0,0,0,3,0,0,12,0,0,0,0,0,0,0,0,0,0,0,0
C:\Users\ehsra\Documents\GitHub\WMVxTOPNG\ModelsTree\World\Expansion02\Doodads\IceCrown\valve,2,0,0,0,0,0,0,0,0,0,1,0,0,1,0,0,0,0,0,0,0,0,0,0,0,0
C:\Users\ehsra\Documents\GitHub\WMVxTOPNG\ModelsTree\World\Expansion02\Doodads\IceCrown\Weapon,2,0,0,0,0,0,0,0,0,0,1,0,0,1,0,0,0,0,0,0,0,0,0,0,0,0
C:\Users\ehsra\Documents\GitHub\WMVxTOPNG\ModelsTree\World\Expansion02\Doodads\IceCrown\wingSigils,12,0,0,0,0,6,0,0,0,0,3,0,0,3,0,0,0,0,0,0,0,0,0,0,0,0
C:\Users\ehsra\Documents\GitHub\WMVxTOPNG\ModelsTree\World\Expansion02\Doodads\IsleOfConquest,10,0,0,0,0,2,0,0,0,0,4,0,0,4,0,0,0,0,0,0,0,0,0,0,0,0
C:\Users\ehsra\Documents\GitHub\WMVxTOPNG\ModelsTree\World\Expansion02\Doodads\LakeWintergrasp,78,4,0,0,0,1,0,0,0,0,23,0,0,54,0,0,0,0,0,0,0,0,0,0,0,0
C:\Users\ehsra\Documents\GitHub\WMVxTOPNG\ModelsTree\World\Expansion02\Doodads\LakeWintergrasp\Bushes,11,0,0,0,0,3,0,0,0,0,4,0,0,4,0,0,0,0,0,0,0,0,0,0,0,0
C:\Users\ehsra\Documents\GitHub\WMVxTOPNG\ModelsTree\World\Expansion02\Doodads\LakeWintergrasp\TitanPieces,6,0,0,0,0,0,0,0,0,0,3,0,0,3,0,0,0,0,0,0,0,0,0,0,0,0
C:\Users\ehsra\Documents\GitHub\WMVxTOPNG\ModelsTree\World\Expansion02\Doodads\LakeWintergrasp\Trees,31,0,0,0,0,7,0,0,0,0,12,0,0,12,0,0,0,0,0,0,0,0,0,0,0,0
C:\Users\ehsra\Documents\GitHub\WMVxTOPNG\ModelsTree\World\Expansion02\Doodads\LakeWintergrasp\Waterfalls,2,0,0,0,0,0,0,0,0,0,1,0,0,1,0,0,0,0,0,0,0,0,0,0,0,0
C:\Users\ehsra\Documents\GitHub\WMVxTOPNG\ModelsTree\World\Expansion02\Doodads\Nexus,196,0,0,0,0,53,0,0,0,0,68,0,0,75,0,0,0,0,0,0,0,0,0,0,0,0
C:\Users\ehsra\Documents\GitHub\WMVxTOPNG\ModelsTree\World\Expansion02\Doodads\Oracle,0,1,0,0,0,0,0,0,0,0,0,0,0,0,0,0,0,0,0,0,0,0,0,0,0,0
C:\Users\ehsra\Documents\GitHub\WMVxTOPNG\ModelsTree\World\Expansion02\Doodads\Oracle\Huts,6,0,0,0,0,0,0,0,0,0,3,0,0,3,0,0,0,0,0,0,0,0,0,0,0,0
C:\Users\ehsra\Documents\GitHub\WMVxTOPNG\ModelsTree\World\Expansion02\Doodads\Riplash,72,0,0,0,0,12,0,0,0,0,30,0,0,30,0,0,0,0,0,0,0,0,0,0,0,0
C:\Users\ehsra\Documents\GitHub\WMVxTOPNG\ModelsTree\World\Expansion02\Doodads\RubySanctum,27,0,0,0,0,7,0,0,0,0,10,0,0,10,0,0,0,0,0,0,0,0,0,0,0,0
C:\Users\ehsra\Documents\GitHub\WMVxTOPNG\ModelsTree\World\Expansion02\Doodads\Scholazar,31,9,0,0,0,3,0,0,0,0,14,0,0,14,0,0,0,0,0,0,0,0,0,0,0,0
C:\Users\ehsra\Documents\GitHub\WMVxTOPNG\ModelsTree\World\Expansion02\Doodads\Scholazar\bridge,3,0,0,0,0,1,0,0,0,0,1,0,0,1,0,0,0,0,0,0,0,0,0,0,0,0
C:\Users\ehsra\Documents\GitHub\WMVxTOPNG\ModelsTree\World\Expansion02\Doodads\Scholazar\Bushes,57,0,0,0,0,7,0,0,0,0,25,0,0,25,0,0,0,0,0,0,0,0,0,0,0,0
C:\Users\ehsra\Documents\GitHub\WMVxTOPNG\ModelsTree\World\Expansion02\Doodads\Scholazar\Fog,4,0,0,0,0,0,0,0,0,0,2,0,0,2,0,0,0,0,0,0,0,0,0,0,0,0
C:\Users\ehsra\Documents\GitHub\WMVxTOPNG\ModelsTree\World\Expansion02\Doodads\Scholazar\LightFX,5,0,0,0,0,1,0,0,0,0,2,0,0,2,0,0,0,0,0,0,0,0,0,0,0,0
C:\Users\ehsra\Documents\GitHub\WMVxTOPNG\ModelsTree\World\Expansion02\Doodads\Scholazar\Rocks,31,0,0,0,0,3,0,0,0,0,14,0,0,14,0,0,0,0,0,0,0,0,0,0,0,0
C:\Users\ehsra\Documents\GitHub\WMVxTOPNG\ModelsTree\World\Expansion02\Doodads\Scholazar\Shipwreck_D,3,0,0,0,0,1,0,0,0,0,1,0,0,1,0,0,0,0,0,0,0,0,0,0,0,0
C:\Users\ehsra\Documents\GitHub\WMVxTOPNG\ModelsTree\World\Expansion02\Doodads\Scholazar\Trees,103,0,0,0,0,23,0,0,0,0,40,0,0,40,0,0,0,0,0,0,0,0,0,0,0,0
C:\Users\ehsra\Documents\GitHub\WMVxTOPNG\ModelsTree\World\Expansion02\Doodads\Scholazar\WaspKit,4,0,0,0,0,2,0,0,0,0,1,0,0,1,0,0,0,0,0,0,0,0,0,0,0,0
C:\Users\ehsra\Documents\GitHub\WMVxTOPNG\ModelsTree\World\Expansion02\Doodads\Scholazar\WaterFalls,33,0,0,0,0,11,0,0,0,0,11,0,0,11,0,0,0,0,0,0,0,0,0,0,0,0
C:\Users\ehsra\Documents\GitHub\WMVxTOPNG\ModelsTree\World\Expansion02\Doodads\Ships,11,0,0,0,0,0,0,0,0,0,5,0,0,6,0,0,0,0,0,0,0,0,0,0,0,0
C:\Users\ehsra\Documents\GitHub\WMVxTOPNG\ModelsTree\World\Expansion02\Doodads\SholazarBasin,18,1,0,0,0,0,0,0,0,0,9,0,0,9,0,0,0,0,0,0,0,0,0,0,0,0
C:\Users\ehsra\Documents\GitHub\WMVxTOPNG\ModelsTree\World\Expansion02\Doodads\SholazarBasin\RainBow,3,0,0,0,0,1,0,0,0,0,1,0,0,1,0,0,0,0,0,0,0,0,0,0,0,0
C:\Users\ehsra\Documents\GitHub\WMVxTOPNG\ModelsTree\World\Expansion02\Doodads\Stormpeaks,0,10,0,0,0,0,0,0,0,0,0,0,0,0,0,0,0,0,0,0,0,0,0,0,0,0
C:\Users\ehsra\Documents\GitHub\WMVxTOPNG\ModelsTree\World\Expansion02\Doodads\Stormpeaks\Bushes,2,0,0,0,0,0,0,0,0,0,1,0,0,1,0,0,0,0,0,0,0,0,0,0,0,0
C:\Users\ehsra\Documents\GitHub\WMVxTOPNG\ModelsTree\World\Expansion02\Doodads\Stormpeaks\Fog,10,0,0,0,0,2,0,0,0,0,4,0,0,4,0,0,0,0,0,0,0,0,0,0,0,0
C:\Users\ehsra\Documents\GitHub\WMVxTOPNG\ModelsTree\World\Expansion02\Doodads\Stormpeaks\GiantBattle,50,0,0,0,0,6,0,0,0,0,22,0,0,22,0,0,0,0,0,0,0,0,0,0,0,0
C:\Users\ehsra\Documents\GitHub\WMVxTOPNG\ModelsTree\World\Expansion02\Doodads\Stormpeaks\IceShards,31,0,0,0,0,3,0,0,0,0,14,0,0,14,0,0,0,0,0,0,0,0,0,0,0,0
C:\Users\ehsra\Documents\GitHub\WMVxTOPNG\ModelsTree\World\Expansion02\Doodads\Stormpeaks\Lightning,13,0,0,0,0,1,0,0,0,0,6,0,0,6,0,0,0,0,0,0,0,0,0,0,0,0
C:\Users\ehsra\Documents\GitHub\WMVxTOPNG\ModelsTree\World\Expansion02\Doodads\Stormpeaks\Rocks,13,0,0,0,0,1,0,0,0,0,6,0,0,6,0,0,0,0,0,0,0,0,0,0,0,0
C:\Users\ehsra\Documents\GitHub\WMVxTOPNG\ModelsTree\World\Expansion02\Doodads\Stormpeaks\Rocs,5,0,0,0,0,1,0,0,0,0,2,0,0,2,0,0,0,0,0,0,0,0,0,0,0,0
C:\Users\ehsra\Documents\GitHub\WMVxTOPNG\ModelsTree\World\Expansion02\Doodads\Stormpeaks\Scourge,7,0,0,0,0,1,0,0,0,0,3,0,0,3,0,0,0,0,0,0,0,0,0,0,0,0
C:\Users\ehsra\Documents\GitHub\WMVxTOPNG\ModelsTree\World\Expansion02\Doodads\Stormpeaks\Snow,22,0,0,0,0,12,0,0,0,0,5,0,0,5,0,0,0,0,0,0,0,0,0,0,0,0
C:\Users\ehsra\Documents\GitHub\WMVxTOPNG\ModelsTree\World\Expansion02\Doodads\Stormpeaks\Trees,21,0,0,0,0,3,0,0,0,0,9,0,0,9,0,0,0,0,0,0,0,0,0,0,0,0
C:\Users\ehsra\Documents\GitHub\WMVxTOPNG\ModelsTree\World\Expansion02\Doodads\Stratholme_Past,53,1,0,0,0,11,0,0,0,0,21,0,0,21,0,0,0,0,0,0,0,0,0,0,0,0
C:\Users\ehsra\Documents\GitHub\WMVxTOPNG\ModelsTree\World\Expansion02\Doodads\Stratholme_Past\Banners,34,0,0,0,0,9,0,0,0,0,12,0,0,13,0,0,0,0,0,0,0,0,0,0,0,0
C:\Users\ehsra\Documents\GitHub\WMVxTOPNG\ModelsTree\World\Expansion02\Doodads\Tuskar,0,2,0,0,0,0,0,0,0,0,0,0,0,0,0,0,0,0,0,0,0,0,0,0,0,0
C:\Users\ehsra\Documents\GitHub\WMVxTOPNG\ModelsTree\World\Expansion02\Doodads\Tuskar\FishingStuff,4,0,0,0,0,0,0,0,0,0,2,0,0,2,0,0,0,0,0,0,0,0,0,0,0,0
C:\Users\ehsra\Documents\GitHub\WMVxTOPNG\ModelsTree\World\Expansion02\Doodads\Tuskar\Misc,3,0,0,0,0,1,0,0,0,0,1,0,0,1,0,0,0,0,0,0,0,0,0,0,0,0
C:\Users\ehsra\Documents\GitHub\WMVxTOPNG\ModelsTree\World\Expansion02\Doodads\Ulduar,716,0,0,0,0,247,0,0,0,0,203,0,0,266,0,0,0,0,0,0,0,0,0,0,0,0
C:\Users\ehsra\Documents\GitHub\WMVxTOPNG\ModelsTree\World\Expansion02\Doodads\VALGRADE,0,1,0,0,0,0,0,0,0,0,0,0,0,0,0,0,0,0,0,0,0,0,0,0,0,0
C:\Users\ehsra\Documents\GitHub\WMVxTOPNG\ModelsTree\World\Expansion02\Doodads\VALGRADE\VALGRADE_FIRE,7,0,0,0,0,5,0,0,0,0,1,0,0,1,0,0,0,0,0,0,0,0,0,0,0,0
C:\Users\ehsra\Documents\GitHub\WMVxTOPNG\ModelsTree\World\Expansion02\Doodads\Wintergrasp,2,0,0,0,0,0,0,0,0,0,1,0,0,1,0,0,0,0,0,0,0,0,0,0,0,0
C:\Users\ehsra\Documents\GitHub\WMVxTOPNG\ModelsTree\World\Expansion02\Doodads\WINTERTAUREN,128,0,0,0,0,18,0,0,0,0,55,0,0,55,0,0,0,0,0,0,0,0,0,0,0,0
C:\Users\ehsra\Documents\GitHub\WMVxTOPNG\ModelsTree\World\Expansion02\Doodads\ZulDrak,0,12,0,0,0,0,0,0,0,0,0,0,0,0,0,0,0,0,0,0,0,0,0,0,0,0
C:\Users\ehsra\Documents\GitHub\WMVxTOPNG\ModelsTree\World\Expansion02\Doodads\ZulDrak\Aqueduct,7,0,0,0,0,1,0,0,0,0,3,0,0,3,0,0,0,0,0,0,0,0,0,0,0,0
C:\Users\ehsra\Documents\GitHub\WMVxTOPNG\ModelsTree\World\Expansion02\Doodads\ZulDrak\Decorations,162,1,0,0,0,23,0,0,0,0,68,0,0,71,0,0,0,0,0,0,0,0,0,0,0,0
C:\Users\ehsra\Documents\GitHub\WMVxTOPNG\ModelsTree\World\Expansion02\Doodads\ZulDrak\Decorations\waterfalls,13,0,0,0,0,7,0,0,0,0,3,0,0,3,0,0,0,0,0,0,0,0,0,0,0,0
C:\Users\ehsra\Documents\GitHub\WMVxTOPNG\ModelsTree\World\Expansion02\Doodads\ZulDrak\Fences,9,0,0,0,0,1,0,0,0,0,4,0,0,4,0,0,0,0,0,0,0,0,0,0,0,0
C:\Users\ehsra\Documents\GitHub\WMVxTOPNG\ModelsTree\World\Expansion02\Doodads\ZulDrak\GunDrak,13,0,0,0,0,1,0,0,0,0,6,0,0,6,0,0,0,0,0,0,0,0,0,0,0,0
C:\Users\ehsra\Documents\GitHub\WMVxTOPNG\ModelsTree\World\Expansion02\Doodads\ZulDrak\LightFX,16,0,0,0,0,6,0,0,0,0,5,0,0,5,0,0,0,0,0,0,0,0,0,0,0,0
C:\Users\ehsra\Documents\GitHub\WMVxTOPNG\ModelsTree\World\Expansion02\Doodads\ZulDrak\MojoStreams,5,0,0,0,0,3,0,0,0,0,1,0,0,1,0,0,0,0,0,0,0,0,0,0,0,0
C:\Users\ehsra\Documents\GitHub\WMVxTOPNG\ModelsTree\World\Expansion02\Doodads\ZulDrak\Rocks,16,0,0,0,0,0,0,0,0,0,8,0,0,8,0,0,0,0,0,0,0,0,0,0,0,0
C:\Users\ehsra\Documents\GitHub\WMVxTOPNG\ModelsTree\World\Expansion02\Doodads\ZulDrak\SkyVortex,3,0,0,0,0,1,0,0,0,0,1,0,0,1,0,0,0,0,0,0,0,0,0,0,0,0
C:\Users\ehsra\Documents\GitHub\WMVxTOPNG\ModelsTree\World\Expansion02\Doodads\ZulDrak\Statues,21,0,0,0,0,7,0,0,0,0,7,0,0,7,0,0,0,0,0,0,0,0,0,0,0,0
C:\Users\ehsra\Documents\GitHub\WMVxTOPNG\ModelsTree\World\Expansion02\Doodads\ZulDrak\Trees,99,0,0,0,0,27,0,0,0,0,36,0,0,36,0,0,0,0,0,0,0,0,0,0,0,0
C:\Users\ehsra\Documents\GitHub\WMVxTOPNG\ModelsTree\World\Expansion02\Doodads\ZulDrak\TrollRuins,149,0,0,0,0,33,0,0,0,0,58,0,0,58,0,0,0,0,0,0,0,0,0,0,0,0
C:\Users\ehsra\Documents\GitHub\WMVxTOPNG\ModelsTree\World\Expansion02\Doodads\ZulDrak\Waterfalls,35,0,0,0,0,11,0,0,0,0,12,0,0,12,0,0,0,0,0,0,0,0,0,0,0,0
C:\Users\ehsra\Documents\GitHub\WMVxTOPNG\ModelsTree\World\EXPANSION03,0,1,0,0,0,0,0,0,0,0,0,0,0,0,0,0,0,0,0,0,0,0,0,0,0,0
C:\Users\ehsra\Documents\GitHub\WMVxTOPNG\ModelsTree\World\EXPANSION03\DOODADS,0,4,0,0,0,0,0,0,0,0,0,0,0,0,0,0,0,0,0,0,0,0,0,0,0,0
C:\Users\ehsra\Documents\GitHub\WMVxTOPNG\ModelsTree\World\EXPANSION03\DOODADS\DARKSHOREREWORK,1,0,0,0,0,1,0,0,0,0,0,0,0,0,0,0,0,0,0,0,0,0,0,0,0,0
C:\Users\ehsra\Documents\GitHub\WMVxTOPNG\ModelsTree\World\EXPANSION03\DOODADS\PYGMY,0,1,0,0,0,0,0,0,0,0,0,0,0,0,0,0,0,0,0,0,0,0,0,0,0,0
C:\Users\ehsra\Documents\GitHub\WMVxTOPNG\ModelsTree\World\EXPANSION03\DOODADS\PYGMY\ITEMS,1,0,0,0,0,1,0,0,0,0,0,0,0,0,0,0,0,0,0,0,0,0,0,0,0,0
C:\Users\ehsra\Documents\GitHub\WMVxTOPNG\ModelsTree\World\EXPANSION03\DOODADS\TWILIGHTHAMMER,0,6,0,0,0,0,0,0,0,0,0,0,0,0,0,0,0,0,0,0,0,0,0,0,0,0
C:\Users\ehsra\Documents\GitHub\WMVxTOPNG\ModelsTree\World\EXPANSION03\DOODADS\TWILIGHTHAMMER\ALTAR,4,0,0,0,0,2,0,0,0,0,1,0,0,1,0,0,0,0,0,0,0,0,0,0,0,0
C:\Users\ehsra\Documents\GitHub\WMVxTOPNG\ModelsTree\World\EXPANSION03\DOODADS\TWILIGHTHAMMER\BANNERS,8,0,0,0,0,4,0,0,0,0,2,0,0,2,0,0,0,0,0,0,0,0,0,0,0,0
C:\Users\ehsra\Documents\GitHub\WMVxTOPNG\ModelsTree\World\EXPANSION03\DOODADS\TWILIGHTHAMMER\LAMPPOST,3,0,0,0,0,3,0,0,0,0,0,0,0,0,0,0,0,0,0,0,0,0,0,0,0,0
C:\Users\ehsra\Documents\GitHub\WMVxTOPNG\ModelsTree\World\EXPANSION03\DOODADS\TWILIGHTHAMMER\LAMPS,1,0,0,0,0,1,0,0,0,0,0,0,0,0,0,0,0,0,0,0,0,0,0,0,0,0
C:\Users\ehsra\Documents\GitHub\WMVxTOPNG\ModelsTree\World\EXPANSION03\DOODADS\TWILIGHTHAMMER\MAGICALDEVICES,10,0,0,0,0,2,0,0,0,0,4,0,0,4,0,0,0,0,0,0,0,0,0,0,0,0
C:\Users\ehsra\Documents\GitHub\WMVxTOPNG\ModelsTree\World\EXPANSION03\DOODADS\TWILIGHTHAMMER\SUMMONINGPORTALS,16,0,0,0,0,8,0,0,0,0,4,0,0,4,0,0,0,0,0,0,0,0,0,0,0,0
C:\Users\ehsra\Documents\GitHub\WMVxTOPNG\ModelsTree\World\EXPANSION03\DOODADS\WORGEN,0,2,0,0,0,0,0,0,0,0,0,0,0,0,0,0,0,0,0,0,0,0,0,0,0,0
C:\Users\ehsra\Documents\GitHub\WMVxTOPNG\ModelsTree\World\EXPANSION03\DOODADS\WORGEN\ITEMS,2,0,0,0,0,2,0,0,0,0,0,0,0,0,0,0,0,0,0,0,0,0,0,0,0,0
C:\Users\ehsra\Documents\GitHub\WMVxTOPNG\ModelsTree\World\EXPANSION03\DOODADS\WORGEN\WALLS,1,0,0,0,0,1,0,0,0,0,0,0,0,0,0,0,0,0,0,0,0,0,0,0,0,0
C:\Users\ehsra\Documents\GitHub\WMVxTOPNG\ModelsTree\World\ExteriorDesigners,0,8,0,0,0,0,0,0,0,0,0,0,0,0,0,0,0,0,0,0,0,0,0,0,0,0
C:\Users\ehsra\Documents\GitHub\WMVxTOPNG\ModelsTree\World\ExteriorDesigners\Buildings,8,0,0,0,0,0,0,0,0,0,4,0,0,4,0,0,0,0,0,0,0,0,0,0,0,0
C:\Users\ehsra\Documents\GitHub\WMVxTOPNG\ModelsTree\World\ExteriorDesigners\GrizzlyHills,2,0,0,0,0,0,0,0,0,0,1,0,0,1,0,0,0,0,0,0,0,0,0,0,0,0
C:\Users\ehsra\Documents\GitHub\WMVxTOPNG\ModelsTree\World\ExteriorDesigners\HowlingFjord,2,0,0,0,0,0,0,0,0,0,1,0,0,1,0,0,0,0,0,0,0,0,0,0,0,0
C:\Users\ehsra\Documents\GitHub\WMVxTOPNG\ModelsTree\World\ExteriorDesigners\IcecrownGlacier,4,0,0,0,0,0,0,0,0,0,2,0,0,2,0,0,0,0,0,0,0,0,0,0,0,0
C:\Users\ehsra\Documents\GitHub\WMVxTOPNG\ModelsTree\World\ExteriorDesigners\StormPeaks,2,0,0,0,0,0,0,0,0,0,1,0,0,1,0,0,0,0,0,0,0,0,0,0,0,0
C:\Users\ehsra\Documents\GitHub\WMVxTOPNG\ModelsTree\World\ExteriorDesigners\Test,22,0,0,0,0,8,0,0,0,0,5,0,0,9,0,0,0,0,0,0,0,0,0,0,0,0
C:\Users\ehsra\Documents\GitHub\WMVxTOPNG\ModelsTree\World\ExteriorDesigners\VehicleTest,3,0,0,0,0,1,0,0,0,0,1,0,0,1,0,0,0,0,0,0,0,0,0,0,0,0
C:\Users\ehsra\Documents\GitHub\WMVxTOPNG\ModelsTree\World\ExteriorDesigners\ZulDrak,72,0,0,0,0,8,0,0,0,0,32,0,0,32,0,0,0,0,0,0,0,0,0,0,0,0
C:\Users\ehsra\Documents\GitHub\WMVxTOPNG\ModelsTree\World\GENERIC,0,33,0,0,0,0,0,0,0,0,0,0,0,0,0,0,0,0,0,0,0,0,0,0,0,0
C:\Users\ehsra\Documents\GitHub\WMVxTOPNG\ModelsTree\World\GENERIC\ACTIVEDOODADS,0,16,0,0,0,0,0,0,0,0,0,0,0,0,0,0,0,0,0,0,0,0,0,0,0,0
C:\Users\ehsra\Documents\GitHub\WMVxTOPNG\ModelsTree\World\GENERIC\ACTIVEDOODADS\Bushes,3,0,0,0,0,1,0,0,0,0,1,0,0,1,0,0,0,0,0,0,0,0,0,0,0,0
C:\Users\ehsra\Documents\GitHub\WMVxTOPNG\ModelsTree\World\GENERIC\ACTIVEDOODADS\Chest01,4,0,0,0,0,2,0,0,0,0,1,0,0,1,0,0,0,0,0,0,0,0,0,0,0,0
C:\Users\ehsra\Documents\GitHub\WMVxTOPNG\ModelsTree\World\GENERIC\ACTIVEDOODADS\CHEST02,4,0,0,0,0,2,0,0,0,0,1,0,0,1,0,0,0,0,0,0,0,0,0,0,0,0
C:\Users\ehsra\Documents\GitHub\WMVxTOPNG\ModelsTree\World\GENERIC\ACTIVEDOODADS\CHEST03,6,0,0,0,0,4,0,0,0,0,1,0,0,1,0,0,0,0,0,0,0,0,0,0,0,0
C:\Users\ehsra\Documents\GitHub\WMVxTOPNG\ModelsTree\World\GENERIC\ACTIVEDOODADS\Chest04,2,0,0,0,0,0,0,0,0,0,1,0,0,1,0,0,0,0,0,0,0,0,0,0,0,0
C:\Users\ehsra\Documents\GitHub\WMVxTOPNG\ModelsTree\World\GENERIC\ACTIVEDOODADS\Chests,10,0,0,0,0,2,0,0,0,0,4,0,0,4,0,0,0,0,0,0,0,0,0,0,0,0
C:\Users\ehsra\Documents\GitHub\WMVxTOPNG\ModelsTree\World\GENERIC\ACTIVEDOODADS\Christmas,3,0,0,0,0,1,0,0,0,0,1,0,0,1,0,0,0,0,0,0,0,0,0,0,0,0
C:\Users\ehsra\Documents\GitHub\WMVxTOPNG\ModelsTree\World\GENERIC\ACTIVEDOODADS\Clam,7,0,0,0,0,3,0,0,0,0,2,0,0,2,0,0,0,0,0,0,0,0,0,0,0,0
C:\Users\ehsra\Documents\GitHub\WMVxTOPNG\ModelsTree\World\GENERIC\ACTIVEDOODADS\Doors,0,4,0,0,0,0,0,0,0,0,0,0,0,0,0,0,0,0,0,0,0,0,0,0,0,0
C:\Users\ehsra\Documents\GitHub\WMVxTOPNG\ModelsTree\World\GENERIC\ACTIVEDOODADS\Doors\GiantPortcullis,3,0,0,0,0,1,0,0,0,0,1,0,0,1,0,0,0,0,0,0,0,0,0,0,0,0
C:\Users\ehsra\Documents\GitHub\WMVxTOPNG\ModelsTree\World\GENERIC\ACTIVEDOODADS\Doors\GnomereganDoors,2,0,0,0,0,0,0,0,0,0,1,0,0,1,0,0,0,0,0,0,0,0,0,0,0,0
C:\Users\ehsra\Documents\GitHub\WMVxTOPNG\ModelsTree\World\GENERIC\ACTIVEDOODADS\Doors\SunkenTempleDoors,2,0,0,0,0,0,0,0,0,0,1,0,0,1,0,0,0,0,0,0,0,0,0,0,0,0
C:\Users\ehsra\Documents\GitHub\WMVxTOPNG\ModelsTree\World\GENERIC\ACTIVEDOODADS\Doors\UldamanDoors,2,0,0,0,0,0,0,0,0,0,1,0,0,1,0,0,0,0,0,0,0,0,0,0,0,0
C:\Users\ehsra\Documents\GitHub\WMVxTOPNG\ModelsTree\World\GENERIC\ACTIVEDOODADS\INSTANCEPORTAL,23,0,0,0,0,5,0,0,0,0,9,0,0,9,0,0,0,0,0,0,0,0,0,0,0,0
C:\Users\ehsra\Documents\GitHub\WMVxTOPNG\ModelsTree\World\GENERIC\ACTIVEDOODADS\MAGEPORTALS,3,0,0,0,0,1,0,0,0,0,1,0,0,1,0,0,0,0,0,0,0,0,0,0,0,0
C:\Users\ehsra\Documents\GitHub\WMVxTOPNG\ModelsTree\World\GENERIC\ACTIVEDOODADS\MeetingStones,19,0,0,0,0,9,0,0,0,0,5,0,0,5,0,0,0,0,0,0,0,0,0,0,0,0
C:\Users\ehsra\Documents\GitHub\WMVxTOPNG\ModelsTree\World\GENERIC\ACTIVEDOODADS\Rocks,5,0,0,0,0,3,0,0,0,0,1,0,0,1,0,0,0,0,0,0,0,0,0,0,0,0
C:\Users\ehsra\Documents\GitHub\WMVxTOPNG\ModelsTree\World\GENERIC\ACTIVEDOODADS\SpellPortals,81,0,0,0,0,23,0,0,0,0,29,0,0,29,0,0,0,0,0,0,0,0,0,0,0,0
C:\Users\ehsra\Documents\GitHub\WMVxTOPNG\ModelsTree\World\GENERIC\ACTIVEDOODADS\TrollChest,3,0,0,0,0,1,0,0,0,0,1,0,0,1,0,0,0,0,0,0,0,0,0,0,0,0
C:\Users\ehsra\Documents\GitHub\WMVxTOPNG\ModelsTree\World\GENERIC\ACTIVEDOODADS\WORLDTREEPORTALS,7,0,0,0,0,5,0,0,0,0,1,0,0,1,0,0,0,0,0,0,0,0,0,0,0,0
C:\Users\ehsra\Documents\GitHub\WMVxTOPNG\ModelsTree\World\GENERIC\Alliance,0,1,0,0,0,0,0,0,0,0,0,0,0,0,0,0,0,0,0,0,0,0,0,0,0,0
C:\Users\ehsra\Documents\GitHub\WMVxTOPNG\ModelsTree\World\GENERIC\Alliance\Chest,3,0,0,0,0,1,0,0,0,0,1,0,0,1,0,0,0,0,0,0,0,0,0,0,0,0
C:\Users\ehsra\Documents\GitHub\WMVxTOPNG\ModelsTree\World\GENERIC\BLOODELF,0,1,0,0,0,0,0,0,0,0,0,0,0,0,0,0,0,0,0,0,0,0,0,0,0,0
C:\Users\ehsra\Documents\GitHub\WMVxTOPNG\ModelsTree\World\GENERIC\BLOODELF\PASSIVE DOODADS,55,1,0,0,0,15,0,0,0,0,20,0,0,20,0,0,0,0,0,0,0,0,0,0,0,0
C:\Users\ehsra\Documents\GitHub\WMVxTOPNG\ModelsTree\World\GENERIC\BLOODELF\PASSIVE DOODADS\FOUNTAIN,3,0,0,0,0,3,0,0,0,0,0,0,0,0,0,0,0,0,0,0,0,0,0,0,0,0
C:\Users\ehsra\Documents\GitHub\WMVxTOPNG\ModelsTree\World\GENERIC\Buildings,0,2,0,0,0,0,0,0,0,0,0,0,0,0,0,0,0,0,0,0,0,0,0,0,0,0
C:\Users\ehsra\Documents\GitHub\WMVxTOPNG\ModelsTree\World\GENERIC\Buildings\HumanTentLarge,2,0,0,0,0,0,0,0,0,0,1,0,0,1,0,0,0,0,0,0,0,0,0,0,0,0
C:\Users\ehsra\Documents\GitHub\WMVxTOPNG\ModelsTree\World\GENERIC\Buildings\HumanTentMedium,5,0,0,0,0,3,0,0,0,0,1,0,0,1,0,0,0,0,0,0,0,0,0,0,0,0
C:\Users\ehsra\Documents\GitHub\WMVxTOPNG\ModelsTree\World\GENERIC\Centaur,0,1,0,0,0,0,0,0,0,0,0,0,0,0,0,0,0,0,0,0,0,0,0,0,0,0
C:\Users\ehsra\Documents\GitHub\WMVxTOPNG\ModelsTree\World\GENERIC\Centaur\Passive Doodads,0,2,0,0,0,0,0,0,0,0,0,0,0,0,0,0,0,0,0,0,0,0,0,0,0,0
C:\Users\ehsra\Documents\GitHub\WMVxTOPNG\ModelsTree\World\GENERIC\Centaur\Passive Doodads\CentaurRuins,14,0,0,0,0,0,0,0,0,0,7,0,0,7,0,0,0,0,0,0,0,0,0,0,0,0
C:\Users\ehsra\Documents\GitHub\WMVxTOPNG\ModelsTree\World\GENERIC\Centaur\Passive Doodads\CentaurTents,4,0,0,0,0,0,0,0,0,0,2,0,0,2,0,0,0,0,0,0,0,0,0,0,0,0
C:\Users\ehsra\Documents\GitHub\WMVxTOPNG\ModelsTree\World\GENERIC\Collision,2,0,0,0,0,0,0,0,0,0,1,0,0,1,0,0,0,0,0,0,0,0,0,0,0,0
C:\Users\ehsra\Documents\GitHub\WMVxTOPNG\ModelsTree\World\GENERIC\DARKIRONDWARF,0,2,0,0,0,0,0,0,0,0,0,0,0,0,0,0,0,0,0,0,0,0,0,0,0,0
C:\Users\ehsra\Documents\GitHub\WMVxTOPNG\ModelsTree\World\GENERIC\DARKIRONDWARF\Active Doodads,0,1,0,0,0,0,0,0,0,0,0,0,0,0,0,0,0,0,0,0,0,0,0,0,0,0
C:\Users\ehsra\Documents\GitHub\WMVxTOPNG\ModelsTree\World\GENERIC\DARKIRONDWARF\Active Doodads\Runes,17,0,0,0,0,1,0,0,0,0,8,0,0,8,0,0,0,0,0,0,0,0,0,0,0,0
C:\Users\ehsra\Documents\GitHub\WMVxTOPNG\ModelsTree\World\GENERIC\DARKIRONDWARF\PASSIVE DOODADS,0,20,0,0,0,0,0,0,0,0,0,0,0,0,0,0,0,0,0,0,0,0,0,0,0,0
C:\Users\ehsra\Documents\GitHub\WMVxTOPNG\ModelsTree\World\GENERIC\DARKIRONDWARF\PASSIVE DOODADS\Beds,8,0,0,0,0,2,0,0,0,0,3,0,0,3,0,0,0,0,0,0,0,0,0,0,0,0
C:\Users\ehsra\Documents\GitHub\WMVxTOPNG\ModelsTree\World\GENERIC\DARKIRONDWARF\PASSIVE DOODADS\Chairs,13,0,0,0,0,1,0,0,0,0,6,0,0,6,0,0,0,0,0,0,0,0,0,0,0,0
C:\Users\ehsra\Documents\GitHub\WMVxTOPNG\ModelsTree\World\GENERIC\DARKIRONDWARF\PASSIVE DOODADS\CORPSES,9,0,0,0,0,1,0,0,0,0,4,0,0,4,0,0,0,0,0,0,0,0,0,0,0,0
C:\Users\ehsra\Documents\GitHub\WMVxTOPNG\ModelsTree\World\GENERIC\DARKIRONDWARF\PASSIVE DOODADS\Crates,10,0,0,0,0,2,0,0,0,0,4,0,0,4,0,0,0,0,0,0,0,0,0,0,0,0
C:\Users\ehsra\Documents\GitHub\WMVxTOPNG\ModelsTree\World\GENERIC\DARKIRONDWARF\PASSIVE DOODADS\GrindingWheels,5,0,0,0,0,1,0,0,0,0,2,0,0,2,0,0,0,0,0,0,0,0,0,0,0,0
C:\Users\ehsra\Documents\GitHub\WMVxTOPNG\ModelsTree\World\GENERIC\DARKIRONDWARF\PASSIVE DOODADS\HayPiles,3,0,0,0,0,1,0,0,0,0,1,0,0,1,0,0,0,0,0,0,0,0,0,0,0,0
C:\Users\ehsra\Documents\GitHub\WMVxTOPNG\ModelsTree\World\GENERIC\DARKIRONDWARF\PASSIVE DOODADS\KEGS,12,0,0,0,0,2,0,0,0,0,5,0,0,5,0,0,0,0,0,0,0,0,0,0,0,0
C:\Users\ehsra\Documents\GitHub\WMVxTOPNG\ModelsTree\World\GENERIC\DARKIRONDWARF\PASSIVE DOODADS\Lamps,7,0,0,0,0,1,0,0,0,0,3,0,0,3,0,0,0,0,0,0,0,0,0,0,0,0
C:\Users\ehsra\Documents\GitHub\WMVxTOPNG\ModelsTree\World\GENERIC\DARKIRONDWARF\PASSIVE DOODADS\Lights,8,0,0,0,0,0,0,0,0,0,4,0,0,4,0,0,0,0,0,0,0,0,0,0,0,0
C:\Users\ehsra\Documents\GitHub\WMVxTOPNG\ModelsTree\World\GENERIC\DARKIRONDWARF\PASSIVE DOODADS\MANACLES,7,0,0,0,0,3,0,0,0,0,2,0,0,2,0,0,0,0,0,0,0,0,0,0,0,0
C:\Users\ehsra\Documents\GitHub\WMVxTOPNG\ModelsTree\World\GENERIC\DARKIRONDWARF\PASSIVE DOODADS\Murals,9,0,0,0,0,3,0,0,0,0,3,0,0,3,0,0,0,0,0,0,0,0,0,0,0,0
C:\Users\ehsra\Documents\GitHub\WMVxTOPNG\ModelsTree\World\GENERIC\DARKIRONDWARF\PASSIVE DOODADS\Skeletons,18,0,0,0,0,4,0,0,0,0,7,0,0,7,0,0,0,0,0,0,0,0,0,0,0,0
C:\Users\ehsra\Documents\GitHub\WMVxTOPNG\ModelsTree\World\GENERIC\DARKIRONDWARF\PASSIVE DOODADS\StretchedSkins,6,0,0,0,0,2,0,0,0,0,2,0,0,2,0,0,0,0,0,0,0,0,0,0,0,0
C:\Users\ehsra\Documents\GitHub\WMVxTOPNG\ModelsTree\World\GENERIC\DARKIRONDWARF\PASSIVE DOODADS\Tables,4,0,0,0,0,0,0,0,0,0,2,0,0,2,0,0,0,0,0,0,0,0,0,0,0,0
C:\Users\ehsra\Documents\GitHub\WMVxTOPNG\ModelsTree\World\GENERIC\DARKIRONDWARF\PASSIVE DOODADS\TAPESTRIES,9,0,0,0,0,3,0,0,0,0,3,0,0,3,0,0,0,0,0,0,0,0,0,0,0,0
C:\Users\ehsra\Documents\GitHub\WMVxTOPNG\ModelsTree\World\GENERIC\DARKIRONDWARF\PASSIVE DOODADS\Throne,4,0,0,0,0,2,0,0,0,0,1,0,0,1,0,0,0,0,0,0,0,0,0,0,0,0
C:\Users\ehsra\Documents\GitHub\WMVxTOPNG\ModelsTree\World\GENERIC\DARKIRONDWARF\PASSIVE DOODADS\Tools,4,0,0,0,0,0,0,0,0,0,2,0,0,2,0,0,0,0,0,0,0,0,0,0,0,0
C:\Users\ehsra\Documents\GitHub\WMVxTOPNG\ModelsTree\World\GENERIC\DARKIRONDWARF\PASSIVE DOODADS\WoodPiles,4,0,0,0,0,0,0,0,0,0,2,0,0,2,0,0,0,0,0,0,0,0,0,0,0,0
C:\Users\ehsra\Documents\GitHub\WMVxTOPNG\ModelsTree\World\GENERIC\DARKIRONDWARF\PASSIVE DOODADS\WoodPlanks,14,0,0,0,0,0,0,0,0,0,7,0,0,7,0,0,0,0,0,0,0,0,0,0,0,0
C:\Users\ehsra\Documents\GitHub\WMVxTOPNG\ModelsTree\World\GENERIC\DARKIRONDWARF\PASSIVE DOODADS\WorkBenches,9,0,0,0,0,1,0,0,0,0,4,0,0,4,0,0,0,0,0,0,0,0,0,0,0,0
C:\Users\ehsra\Documents\GitHub\WMVxTOPNG\ModelsTree\World\GENERIC\Doodads,0,1,0,0,0,0,0,0,0,0,0,0,0,0,0,0,0,0,0,0,0,0,0,0,0,0
C:\Users\ehsra\Documents\GitHub\WMVxTOPNG\ModelsTree\World\GENERIC\Doodads\Fishing,0,1,0,0,0,0,0,0,0,0,0,0,0,0,0,0,0,0,0,0,0,0,0,0,0,0
C:\Users\ehsra\Documents\GitHub\WMVxTOPNG\ModelsTree\World\GENERIC\Doodads\Fishing\Chair,4,0,0,0,0,2,0,0,0,0,1,0,0,1,0,0,0,0,0,0,0,0,0,0,0,0
C:\Users\ehsra\Documents\GitHub\WMVxTOPNG\ModelsTree\World\GENERIC\DWARF,0,2,0,0,0,0,0,0,0,0,0,0,0,0,0,0,0,0,0,0,0,0,0,0,0,0
C:\Users\ehsra\Documents\GitHub\WMVxTOPNG\ModelsTree\World\GENERIC\DWARF\ACTIVE DOODADS,0,1,0,0,0,0,0,0,0,0,0,0,0,0,0,0,0,0,0,0,0,0,0,0,0,0
C:\Users\ehsra\Documents\GitHub\WMVxTOPNG\ModelsTree\World\GENERIC\DWARF\ACTIVE DOODADS\DOORS,3,0,0,0,0,1,0,0,0,0,1,0,0,1,0,0,0,0,0,0,0,0,0,0,0,0
C:\Users\ehsra\Documents\GitHub\WMVxTOPNG\ModelsTree\World\GENERIC\DWARF\PASSIVE DOODADS,0,48,0,0,0,0,0,0,0,0,0,0,0,0,0,0,0,0,0,0,0,0,0,0,0,0
C:\Users\ehsra\Documents\GitHub\WMVxTOPNG\ModelsTree\World\GENERIC\DWARF\PASSIVE DOODADS\Banners,7,0,0,0,0,1,0,0,0,0,3,0,0,3,0,0,0,0,0,0,0,0,0,0,0,0
C:\Users\ehsra\Documents\GitHub\WMVxTOPNG\ModelsTree\World\GENERIC\DWARF\PASSIVE DOODADS\BARRELS,3,0,0,0,0,1,0,0,0,0,1,0,0,1,0,0,0,0,0,0,0,0,0,0,0,0
C:\Users\ehsra\Documents\GitHub\WMVxTOPNG\ModelsTree\World\GENERIC\DWARF\PASSIVE DOODADS\Battlements,45,0,0,0,0,9,0,0,0,0,18,0,0,18,0,0,0,0,0,0,0,0,0,0,0,0
C:\Users\ehsra\Documents\GitHub\WMVxTOPNG\ModelsTree\World\GENERIC\DWARF\PASSIVE DOODADS\Beds,4,0,0,0,0,2,0,0,0,0,1,0,0,1,0,0,0,0,0,0,0,0,0,0,0,0
C:\Users\ehsra\Documents\GitHub\WMVxTOPNG\ModelsTree\World\GENERIC\DWARF\PASSIVE DOODADS\Benches,9,0,0,0,0,3,0,0,0,0,3,0,0,3,0,0,0,0,0,0,0,0,0,0,0,0
C:\Users\ehsra\Documents\GitHub\WMVxTOPNG\ModelsTree\World\GENERIC\DWARF\PASSIVE DOODADS\Bookshelves,30,0,0,0,0,0,0,0,0,0,15,0,0,15,0,0,0,0,0,0,0,0,0,0,0,0
C:\Users\ehsra\Documents\GitHub\WMVxTOPNG\ModelsTree\World\GENERIC\DWARF\PASSIVE DOODADS\Braziers,10,0,0,0,0,4,0,0,0,0,3,0,0,3,0,0,0,0,0,0,0,0,0,0,0,0
C:\Users\ehsra\Documents\GitHub\WMVxTOPNG\ModelsTree\World\GENERIC\DWARF\PASSIVE DOODADS\ChainLinks,6,0,0,0,0,0,0,0,0,0,3,0,0,3,0,0,0,0,0,0,0,0,0,0,0,0
C:\Users\ehsra\Documents\GitHub\WMVxTOPNG\ModelsTree\World\GENERIC\DWARF\PASSIVE DOODADS\Chairs,25,0,0,0,0,5,0,0,0,0,10,0,0,10,0,0,0,0,0,0,0,0,0,0,0,0
C:\Users\ehsra\Documents\GitHub\WMVxTOPNG\ModelsTree\World\GENERIC\DWARF\PASSIVE DOODADS\ConstructionSigns,7,0,0,0,0,3,0,0,0,0,2,0,0,2,0,0,0,0,0,0,0,0,0,0,0,0
C:\Users\ehsra\Documents\GitHub\WMVxTOPNG\ModelsTree\World\GENERIC\DWARF\PASSIVE DOODADS\Debris,20,0,0,0,0,0,0,0,0,0,10,0,0,10,0,0,0,0,0,0,0,0,0,0,0,0
C:\Users\ehsra\Documents\GitHub\WMVxTOPNG\ModelsTree\World\GENERIC\DWARF\PASSIVE DOODADS\Docks,3,0,0,0,0,1,0,0,0,0,1,0,0,1,0,0,0,0,0,0,0,0,0,0,0,0
C:\Users\ehsra\Documents\GitHub\WMVxTOPNG\ModelsTree\World\GENERIC\DWARF\PASSIVE DOODADS\DWARFCORPSE,3,0,0,0,0,1,0,0,0,0,1,0,0,1,0,0,0,0,0,0,0,0,0,0,0,0
C:\Users\ehsra\Documents\GitHub\WMVxTOPNG\ModelsTree\World\GENERIC\DWARF\PASSIVE DOODADS\Dynamite,2,0,0,0,0,0,0,0,0,0,1,0,0,1,0,0,0,0,0,0,0,0,0,0,0,0
C:\Users\ehsra\Documents\GitHub\WMVxTOPNG\ModelsTree\World\GENERIC\DWARF\PASSIVE DOODADS\ExcavationBannerStands,8,0,0,0,0,2,0,0,0,0,3,0,0,3,0,0,0,0,0,0,0,0,0,0,0,0
C:\Users\ehsra\Documents\GitHub\WMVxTOPNG\ModelsTree\World\GENERIC\DWARF\PASSIVE DOODADS\ExcavationBarrierPlank,14,0,0,0,0,0,0,0,0,0,7,0,0,7,0,0,0,0,0,0,0,0,0,0,0,0
C:\Users\ehsra\Documents\GitHub\WMVxTOPNG\ModelsTree\World\GENERIC\DWARF\PASSIVE DOODADS\ExcavationBarrierPole,8,0,0,0,0,0,0,0,0,0,4,0,0,4,0,0,0,0,0,0,0,0,0,0,0,0
C:\Users\ehsra\Documents\GitHub\WMVxTOPNG\ModelsTree\World\GENERIC\DWARF\PASSIVE DOODADS\EXCAVATIONBARRIERS,33,0,0,0,0,1,0,0,0,0,16,0,0,16,0,0,0,0,0,0,0,0,0,0,0,0
C:\Users\ehsra\Documents\GitHub\WMVxTOPNG\ModelsTree\World\GENERIC\DWARF\PASSIVE DOODADS\EXCAVATIONCRANE,7,0,0,0,0,5,0,0,0,0,1,0,0,1,0,0,0,0,0,0,0,0,0,0,0,0
C:\Users\ehsra\Documents\GitHub\WMVxTOPNG\ModelsTree\World\GENERIC\DWARF\PASSIVE DOODADS\ExcavationDwarvenRuins,6,0,0,0,0,2,0,0,0,0,2,0,0,2,0,0,0,0,0,0,0,0,0,0,0,0
C:\Users\ehsra\Documents\GitHub\WMVxTOPNG\ModelsTree\World\GENERIC\DWARF\PASSIVE DOODADS\EXCAVATIONRAILINGPOST,5,0,0,0,0,1,0,0,0,0,2,0,0,2,0,0,0,0,0,0,0,0,0,0,0,0
C:\Users\ehsra\Documents\GitHub\WMVxTOPNG\ModelsTree\World\GENERIC\DWARF\PASSIVE DOODADS\ExcavationRailingRail,2,0,0,0,0,0,0,0,0,0,1,0,0,1,0,0,0,0,0,0,0,0,0,0,0,0
C:\Users\ehsra\Documents\GitHub\WMVxTOPNG\ModelsTree\World\GENERIC\DWARF\PASSIVE DOODADS\EXCAVATIONROPESTAKE,6,0,0,0,0,2,0,0,0,0,2,0,0,2,0,0,0,0,0,0,0,0,0,0,0,0
C:\Users\ehsra\Documents\GitHub\WMVxTOPNG\ModelsTree\World\GENERIC\DWARF\PASSIVE DOODADS\ExcavationStake,2,0,0,0,0,0,0,0,0,0,1,0,0,1,0,0,0,0,0,0,0,0,0,0,0,0
C:\Users\ehsra\Documents\GitHub\WMVxTOPNG\ModelsTree\World\GENERIC\DWARF\PASSIVE DOODADS\ExcavationTentPavillion,2,0,0,0,0,0,0,0,0,0,1,0,0,1,0,0,0,0,0,0,0,0,0,0,0,0
C:\Users\ehsra\Documents\GitHub\WMVxTOPNG\ModelsTree\World\GENERIC\DWARF\PASSIVE DOODADS\EXCAVATIONTENTPAVILLIONRUINED,5,0,0,0,0,3,0,0,0,0,1,0,0,1,0,0,0,0,0,0,0,0,0,0,0,0
C:\Users\ehsra\Documents\GitHub\WMVxTOPNG\ModelsTree\World\GENERIC\DWARF\PASSIVE DOODADS\EXCAVATIONTENTS,9,0,0,0,0,1,0,0,0,0,4,0,0,4,0,0,0,0,0,0,0,0,0,0,0,0
C:\Users\ehsra\Documents\GitHub\WMVxTOPNG\ModelsTree\World\GENERIC\DWARF\PASSIVE DOODADS\EXCAVATIONWATERWAGON,3,0,0,0,0,1,0,0,0,0,1,0,0,1,0,0,0,0,0,0,0,0,0,0,0,0
C:\Users\ehsra\Documents\GitHub\WMVxTOPNG\ModelsTree\World\GENERIC\DWARF\PASSIVE DOODADS\Forgebonfire,2,0,0,0,0,0,0,0,0,0,1,0,0,1,0,0,0,0,0,0,0,0,0,0,0,0
C:\Users\ehsra\Documents\GitHub\WMVxTOPNG\ModelsTree\World\GENERIC\DWARF\PASSIVE DOODADS\GUNRACKS,18,0,0,0,0,2,0,0,0,0,8,0,0,8,0,0,0,0,0,0,0,0,0,0,0,0
C:\Users\ehsra\Documents\GitHub\WMVxTOPNG\ModelsTree\World\GENERIC\DWARF\PASSIVE DOODADS\Guns,2,0,0,0,0,0,0,0,0,0,1,0,0,1,0,0,0,0,0,0,0,0,0,0,0,0
C:\Users\ehsra\Documents\GitHub\WMVxTOPNG\ModelsTree\World\GENERIC\DWARF\PASSIVE DOODADS\GYROCOPTER,3,0,0,0,0,1,0,0,0,0,1,0,0,1,0,0,0,0,0,0,0,0,0,0,0,0
C:\Users\ehsra\Documents\GitHub\WMVxTOPNG\ModelsTree\World\GENERIC\DWARF\PASSIVE DOODADS\LampPosts,5,0,0,0,0,1,0,0,0,0,2,0,0,2,0,0,0,0,0,0,0,0,0,0,0,0
C:\Users\ehsra\Documents\GitHub\WMVxTOPNG\ModelsTree\World\GENERIC\DWARF\PASSIVE DOODADS\LANTERNS,49,0,0,0,0,15,0,0,0,0,17,0,0,17,0,0,0,0,0,0,0,0,0,0,0,0
C:\Users\ehsra\Documents\GitHub\WMVxTOPNG\ModelsTree\World\GENERIC\DWARF\PASSIVE DOODADS\MineCarts,12,0,0,0,0,10,0,0,0,0,1,0,0,1,0,0,0,0,0,0,0,0,0,0,0,0
C:\Users\ehsra\Documents\GitHub\WMVxTOPNG\ModelsTree\World\GENERIC\DWARF\PASSIVE DOODADS\MUSEUM,3,0,0,0,0,1,0,0,0,0,1,0,0,1,0,0,0,0,0,0,0,0,0,0,0,0
C:\Users\ehsra\Documents\GitHub\WMVxTOPNG\ModelsTree\World\GENERIC\DWARF\PASSIVE DOODADS\Platters,10,0,0,0,0,2,0,0,0,0,4,0,0,4,0,0,0,0,0,0,0,0,0,0,0,0
C:\Users\ehsra\Documents\GitHub\WMVxTOPNG\ModelsTree\World\GENERIC\DWARF\PASSIVE DOODADS\PowderKegs,4,0,0,0,0,0,0,0,0,0,2,0,0,2,0,0,0,0,0,0,0,0,0,0,0,0
C:\Users\ehsra\Documents\GitHub\WMVxTOPNG\ModelsTree\World\GENERIC\DWARF\PASSIVE DOODADS\SharpeningWheel,7,0,0,0,0,5,0,0,0,0,1,0,0,1,0,0,0,0,0,0,0,0,0,0,0,0
C:\Users\ehsra\Documents\GitHub\WMVxTOPNG\ModelsTree\World\GENERIC\DWARF\PASSIVE DOODADS\SignPosts,5,0,0,0,0,1,0,0,0,0,2,0,0,2,0,0,0,0,0,0,0,0,0,0,0,0
C:\Users\ehsra\Documents\GitHub\WMVxTOPNG\ModelsTree\World\GENERIC\DWARF\PASSIVE DOODADS\Signs,116,0,0,0,0,38,0,0,0,0,39,0,0,39,0,0,0,0,0,0,0,0,0,0,0,0
C:\Users\ehsra\Documents\GitHub\WMVxTOPNG\ModelsTree\World\GENERIC\DWARF\PASSIVE DOODADS\STEINS,6,0,0,0,0,2,0,0,0,0,2,0,0,2,0,0,0,0,0,0,0,0,0,0,0,0
C:\Users\ehsra\Documents\GitHub\WMVxTOPNG\ModelsTree\World\GENERIC\DWARF\PASSIVE DOODADS\TABLES,46,0,0,0,0,4,0,0,0,0,21,0,0,21,0,0,0,0,0,0,0,0,0,0,0,0
C:\Users\ehsra\Documents\GitHub\WMVxTOPNG\ModelsTree\World\GENERIC\DWARF\PASSIVE DOODADS\TARGETS,30,0,0,0,0,10,0,0,0,0,10,0,0,10,0,0,0,0,0,0,0,0,0,0,0,0
C:\Users\ehsra\Documents\GitHub\WMVxTOPNG\ModelsTree\World\GENERIC\DWARF\PASSIVE DOODADS\TavernStuff,18,0,0,0,0,4,0,0,0,0,7,0,0,7,0,0,0,0,0,0,0,0,0,0,0,0
C:\Users\ehsra\Documents\GitHub\WMVxTOPNG\ModelsTree\World\GENERIC\DWARF\PASSIVE DOODADS\Tilings,9,0,0,0,0,3,0,0,0,0,3,0,0,3,0,0,0,0,0,0,0,0,0,0,0,0
C:\Users\ehsra\Documents\GitHub\WMVxTOPNG\ModelsTree\World\GENERIC\DWARF\PASSIVE DOODADS\Tools,11,0,0,0,0,1,0,0,0,0,5,0,0,5,0,0,0,0,0,0,0,0,0,0,0,0
C:\Users\ehsra\Documents\GitHub\WMVxTOPNG\ModelsTree\World\GENERIC\DWARF\PASSIVE DOODADS\WARDROBE,21,0,0,0,0,3,0,0,0,0,9,0,0,9,0,0,0,0,0,0,0,0,0,0,0,0
C:\Users\ehsra\Documents\GitHub\WMVxTOPNG\ModelsTree\World\GENERIC\GNOME,0,2,0,0,0,0,0,0,0,0,0,0,0,0,0,0,0,0,0,0,0,0,0,0,0,0
C:\Users\ehsra\Documents\GitHub\WMVxTOPNG\ModelsTree\World\GENERIC\GNOME\ACTIVEDOODADS,0,1,0,0,0,0,0,0,0,0,0,0,0,0,0,0,0,0,0,0,0,0,0,0,0,0
C:\Users\ehsra\Documents\GitHub\WMVxTOPNG\ModelsTree\World\GENERIC\GNOME\ACTIVEDOODADS\GNOMEMACHINE,7,0,0,0,0,4,0,0,0,0,1,0,0,2,0,0,0,0,0,0,0,0,0,0,0,0
C:\Users\ehsra\Documents\GitHub\WMVxTOPNG\ModelsTree\World\GENERIC\GNOME\PASSIVE DOODADS,0,19,0,0,0,0,0,0,0,0,0,0,0,0,0,0,0,0,0,0,0,0,0,0,0,0
C:\Users\ehsra\Documents\GitHub\WMVxTOPNG\ModelsTree\World\GENERIC\GNOME\PASSIVE DOODADS\BUCKETS,11,0,0,0,0,1,0,0,0,0,5,0,0,5,0,0,0,0,0,0,0,0,0,0,0,0
C:\Users\ehsra\Documents\GitHub\WMVxTOPNG\ModelsTree\World\GENERIC\GNOME\PASSIVE DOODADS\ElevatorParts,11,0,0,0,0,3,0,0,0,0,4,0,0,4,0,0,0,0,0,0,0,0,0,0,0,0
C:\Users\ehsra\Documents\GitHub\WMVxTOPNG\ModelsTree\World\GENERIC\GNOME\PASSIVE DOODADS\FURNITURE,31,0,0,0,0,5,0,0,0,0,13,0,0,13,0,0,0,0,0,0,0,0,0,0,0,0
C:\Users\ehsra\Documents\GitHub\WMVxTOPNG\ModelsTree\World\GENERIC\GNOME\PASSIVE DOODADS\Gears&Levers,10,0,0,0,0,0,0,0,0,0,5,0,0,5,0,0,0,0,0,0,0,0,0,0,0,0
C:\Users\ehsra\Documents\GitHub\WMVxTOPNG\ModelsTree\World\GENERIC\GNOME\PASSIVE DOODADS\GNOMEMACHINE,38,0,0,1,0,13,0,0,0,0,11,0,0,13,0,0,0,0,0,0,0,0,0,0,0,0
C:\Users\ehsra\Documents\GitHub\WMVxTOPNG\ModelsTree\World\GENERIC\GNOME\PASSIVE DOODADS\GnomeMachinery,6,0,0,0,0,2,0,0,0,0,2,0,0,2,0,0,0,0,0,0,0,0,0,0,0,0
C:\Users\ehsra\Documents\GitHub\WMVxTOPNG\ModelsTree\World\GENERIC\GNOME\PASSIVE DOODADS\GnomeRoboArm,2,0,0,0,0,0,0,0,0,0,1,0,0,1,0,0,0,0,0,0,0,0,0,0,0,0
C:\Users\ehsra\Documents\GitHub\WMVxTOPNG\ModelsTree\World\GENERIC\GNOME\PASSIVE DOODADS\GnomeRocketCarts,7,0,0,0,0,1,0,0,0,0,3,0,0,3,0,0,0,0,0,0,0,0,0,0,0,0
C:\Users\ehsra\Documents\GitHub\WMVxTOPNG\ModelsTree\World\GENERIC\GNOME\PASSIVE DOODADS\GnomeWallAddons,2,0,0,0,0,0,0,0,0,0,1,0,0,1,0,0,0,0,0,0,0,0,0,0,0,0
C:\Users\ehsra\Documents\GitHub\WMVxTOPNG\ModelsTree\World\GENERIC\GNOME\PASSIVE DOODADS\HazardLights,12,0,0,0,0,4,0,0,0,0,4,0,0,4,0,0,0,0,0,0,0,0,0,0,0,0
C:\Users\ehsra\Documents\GitHub\WMVxTOPNG\ModelsTree\World\GENERIC\GNOME\PASSIVE DOODADS\LIGHTS,10,0,0,0,0,2,0,0,0,0,4,0,0,4,0,0,0,0,0,0,0,0,0,0,0,0
C:\Users\ehsra\Documents\GitHub\WMVxTOPNG\ModelsTree\World\GENERIC\GNOME\PASSIVE DOODADS\Parts,28,0,0,0,0,0,0,0,0,0,14,0,0,14,0,0,0,0,0,0,0,0,0,0,0,0
C:\Users\ehsra\Documents\GitHub\WMVxTOPNG\ModelsTree\World\GENERIC\GNOME\PASSIVE DOODADS\Pipes,8,0,0,0,0,0,0,0,0,0,4,0,0,4,0,0,0,0,0,0,0,0,0,0,0,0
C:\Users\ehsra\Documents\GitHub\WMVxTOPNG\ModelsTree\World\GENERIC\GNOME\PASSIVE DOODADS\RocketPlatform,2,0,0,0,0,0,0,0,0,0,1,0,0,1,0,0,0,0,0,0,0,0,0,0,0,0
C:\Users\ehsra\Documents\GitHub\WMVxTOPNG\ModelsTree\World\GENERIC\GNOME\PASSIVE DOODADS\SignPosts,8,0,0,0,0,2,0,0,0,0,3,0,0,3,0,0,0,0,0,0,0,0,0,0,0,0
C:\Users\ehsra\Documents\GitHub\WMVxTOPNG\ModelsTree\World\GENERIC\GNOME\PASSIVE DOODADS\SPIDERTANK,3,0,0,0,0,1,0,0,0,0,1,0,0,1,0,0,0,0,0,0,0,0,0,0,0,0
C:\Users\ehsra\Documents\GitHub\WMVxTOPNG\ModelsTree\World\GENERIC\GNOME\PASSIVE DOODADS\SteamWhistles,6,0,0,0,0,0,0,0,0,0,3,0,0,3,0,0,0,0,0,0,0,0,0,0,0,0
C:\Users\ehsra\Documents\GitHub\WMVxTOPNG\ModelsTree\World\GENERIC\GNOME\PASSIVE DOODADS\Subway,7,0,0,0,0,1,0,0,0,0,3,0,0,3,0,0,0,0,0,0,0,0,0,0,0,0
C:\Users\ehsra\Documents\GitHub\WMVxTOPNG\ModelsTree\World\GENERIC\GNOME\PASSIVE DOODADS\Tools,12,0,0,0,0,0,0,0,0,0,6,0,0,6,0,0,0,0,0,0,0,0,0,0,0,0
C:\Users\ehsra\Documents\GitHub\WMVxTOPNG\ModelsTree\World\GENERIC\GOBLIN,0,1,0,0,0,0,0,0,0,0,0,0,0,0,0,0,0,0,0,0,0,0,0,0,0,0
C:\Users\ehsra\Documents\GitHub\WMVxTOPNG\ModelsTree\World\GENERIC\GOBLIN\PASSIVEDOODADS,0,8,0,0,0,0,0,0,0,0,0,0,0,0,0,0,0,0,0,0,0,0,0,0,0,0
C:\Users\ehsra\Documents\GitHub\WMVxTOPNG\ModelsTree\World\GENERIC\GOBLIN\PASSIVEDOODADS\ControlPanel,2,0,0,0,0,0,0,0,0,0,1,0,0,1,0,0,0,0,0,0,0,0,0,0,0,0
C:\Users\ehsra\Documents\GitHub\WMVxTOPNG\ModelsTree\World\GENERIC\GOBLIN\PASSIVEDOODADS\CRAZYMACHINES,1,0,0,0,0,1,0,0,0,0,0,0,0,0,0,0,0,0,0,0,0,0,0,0,0,0
C:\Users\ehsra\Documents\GitHub\WMVxTOPNG\ModelsTree\World\GENERIC\GOBLIN\PASSIVEDOODADS\GOBLINMACHINERY,17,0,0,0,0,11,0,0,0,0,3,0,0,3,0,0,0,0,0,0,0,0,0,0,0,0
C:\Users\ehsra\Documents\GitHub\WMVxTOPNG\ModelsTree\World\GENERIC\GOBLIN\PASSIVEDOODADS\GOBLINROCKETCARTS,26,0,0,0,0,8,0,0,0,0,9,0,0,9,0,0,0,0,0,0,0,0,0,0,0,0
C:\Users\ehsra\Documents\GitHub\WMVxTOPNG\ModelsTree\World\GENERIC\GOBLIN\PASSIVEDOODADS\GoblinShredderSuit,4,0,0,0,0,0,0,0,0,0,2,0,0,2,0,0,0,0,0,0,0,0,0,0,0,0
C:\Users\ehsra\Documents\GitHub\WMVxTOPNG\ModelsTree\World\GENERIC\GOBLIN\PASSIVEDOODADS\GOBLINTENTS,15,0,0,0,0,1,0,0,0,0,7,0,0,7,0,0,0,0,0,0,0,0,0,0,0,0
C:\Users\ehsra\Documents\GitHub\WMVxTOPNG\ModelsTree\World\GENERIC\GOBLIN\PASSIVEDOODADS\GoblinTNTWagon,3,0,0,0,0,1,0,0,0,0,1,0,0,1,0,0,0,0,0,0,0,0,0,0,0,0
C:\Users\ehsra\Documents\GitHub\WMVxTOPNG\ModelsTree\World\GENERIC\GOBLIN\PASSIVEDOODADS\RocketShip,3,0,0,0,0,1,0,0,0,0,1,0,0,1,0,0,0,0,0,0,0,0,0,0,0,0
C:\Users\ehsra\Documents\GitHub\WMVxTOPNG\ModelsTree\World\GENERIC\Horde,0,2,0,0,0,0,0,0,0,0,0,0,0,0,0,0,0,0,0,0,0,0,0,0,0,0
C:\Users\ehsra\Documents\GitHub\WMVxTOPNG\ModelsTree\World\GENERIC\Horde\ActiveDoodads,0,1,0,0,0,0,0,0,0,0,0,0,0,0,0,0,0,0,0,0,0,0,0,0,0,0
C:\Users\ehsra\Documents\GitHub\WMVxTOPNG\ModelsTree\World\GENERIC\Horde\ActiveDoodads\gate,2,0,0,0,0,0,0,0,0,0,1,0,0,1,0,0,0,0,0,0,0,0,0,0,0,0
C:\Users\ehsra\Documents\GitHub\WMVxTOPNG\ModelsTree\World\GENERIC\Horde\Chest,4,0,0,0,0,2,0,0,0,0,1,0,0,1,0,0,0,0,0,0,0,0,0,0,0,0
C:\Users\ehsra\Documents\GitHub\WMVxTOPNG\ModelsTree\World\GENERIC\HUMAN,0,3,0,0,0,0,0,0,0,0,0,0,0,0,0,0,0,0,0,0,0,0,0,0,0,0
C:\Users\ehsra\Documents\GitHub\WMVxTOPNG\ModelsTree\World\GENERIC\HUMAN\ACTIVEDOODADS,0,3,0,0,0,0,0,0,0,0,0,0,0,0,0,0,0,0,0,0,0,0,0,0,0,0
C:\Users\ehsra\Documents\GitHub\WMVxTOPNG\ModelsTree\World\GENERIC\HUMAN\ACTIVEDOODADS\DOORS,39,0,0,0,0,11,0,0,0,0,14,0,0,14,0,0,0,0,0,0,0,0,0,0,0,0
C:\Users\ehsra\Documents\GitHub\WMVxTOPNG\ModelsTree\World\GENERIC\HUMAN\ACTIVEDOODADS\gate,2,0,0,0,0,0,0,0,0,0,1,0,0,1,0,0,0,0,0,0,0,0,0,0,0,0
C:\Users\ehsra\Documents\GitHub\WMVxTOPNG\ModelsTree\World\GENERIC\HUMAN\ACTIVEDOODADS\Shadowfang,3,0,0,0,0,1,0,0,0,0,1,0,0,1,0,0,0,0,0,0,0,0,0,0,0,0
C:\Users\ehsra\Documents\GitHub\WMVxTOPNG\ModelsTree\World\GENERIC\HUMAN\PASSIVE DOODADS,5,133,0,0,0,3,0,0,0,0,1,0,0,1,0,0,0,0,0,0,0,0,0,0,0,0
C:\Users\ehsra\Documents\GitHub\WMVxTOPNG\ModelsTree\World\GENERIC\HUMAN\PASSIVE DOODADS\Altars,9,0,0,0,0,3,0,0,0,0,3,0,0,3,0,0,0,0,0,0,0,0,0,0,0,0
C:\Users\ehsra\Documents\GitHub\WMVxTOPNG\ModelsTree\World\GENERIC\HUMAN\PASSIVE DOODADS\Anchor,3,0,0,0,0,1,0,0,0,0,1,0,0,1,0,0,0,0,0,0,0,0,0,0,0,0
C:\Users\ehsra\Documents\GitHub\WMVxTOPNG\ModelsTree\World\GENERIC\HUMAN\PASSIVE DOODADS\Anchors,2,0,0,0,0,0,0,0,0,0,1,0,0,1,0,0,0,0,0,0,0,0,0,0,0,0
C:\Users\ehsra\Documents\GitHub\WMVxTOPNG\ModelsTree\World\GENERIC\HUMAN\PASSIVE DOODADS\ANIMALHEADS,27,0,0,0,0,7,0,0,0,0,10,0,0,10,0,0,0,0,0,0,0,0,0,0,0,0
C:\Users\ehsra\Documents\GitHub\WMVxTOPNG\ModelsTree\World\GENERIC\HUMAN\PASSIVE DOODADS\ArcheryTargets,2,0,0,0,0,0,0,0,0,0,1,0,0,1,0,0,0,0,0,0,0,0,0,0,0,0
C:\Users\ehsra\Documents\GitHub\WMVxTOPNG\ModelsTree\World\GENERIC\HUMAN\PASSIVE DOODADS\Arches,16,0,0,0,0,4,0,0,0,0,6,0,0,6,0,0,0,0,0,0,0,0,0,0,0,0
C:\Users\ehsra\Documents\GitHub\WMVxTOPNG\ModelsTree\World\GENERIC\HUMAN\PASSIVE DOODADS\Armor,108,0,0,0,0,2,0,0,0,0,53,0,0,53,0,0,0,0,0,0,0,0,0,0,0,0
C:\Users\ehsra\Documents\GitHub\WMVxTOPNG\ModelsTree\World\GENERIC\HUMAN\PASSIVE DOODADS\Artwork,48,0,0,0,0,16,0,0,0,0,16,0,0,16,0,0,0,0,0,0,0,0,0,0,0,0
C:\Users\ehsra\Documents\GitHub\WMVxTOPNG\ModelsTree\World\GENERIC\HUMAN\PASSIVE DOODADS\BallandChain,2,0,0,0,0,0,0,0,0,0,1,0,0,1,0,0,0,0,0,0,0,0,0,0,0,0
C:\Users\ehsra\Documents\GitHub\WMVxTOPNG\ModelsTree\World\GENERIC\HUMAN\PASSIVE DOODADS\BallistaRuins,9,0,0,0,0,1,0,0,0,0,4,0,0,4,0,0,0,0,0,0,0,0,0,0,0,0
C:\Users\ehsra\Documents\GitHub\WMVxTOPNG\ModelsTree\World\GENERIC\HUMAN\PASSIVE DOODADS\Banners,76,0,0,0,0,22,0,0,0,0,27,0,0,27,0,0,0,0,0,0,0,0,0,0,0,0
C:\Users\ehsra\Documents\GitHub\WMVxTOPNG\ModelsTree\World\GENERIC\HUMAN\PASSIVE DOODADS\Beds,5,0,0,0,0,1,0,0,0,0,2,0,0,2,0,0,0,0,0,0,0,0,0,0,0,0
C:\Users\ehsra\Documents\GitHub\WMVxTOPNG\ModelsTree\World\GENERIC\HUMAN\PASSIVE DOODADS\BeerKegs,7,0,0,0,0,1,0,0,0,0,3,0,0,3,0,0,0,0,0,0,0,0,0,0,0,0
C:\Users\ehsra\Documents\GitHub\WMVxTOPNG\ModelsTree\World\GENERIC\HUMAN\PASSIVE DOODADS\Bellows,4,0,0,0,0,0,0,0,0,0,2,0,0,2,0,0,0,0,0,0,0,0,0,0,0,0
C:\Users\ehsra\Documents\GitHub\WMVxTOPNG\ModelsTree\World\GENERIC\HUMAN\PASSIVE DOODADS\Benches,11,0,0,0,0,1,0,0,0,0,5,0,0,5,0,0,0,0,0,0,0,0,0,0,0,0
C:\Users\ehsra\Documents\GitHub\WMVxTOPNG\ModelsTree\World\GENERIC\HUMAN\PASSIVE DOODADS\BOOKS,90,0,0,0,0,6,0,0,0,0,42,0,0,42,0,0,0,0,0,0,0,0,0,0,0,0
C:\Users\ehsra\Documents\GitHub\WMVxTOPNG\ModelsTree\World\GENERIC\HUMAN\PASSIVE DOODADS\BookShelves,15,0,0,0,0,1,0,0,0,0,7,0,0,7,0,0,0,0,0,0,0,0,0,0,0,0
C:\Users\ehsra\Documents\GitHub\WMVxTOPNG\ModelsTree\World\GENERIC\HUMAN\PASSIVE DOODADS\BookStacks,4,0,0,0,0,0,0,0,0,0,2,0,0,2,0,0,0,0,0,0,0,0,0,0,0,0
C:\Users\ehsra\Documents\GitHub\WMVxTOPNG\ModelsTree\World\GENERIC\HUMAN\PASSIVE DOODADS\Bottles,9,0,0,0,0,1,0,0,0,0,4,0,0,4,0,0,0,0,0,0,0,0,0,0,0,0
C:\Users\ehsra\Documents\GitHub\WMVxTOPNG\ModelsTree\World\GENERIC\HUMAN\PASSIVE DOODADS\Braziers,9,0,0,0,0,3,0,0,0,0,3,0,0,3,0,0,0,0,0,0,0,0,0,0,0,0
C:\Users\ehsra\Documents\GitHub\WMVxTOPNG\ModelsTree\World\GENERIC\HUMAN\PASSIVE DOODADS\BUCKETS,6,0,0,0,0,2,0,0,0,0,2,0,0,2,0,0,0,0,0,0,0,0,0,0,0,0
C:\Users\ehsra\Documents\GitHub\WMVxTOPNG\ModelsTree\World\GENERIC\HUMAN\PASSIVE DOODADS\CANDELABRAS,9,0,0,0,0,3,0,0,0,0,3,0,0,3,0,0,0,0,0,0,0,0,0,0,0,0
C:\Users\ehsra\Documents\GitHub\WMVxTOPNG\ModelsTree\World\GENERIC\HUMAN\PASSIVE DOODADS\CANNON,8,0,0,0,0,2,0,0,0,0,3,0,0,3,0,0,0,0,0,0,0,0,0,0,0,0
C:\Users\ehsra\Documents\GitHub\WMVxTOPNG\ModelsTree\World\GENERIC\HUMAN\PASSIVE DOODADS\CannonBallStack,3,0,0,0,0,1,0,0,0,0,1,0,0,1,0,0,0,0,0,0,0,0,0,0,0,0
C:\Users\ehsra\Documents\GitHub\WMVxTOPNG\ModelsTree\World\GENERIC\HUMAN\PASSIVE DOODADS\CargoBoxes,2,0,0,0,0,0,0,0,0,0,1,0,0,1,0,0,0,0,0,0,0,0,0,0,0,0
C:\Users\ehsra\Documents\GitHub\WMVxTOPNG\ModelsTree\World\GENERIC\HUMAN\PASSIVE DOODADS\CargoNetBoxes,2,0,0,0,0,0,0,0,0,0,1,0,0,1,0,0,0,0,0,0,0,0,0,0,0,0
C:\Users\ehsra\Documents\GitHub\WMVxTOPNG\ModelsTree\World\GENERIC\HUMAN\PASSIVE DOODADS\CargoNets,11,0,0,0,0,1,0,0,0,0,5,0,0,5,0,0,0,0,0,0,0,0,0,0,0,0
C:\Users\ehsra\Documents\GitHub\WMVxTOPNG\ModelsTree\World\GENERIC\HUMAN\PASSIVE DOODADS\CatapultRuins,13,0,0,0,0,1,0,0,0,0,6,0,0,6,0,0,0,0,0,0,0,0,0,0,0,0
C:\Users\ehsra\Documents\GitHub\WMVxTOPNG\ModelsTree\World\GENERIC\HUMAN\PASSIVE DOODADS\CAULDRONS,6,0,0,0,0,2,0,0,0,0,2,0,0,2,0,0,0,0,0,0,0,0,0,0,0,0
C:\Users\ehsra\Documents\GitHub\WMVxTOPNG\ModelsTree\World\GENERIC\HUMAN\PASSIVE DOODADS\CaveMinePump,7,0,0,0,0,5,0,0,0,0,1,0,0,1,0,0,0,0,0,0,0,0,0,0,0,0
C:\Users\ehsra\Documents\GitHub\WMVxTOPNG\ModelsTree\World\GENERIC\HUMAN\PASSIVE DOODADS\CaveRoof,5,0,0,0,0,1,0,0,0,0,2,0,0,2,0,0,0,0,0,0,0,0,0,0,0,0
C:\Users\ehsra\Documents\GitHub\WMVxTOPNG\ModelsTree\World\GENERIC\HUMAN\PASSIVE DOODADS\Chairs,15,0,0,0,0,3,0,0,0,0,6,0,0,6,0,0,0,0,0,0,0,0,0,0,0,0
C:\Users\ehsra\Documents\GitHub\WMVxTOPNG\ModelsTree\World\GENERIC\HUMAN\PASSIVE DOODADS\Chimneys,4,0,0,0,0,0,0,0,0,0,2,0,0,2,0,0,0,0,0,0,0,0,0,0,0,0
C:\Users\ehsra\Documents\GitHub\WMVxTOPNG\ModelsTree\World\GENERIC\HUMAN\PASSIVE DOODADS\CLOTH,26,0,0,0,0,2,0,0,0,0,12,0,0,12,0,0,0,0,0,0,0,0,0,0,0,0
C:\Users\ehsra\Documents\GitHub\WMVxTOPNG\ModelsTree\World\GENERIC\HUMAN\PASSIVE DOODADS\Clothing,40,0,0,0,0,0,0,0,0,0,20,0,0,20,0,0,0,0,0,0,0,0,0,0,0,0
C:\Users\ehsra\Documents\GitHub\WMVxTOPNG\ModelsTree\World\GENERIC\HUMAN\PASSIVE DOODADS\CRATES,20,0,0,0,0,2,0,0,0,0,9,0,0,9,0,0,0,0,0,0,0,0,0,0,0,0
C:\Users\ehsra\Documents\GitHub\WMVxTOPNG\ModelsTree\World\GENERIC\HUMAN\PASSIVE DOODADS\Cups,7,0,0,0,0,1,0,0,0,0,3,0,0,3,0,0,0,0,0,0,0,0,0,0,0,0
C:\Users\ehsra\Documents\GitHub\WMVxTOPNG\ModelsTree\World\GENERIC\HUMAN\PASSIVE DOODADS\DeadMineCleat,3,0,0,0,0,1,0,0,0,0,1,0,0,1,0,0,0,0,0,0,0,0,0,0,0,0
C:\Users\ehsra\Documents\GitHub\WMVxTOPNG\ModelsTree\World\GENERIC\HUMAN\PASSIVE DOODADS\DeadMinePowderKeg,3,0,0,0,0,1,0,0,0,0,1,0,0,1,0,0,0,0,0,0,0,0,0,0,0,0
C:\Users\ehsra\Documents\GitHub\WMVxTOPNG\ModelsTree\World\GENERIC\HUMAN\PASSIVE DOODADS\Desks,2,0,0,0,0,0,0,0,0,0,1,0,0,1,0,0,0,0,0,0,0,0,0,0,0,0
C:\Users\ehsra\Documents\GitHub\WMVxTOPNG\ModelsTree\World\GENERIC\HUMAN\PASSIVE DOODADS\DOGHOUSES,3,0,0,0,0,1,0,0,0,0,1,0,0,1,0,0,0,0,0,0,0,0,0,0,0,0
C:\Users\ehsra\Documents\GitHub\WMVxTOPNG\ModelsTree\World\GENERIC\HUMAN\PASSIVE DOODADS\DOLLS,12,0,0,0,0,2,0,0,0,0,5,0,0,5,0,0,0,0,0,0,0,0,0,0,0,0
C:\Users\ehsra\Documents\GitHub\WMVxTOPNG\ModelsTree\World\GENERIC\HUMAN\PASSIVE DOODADS\Drapery,9,0,0,0,0,3,0,0,0,0,3,0,0,3,0,0,0,0,0,0,0,0,0,0,0,0
C:\Users\ehsra\Documents\GitHub\WMVxTOPNG\ModelsTree\World\GENERIC\HUMAN\PASSIVE DOODADS\Dredge,3,0,0,0,0,1,0,0,0,0,1,0,0,1,0,0,0,0,0,0,0,0,0,0,0,0
C:\Users\ehsra\Documents\GitHub\WMVxTOPNG\ModelsTree\World\GENERIC\HUMAN\PASSIVE DOODADS\Drinks,3,0,0,0,0,1,0,0,0,0,1,0,0,1,0,0,0,0,0,0,0,0,0,0,0,0
C:\Users\ehsra\Documents\GitHub\WMVxTOPNG\ModelsTree\World\GENERIC\HUMAN\PASSIVE DOODADS\ElevatorParts,3,0,0,0,0,1,0,0,0,0,1,0,0,1,0,0,0,0,0,0,0,0,0,0,0,0
C:\Users\ehsra\Documents\GitHub\WMVxTOPNG\ModelsTree\World\GENERIC\HUMAN\PASSIVE DOODADS\Fire,6,0,0,0,0,0,0,0,0,0,3,0,0,3,0,0,0,0,0,0,0,0,0,0,0,0
C:\Users\ehsra\Documents\GitHub\WMVxTOPNG\ModelsTree\World\GENERIC\HUMAN\PASSIVE DOODADS\firewood,7,0,0,0,0,1,0,0,0,0,3,0,0,3,0,0,0,0,0,0,0,0,0,0,0,0
C:\Users\ehsra\Documents\GitHub\WMVxTOPNG\ModelsTree\World\GENERIC\HUMAN\PASSIVE DOODADS\FLAGPOLE,3,0,0,0,0,1,0,0,0,0,1,0,0,1,0,0,0,0,0,0,0,0,0,0,0,0
C:\Users\ehsra\Documents\GitHub\WMVxTOPNG\ModelsTree\World\GENERIC\HUMAN\PASSIVE DOODADS\Flowers,21,0,0,0,0,1,0,0,0,0,10,0,0,10,0,0,0,0,0,0,0,0,0,0,0,0
C:\Users\ehsra\Documents\GitHub\WMVxTOPNG\ModelsTree\World\GENERIC\HUMAN\PASSIVE DOODADS\Fog,17,0,0,0,0,3,0,0,0,0,7,0,0,7,0,0,0,0,0,0,0,0,0,0,0,0
C:\Users\ehsra\Documents\GitHub\WMVxTOPNG\ModelsTree\World\GENERIC\HUMAN\PASSIVE DOODADS\FOOD,41,0,0,0,0,3,0,0,0,0,19,0,0,19,0,0,0,0,0,0,0,0,0,0,0,0
C:\Users\ehsra\Documents\GitHub\WMVxTOPNG\ModelsTree\World\GENERIC\HUMAN\PASSIVE DOODADS\FOOD&UTENSILS,13,0,0,0,0,3,0,0,0,0,5,0,0,5,0,0,0,0,0,0,0,0,0,0,0,0
C:\Users\ehsra\Documents\GitHub\WMVxTOPNG\ModelsTree\World\GENERIC\HUMAN\PASSIVE DOODADS\Footlockers,2,0,0,0,0,0,0,0,0,0,1,0,0,1,0,0,0,0,0,0,0,0,0,0,0,0
C:\Users\ehsra\Documents\GitHub\WMVxTOPNG\ModelsTree\World\GENERIC\HUMAN\PASSIVE DOODADS\Fountains,19,0,0,0,0,11,0,0,0,0,4,0,0,4,0,0,0,0,0,0,0,0,0,0,0,0
C:\Users\ehsra\Documents\GitHub\WMVxTOPNG\ModelsTree\World\GENERIC\HUMAN\PASSIVE DOODADS\GLOBES,3,0,0,0,0,1,0,0,0,0,1,0,0,1,0,0,0,0,0,0,0,0,0,0,0,0
C:\Users\ehsra\Documents\GitHub\WMVxTOPNG\ModelsTree\World\GENERIC\HUMAN\PASSIVE DOODADS\Goblets,3,0,0,0,0,1,0,0,0,0,1,0,0,1,0,0,0,0,0,0,0,0,0,0,0,0
C:\Users\ehsra\Documents\GitHub\WMVxTOPNG\ModelsTree\World\GENERIC\HUMAN\PASSIVE DOODADS\GryphonRoost,4,0,0,0,0,1,0,0,0,0,1,0,0,2,0,0,0,0,0,0,0,0,0,0,0,0
C:\Users\ehsra\Documents\GitHub\WMVxTOPNG\ModelsTree\World\GENERIC\HUMAN\PASSIVE DOODADS\GunShop,50,0,0,0,0,0,0,0,0,0,25,0,0,25,0,0,0,0,0,0,0,0,0,0,0,0
C:\Users\ehsra\Documents\GitHub\WMVxTOPNG\ModelsTree\World\GENERIC\HUMAN\PASSIVE DOODADS\GypsyWagons,3,0,0,0,0,1,0,0,0,0,1,0,0,1,0,0,0,0,0,0,0,0,0,0,0,0
C:\Users\ehsra\Documents\GitHub\WMVxTOPNG\ModelsTree\World\GENERIC\HUMAN\PASSIVE DOODADS\Hanging Cages,3,0,0,0,0,1,0,0,0,0,1,0,0,1,0,0,0,0,0,0,0,0,0,0,0,0
C:\Users\ehsra\Documents\GitHub\WMVxTOPNG\ModelsTree\World\GENERIC\HUMAN\PASSIVE DOODADS\HangingLanterns,5,0,0,0,0,1,0,0,0,0,2,0,0,2,0,0,0,0,0,0,0,0,0,0,0,0
C:\Users\ehsra\Documents\GitHub\WMVxTOPNG\ModelsTree\World\GENERIC\HUMAN\PASSIVE DOODADS\HayPiles,7,0,0,0,0,1,0,0,0,0,3,0,0,3,0,0,0,0,0,0,0,0,0,0,0,0
C:\Users\ehsra\Documents\GitHub\WMVxTOPNG\ModelsTree\World\GENERIC\HUMAN\PASSIVE DOODADS\HEARSE,6,0,0,0,0,4,0,0,0,0,1,0,0,1,0,0,0,0,0,0,0,0,0,0,0,0
C:\Users\ehsra\Documents\GitHub\WMVxTOPNG\ModelsTree\World\GENERIC\HUMAN\PASSIVE DOODADS\LampPosts,6,0,0,0,0,2,0,0,0,0,2,0,0,2,0,0,0,0,0,0,0,0,0,0,0,0
C:\Users\ehsra\Documents\GitHub\WMVxTOPNG\ModelsTree\World\GENERIC\HUMAN\PASSIVE DOODADS\LAMPS,30,0,0,0,0,8,0,0,0,0,11,0,0,11,0,0,0,0,0,0,0,0,0,0,0,0
C:\Users\ehsra\Documents\GitHub\WMVxTOPNG\ModelsTree\World\GENERIC\HUMAN\PASSIVE DOODADS\Lanterns,9,0,0,0,0,1,0,0,0,0,4,0,0,4,0,0,0,0,0,0,0,0,0,0,0,0
C:\Users\ehsra\Documents\GitHub\WMVxTOPNG\ModelsTree\World\GENERIC\HUMAN\PASSIVE DOODADS\Lights,2,0,0,0,0,0,0,0,0,0,1,0,0,1,0,0,0,0,0,0,0,0,0,0,0,0
C:\Users\ehsra\Documents\GitHub\WMVxTOPNG\ModelsTree\World\GENERIC\HUMAN\PASSIVE DOODADS\LogMachines,10,0,0,0,0,2,0,0,0,0,4,0,0,4,0,0,0,0,0,0,0,0,0,0,0,0
C:\Users\ehsra\Documents\GitHub\WMVxTOPNG\ModelsTree\World\GENERIC\HUMAN\PASSIVE DOODADS\Loom,4,0,0,0,0,0,0,0,0,0,2,0,0,2,0,0,0,0,0,0,0,0,0,0,0,0
C:\Users\ehsra\Documents\GitHub\WMVxTOPNG\ModelsTree\World\GENERIC\HUMAN\PASSIVE DOODADS\LumberPiles,5,0,0,0,0,1,0,0,0,0,2,0,0,2,0,0,0,0,0,0,0,0,0,0,0,0
C:\Users\ehsra\Documents\GitHub\WMVxTOPNG\ModelsTree\World\GENERIC\HUMAN\PASSIVE DOODADS\MEAT,8,0,0,0,0,4,0,0,0,0,2,0,0,2,0,0,0,0,0,0,0,0,0,0,0,0
C:\Users\ehsra\Documents\GitHub\WMVxTOPNG\ModelsTree\World\GENERIC\HUMAN\PASSIVE DOODADS\MineMachine,4,0,0,0,0,2,0,0,0,0,1,0,0,1,0,0,0,0,0,0,0,0,0,0,0,0
C:\Users\ehsra\Documents\GitHub\WMVxTOPNG\ModelsTree\World\GENERIC\HUMAN\PASSIVE DOODADS\MiningSifters,7,0,0,0,0,3,0,0,0,0,2,0,0,2,0,0,0,0,0,0,0,0,0,0,0,0
C:\Users\ehsra\Documents\GitHub\WMVxTOPNG\ModelsTree\World\GENERIC\HUMAN\PASSIVE DOODADS\MiningTroughs,5,0,0,0,0,1,0,0,0,0,2,0,0,2,0,0,0,0,0,0,0,0,0,0,0,0
C:\Users\ehsra\Documents\GitHub\WMVxTOPNG\ModelsTree\World\GENERIC\HUMAN\PASSIVE DOODADS\Mops,2,0,0,0,0,0,0,0,0,0,1,0,0,1,0,0,0,0,0,0,0,0,0,0,0,0
C:\Users\ehsra\Documents\GitHub\WMVxTOPNG\ModelsTree\World\GENERIC\HUMAN\PASSIVE DOODADS\MUGS,16,0,0,0,0,4,0,0,0,0,6,0,0,6,0,0,0,0,0,0,0,0,0,0,0,0
C:\Users\ehsra\Documents\GitHub\WMVxTOPNG\ModelsTree\World\GENERIC\HUMAN\PASSIVE DOODADS\MUSEUMSKELETONS,5,0,0,0,0,1,0,0,0,0,2,0,0,2,0,0,0,0,0,0,0,0,0,0,0,0
C:\Users\ehsra\Documents\GitHub\WMVxTOPNG\ModelsTree\World\GENERIC\HUMAN\PASSIVE DOODADS\OILDRUMS,15,0,0,0,0,6,0,0,0,0,4,0,0,5,0,0,0,0,0,0,0,0,0,0,0,0
C:\Users\ehsra\Documents\GitHub\WMVxTOPNG\ModelsTree\World\GENERIC\HUMAN\PASSIVE DOODADS\OilPuddle,3,0,0,0,0,1,0,0,0,0,1,0,0,1,0,0,0,0,0,0,0,0,0,0,0,0
C:\Users\ehsra\Documents\GitHub\WMVxTOPNG\ModelsTree\World\GENERIC\HUMAN\PASSIVE DOODADS\OILRIGSTACKS,9,0,0,0,0,3,0,0,0,0,2,0,0,4,0,0,0,0,0,0,0,0,0,0,0,0
C:\Users\ehsra\Documents\GitHub\WMVxTOPNG\ModelsTree\World\GENERIC\HUMAN\PASSIVE DOODADS\OnxiaTrophy,4,0,0,0,0,0,0,0,0,0,2,0,0,2,0,0,0,0,0,0,0,0,0,0,0,0
C:\Users\ehsra\Documents\GitHub\WMVxTOPNG\ModelsTree\World\GENERIC\HUMAN\PASSIVE DOODADS\Outposts,20,0,0,0,0,2,0,0,0,0,9,0,0,9,0,0,0,0,0,0,0,0,0,0,0,0
C:\Users\ehsra\Documents\GitHub\WMVxTOPNG\ModelsTree\World\GENERIC\HUMAN\PASSIVE DOODADS\PeasantLumber,2,0,0,0,0,0,0,0,0,0,1,0,0,1,0,0,0,0,0,0,0,0,0,0,0,0
C:\Users\ehsra\Documents\GitHub\WMVxTOPNG\ModelsTree\World\GENERIC\HUMAN\PASSIVE DOODADS\Pews,2,0,0,0,0,0,0,0,0,0,1,0,0,1,0,0,0,0,0,0,0,0,0,0,0,0
C:\Users\ehsra\Documents\GitHub\WMVxTOPNG\ModelsTree\World\GENERIC\HUMAN\PASSIVE DOODADS\PLANTERBOXES,22,0,0,0,0,6,0,0,0,0,8,0,0,8,0,0,0,0,0,0,0,0,0,0,0,0
C:\Users\ehsra\Documents\GitHub\WMVxTOPNG\ModelsTree\World\GENERIC\HUMAN\PASSIVE DOODADS\Plates,3,0,0,0,0,1,0,0,0,0,1,0,0,1,0,0,0,0,0,0,0,0,0,0,0,0
C:\Users\ehsra\Documents\GitHub\WMVxTOPNG\ModelsTree\World\GENERIC\HUMAN\PASSIVE DOODADS\Podiums,2,0,0,0,0,0,0,0,0,0,1,0,0,1,0,0,0,0,0,0,0,0,0,0,0,0
C:\Users\ehsra\Documents\GitHub\WMVxTOPNG\ModelsTree\World\GENERIC\HUMAN\PASSIVE DOODADS\Posters,6,0,0,0,0,2,0,0,0,0,2,0,0,2,0,0,0,0,0,0,0,0,0,0,0,0
C:\Users\ehsra\Documents\GitHub\WMVxTOPNG\ModelsTree\World\GENERIC\HUMAN\PASSIVE DOODADS\PULLEYS,8,0,0,0,0,4,0,0,0,0,2,0,0,2,0,0,0,0,0,0,0,0,0,0,0,0
C:\Users\ehsra\Documents\GitHub\WMVxTOPNG\ModelsTree\World\GENERIC\HUMAN\PASSIVE DOODADS\RamRod,3,0,0,0,0,1,0,0,0,0,1,0,0,1,0,0,0,0,0,0,0,0,0,0,0,0
C:\Users\ehsra\Documents\GitHub\WMVxTOPNG\ModelsTree\World\GENERIC\HUMAN\PASSIVE DOODADS\RopeLadders,3,0,0,0,0,1,0,0,0,0,1,0,0,1,0,0,0,0,0,0,0,0,0,0,0,0
C:\Users\ehsra\Documents\GitHub\WMVxTOPNG\ModelsTree\World\GENERIC\HUMAN\PASSIVE DOODADS\Ropes,3,0,0,0,0,1,0,0,0,0,1,0,0,1,0,0,0,0,0,0,0,0,0,0,0,0
C:\Users\ehsra\Documents\GitHub\WMVxTOPNG\ModelsTree\World\GENERIC\HUMAN\PASSIVE DOODADS\RUGS,20,0,0,0,0,6,0,0,0,0,7,0,0,7,0,0,0,0,0,0,0,0,0,0,0,0
C:\Users\ehsra\Documents\GitHub\WMVxTOPNG\ModelsTree\World\GENERIC\HUMAN\PASSIVE DOODADS\SACKS,13,0,0,0,0,1,0,0,0,0,6,0,0,6,0,0,0,0,0,0,0,0,0,0,0,0
C:\Users\ehsra\Documents\GitHub\WMVxTOPNG\ModelsTree\World\GENERIC\HUMAN\PASSIVE DOODADS\Sarcophagi,3,0,0,0,0,1,0,0,0,0,1,0,0,1,0,0,0,0,0,0,0,0,0,0,0,0
C:\Users\ehsra\Documents\GitHub\WMVxTOPNG\ModelsTree\World\GENERIC\HUMAN\PASSIVE DOODADS\Scaffold,3,0,0,0,0,1,0,0,0,0,1,0,0,1,0,0,0,0,0,0,0,0,0,0,0,0
C:\Users\ehsra\Documents\GitHub\WMVxTOPNG\ModelsTree\World\GENERIC\HUMAN\PASSIVE DOODADS\Scribestations,4,0,0,0,0,2,0,0,0,0,1,0,0,1,0,0,0,0,0,0,0,0,0,0,0,0
C:\Users\ehsra\Documents\GitHub\WMVxTOPNG\ModelsTree\World\GENERIC\HUMAN\PASSIVE DOODADS\Scrolls,13,0,0,0,0,1,0,0,0,0,6,0,0,6,0,0,0,0,0,0,0,0,0,0,0,0
C:\Users\ehsra\Documents\GitHub\WMVxTOPNG\ModelsTree\World\GENERIC\HUMAN\PASSIVE DOODADS\Shack,4,0,0,0,0,2,0,0,0,0,1,0,0,1,0,0,0,0,0,0,0,0,0,0,0,0
C:\Users\ehsra\Documents\GitHub\WMVxTOPNG\ModelsTree\World\GENERIC\HUMAN\PASSIVE DOODADS\ShopCounter,4,0,0,0,0,0,0,0,0,0,2,0,0,2,0,0,0,0,0,0,0,0,0,0,0,0
C:\Users\ehsra\Documents\GitHub\WMVxTOPNG\ModelsTree\World\GENERIC\HUMAN\PASSIVE DOODADS\SignPosts,36,0,0,0,0,4,0,0,0,0,16,0,0,16,0,0,0,0,0,0,0,0,0,0,0,0
C:\Users\ehsra\Documents\GitHub\WMVxTOPNG\ModelsTree\World\GENERIC\HUMAN\PASSIVE DOODADS\Signs,50,0,0,0,0,18,0,0,0,0,16,0,0,16,0,0,0,0,0,0,0,0,0,0,0,0
C:\Users\ehsra\Documents\GitHub\WMVxTOPNG\ModelsTree\World\GENERIC\HUMAN\PASSIVE DOODADS\SmokeStack,3,0,0,0,0,1,0,0,0,0,1,0,0,1,0,0,0,0,0,0,0,0,0,0,0,0
C:\Users\ehsra\Documents\GitHub\WMVxTOPNG\ModelsTree\World\GENERIC\HUMAN\PASSIVE DOODADS\SpiderEggsGround,4,0,0,0,0,2,0,0,0,0,1,0,0,1,0,0,0,0,0,0,0,0,0,0,0,0
C:\Users\ehsra\Documents\GitHub\WMVxTOPNG\ModelsTree\World\GENERIC\HUMAN\PASSIVE DOODADS\SPIDEREGGSSACK,11,0,0,0,0,3,0,0,0,0,4,0,0,4,0,0,0,0,0,0,0,0,0,0,0,0
C:\Users\ehsra\Documents\GitHub\WMVxTOPNG\ModelsTree\World\GENERIC\HUMAN\PASSIVE DOODADS\Statues,57,0,0,0,0,27,0,0,0,0,15,0,0,15,0,0,0,0,0,0,0,0,0,0,0,0
C:\Users\ehsra\Documents\GitHub\WMVxTOPNG\ModelsTree\World\GENERIC\HUMAN\PASSIVE DOODADS\Steam,4,0,0,0,0,0,0,0,0,0,2,0,0,2,0,0,0,0,0,0,0,0,0,0,0,0
C:\Users\ehsra\Documents\GitHub\WMVxTOPNG\ModelsTree\World\GENERIC\HUMAN\PASSIVE DOODADS\SteamGauges,6,0,0,0,0,0,0,0,0,0,3,0,0,3,0,0,0,0,0,0,0,0,0,0,0,0
C:\Users\ehsra\Documents\GitHub\WMVxTOPNG\ModelsTree\World\GENERIC\HUMAN\PASSIVE DOODADS\SteamWhistles,4,0,0,0,0,0,0,0,0,0,2,0,0,2,0,0,0,0,0,0,0,0,0,0,0,0
C:\Users\ehsra\Documents\GitHub\WMVxTOPNG\ModelsTree\World\GENERIC\HUMAN\PASSIVE DOODADS\STONEFENCE,5,0,0,0,0,1,0,0,0,0,2,0,0,2,0,0,0,0,0,0,0,0,0,0,0,0
C:\Users\ehsra\Documents\GitHub\WMVxTOPNG\ModelsTree\World\GENERIC\HUMAN\PASSIVE DOODADS\StonePyres,2,0,0,0,0,0,0,0,0,0,1,0,0,1,0,0,0,0,0,0,0,0,0,0,0,0
C:\Users\ehsra\Documents\GitHub\WMVxTOPNG\ModelsTree\World\GENERIC\HUMAN\PASSIVE DOODADS\STORMWIND,23,0,0,0,0,9,0,0,0,0,7,0,0,7,0,0,0,0,0,0,0,0,0,0,0,0
C:\Users\ehsra\Documents\GitHub\WMVxTOPNG\ModelsTree\World\GENERIC\HUMAN\PASSIVE DOODADS\Stoves,6,0,0,0,0,0,0,0,0,0,3,0,0,3,0,0,0,0,0,0,0,0,0,0,0,0
C:\Users\ehsra\Documents\GitHub\WMVxTOPNG\ModelsTree\World\GENERIC\HUMAN\PASSIVE DOODADS\Tables,23,0,0,0,0,5,0,0,0,0,9,0,0,9,0,0,0,0,0,0,0,0,0,0,0,0
C:\Users\ehsra\Documents\GitHub\WMVxTOPNG\ModelsTree\World\GENERIC\HUMAN\PASSIVE DOODADS\Throne,10,0,0,0,0,8,0,0,0,0,1,0,0,1,0,0,0,0,0,0,0,0,0,0,0,0
C:\Users\ehsra\Documents\GitHub\WMVxTOPNG\ModelsTree\World\GENERIC\HUMAN\PASSIVE DOODADS\TortureDevices,8,0,0,0,0,2,0,0,0,0,3,0,0,3,0,0,0,0,0,0,0,0,0,0,0,0
C:\Users\ehsra\Documents\GitHub\WMVxTOPNG\ModelsTree\World\GENERIC\HUMAN\PASSIVE DOODADS\Toys,13,0,0,0,0,2,0,0,0,0,5,0,0,6,0,0,0,0,0,0,0,0,0,0,0,0
C:\Users\ehsra\Documents\GitHub\WMVxTOPNG\ModelsTree\World\GENERIC\HUMAN\PASSIVE DOODADS\Valves,2,0,0,0,0,0,0,0,0,0,1,0,0,1,0,0,0,0,0,0,0,0,0,0,0,0
C:\Users\ehsra\Documents\GitHub\WMVxTOPNG\ModelsTree\World\GENERIC\HUMAN\PASSIVE DOODADS\ValveSteam,4,0,0,0,0,0,0,0,0,0,2,0,0,2,0,0,0,0,0,0,0,0,0,0,0,0
C:\Users\ehsra\Documents\GitHub\WMVxTOPNG\ModelsTree\World\GENERIC\HUMAN\PASSIVE DOODADS\ValveWaterDrip,2,0,0,0,0,0,0,0,0,0,1,0,0,1,0,0,0,0,0,0,0,0,0,0,0,0
C:\Users\ehsra\Documents\GitHub\WMVxTOPNG\ModelsTree\World\GENERIC\HUMAN\PASSIVE DOODADS\VendorAwnings,2,0,0,0,0,0,0,0,0,0,1,0,0,1,0,0,0,0,0,0,0,0,0,0,0,0
C:\Users\ehsra\Documents\GitHub\WMVxTOPNG\ModelsTree\World\GENERIC\HUMAN\PASSIVE DOODADS\VendorTents,2,0,0,0,0,0,0,0,0,0,1,0,0,1,0,0,0,0,0,0,0,0,0,0,0,0
C:\Users\ehsra\Documents\GitHub\WMVxTOPNG\ModelsTree\World\GENERIC\HUMAN\PASSIVE DOODADS\VIALS,12,0,0,0,0,8,0,0,0,0,2,0,0,2,0,0,0,0,0,0,0,0,0,0,0,0
C:\Users\ehsra\Documents\GitHub\WMVxTOPNG\ModelsTree\World\GENERIC\HUMAN\PASSIVE DOODADS\Walls,2,0,0,0,0,0,0,0,0,0,1,0,0,1,0,0,0,0,0,0,0,0,0,0,0,0
C:\Users\ehsra\Documents\GitHub\WMVxTOPNG\ModelsTree\World\GENERIC\HUMAN\PASSIVE DOODADS\Wardrobe,4,0,0,0,0,0,0,0,0,0,2,0,0,2,0,0,0,0,0,0,0,0,0,0,0,0
C:\Users\ehsra\Documents\GitHub\WMVxTOPNG\ModelsTree\World\GENERIC\HUMAN\PASSIVE DOODADS\WaterDrops,2,0,0,0,0,0,0,0,0,0,1,0,0,1,0,0,0,0,0,0,0,0,0,0,0,0
C:\Users\ehsra\Documents\GitHub\WMVxTOPNG\ModelsTree\World\GENERIC\HUMAN\PASSIVE DOODADS\WeaponRacks,2,0,0,0,0,0,0,0,0,0,1,0,0,1,0,0,0,0,0,0,0,0,0,0,0,0
C:\Users\ehsra\Documents\GitHub\WMVxTOPNG\ModelsTree\World\GENERIC\HUMAN\PASSIVE DOODADS\WEAPONS&ARMOR,47,0,0,0,0,5,0,0,0,0,21,0,0,21,0,0,0,0,0,0,0,0,0,0,0,0
C:\Users\ehsra\Documents\GitHub\WMVxTOPNG\ModelsTree\World\GENERIC\HUMAN\PASSIVE DOODADS\WoodenDummies,5,0,0,0,0,1,0,0,0,0,2,0,0,2,0,0,0,0,0,0,0,0,0,0,0,0
C:\Users\ehsra\Documents\GitHub\WMVxTOPNG\ModelsTree\World\GENERIC\HUMAN\PASSIVE DOODADS\WoodenRails,4,0,0,0,0,0,0,0,0,0,2,0,0,2,0,0,0,0,0,0,0,0,0,0,0,0
C:\Users\ehsra\Documents\GitHub\WMVxTOPNG\ModelsTree\World\GENERIC\HUMAN\PASSIVE DOODADS\WoodenStairs,4,0,0,0,0,0,0,0,0,0,2,0,0,2,0,0,0,0,0,0,0,0,0,0,0,0
C:\Users\ehsra\Documents\GitHub\WMVxTOPNG\ModelsTree\World\GENERIC\HUMAN\PASSIVE DOODADS\WreckedBuildings,12,0,0,0,0,0,0,0,0,0,6,0,0,6,0,0,0,0,0,0,0,0,0,0,0,0
C:\Users\ehsra\Documents\GitHub\WMVxTOPNG\ModelsTree\World\GENERIC\HUMAN\PassiveDoodads,0,1,0,0,0,0,0,0,0,0,0,0,0,0,0,0,0,0,0,0,0,0,0,0,0,0
C:\Users\ehsra\Documents\GitHub\WMVxTOPNG\ModelsTree\World\GENERIC\HUMAN\PassiveDoodads\PrisonCell,2,0,0,0,0,0,0,0,0,0,1,0,0,1,0,0,0,0,0,0,0,0,0,0,0,0
C:\Users\ehsra\Documents\GitHub\WMVxTOPNG\ModelsTree\World\GENERIC\IceTroll,0,1,0,0,0,0,0,0,0,0,0,0,0,0,0,0,0,0,0,0,0,0,0,0,0,0
C:\Users\ehsra\Documents\GitHub\WMVxTOPNG\ModelsTree\World\GENERIC\IceTroll\Passive Doodads,0,1,0,0,0,0,0,0,0,0,0,0,0,0,0,0,0,0,0,0,0,0,0,0,0,0
C:\Users\ehsra\Documents\GitHub\WMVxTOPNG\ModelsTree\World\GENERIC\IceTroll\Passive Doodads\BloodSpout,11,0,0,0,0,7,0,0,0,0,2,0,0,2,0,0,0,0,0,0,0,0,0,0,0,0
C:\Users\ehsra\Documents\GitHub\WMVxTOPNG\ModelsTree\World\GENERIC\MageHunter,0,1,0,0,0,0,0,0,0,0,0,0,0,0,0,0,0,0,0,0,0,0,0,0,0,0
C:\Users\ehsra\Documents\GitHub\WMVxTOPNG\ModelsTree\World\GENERIC\MageHunter\Passive Doodads,0,3,0,0,0,0,0,0,0,0,0,0,0,0,0,0,0,0,0,0,0,0,0,0,0,0
C:\Users\ehsra\Documents\GitHub\WMVxTOPNG\ModelsTree\World\GENERIC\MageHunter\Passive Doodads\Brazier,9,0,0,0,0,1,0,0,0,0,4,0,0,4,0,0,0,0,0,0,0,0,0,0,0,0
C:\Users\ehsra\Documents\GitHub\WMVxTOPNG\ModelsTree\World\GENERIC\MageHunter\Passive Doodads\Crystals,10,0,0,0,0,2,0,0,0,0,4,0,0,4,0,0,0,0,0,0,0,0,0,0,0,0
C:\Users\ehsra\Documents\GitHub\WMVxTOPNG\ModelsTree\World\GENERIC\MageHunter\Passive Doodads\RuneCircle,14,0,0,0,0,2,0,0,0,0,6,0,0,6,0,0,0,0,0,0,0,0,0,0,0,0
C:\Users\ehsra\Documents\GitHub\WMVxTOPNG\ModelsTree\World\GENERIC\Makura,0,1,0,0,0,0,0,0,0,0,0,0,0,0,0,0,0,0,0,0,0,0,0,0,0,0
C:\Users\ehsra\Documents\GitHub\WMVxTOPNG\ModelsTree\World\GENERIC\Makura\Passive Doodads,0,1,0,0,0,0,0,0,0,0,0,0,0,0,0,0,0,0,0,0,0,0,0,0,0,0
C:\Users\ehsra\Documents\GitHub\WMVxTOPNG\ModelsTree\World\GENERIC\Makura\Passive Doodads\MakuraShells,17,0,0,0,0,1,0,0,0,0,8,0,0,8,0,0,0,0,0,0,0,0,0,0,0,0
C:\Users\ehsra\Documents\GitHub\WMVxTOPNG\ModelsTree\World\GENERIC\Murloc,0,1,0,0,0,0,0,0,0,0,0,0,0,0,0,0,0,0,0,0,0,0,0,0,0,0
C:\Users\ehsra\Documents\GitHub\WMVxTOPNG\ModelsTree\World\GENERIC\Murloc\Passive Doodads,0,2,0,0,0,0,0,0,0,0,0,0,0,0,0,0,0,0,0,0,0,0,0,0,0,0
C:\Users\ehsra\Documents\GitHub\WMVxTOPNG\ModelsTree\World\GENERIC\Murloc\Passive Doodads\Altars,4,0,0,0,0,2,0,0,0,0,1,0,0,1,0,0,0,0,0,0,0,0,0,0,0,0
C:\Users\ehsra\Documents\GitHub\WMVxTOPNG\ModelsTree\World\GENERIC\Murloc\Passive Doodads\Pearl,2,0,0,0,0,0,0,0,0,0,1,0,0,1,0,0,0,0,0,0,0,0,0,0,0,0
C:\Users\ehsra\Documents\GitHub\WMVxTOPNG\ModelsTree\World\GENERIC\NIGHTELF,0,2,0,0,0,0,0,0,0,0,0,0,0,0,0,0,0,0,0,0,0,0,0,0,0,0
C:\Users\ehsra\Documents\GitHub\WMVxTOPNG\ModelsTree\World\GENERIC\NIGHTELF\ActiveDoodads,0,1,0,0,0,0,0,0,0,0,0,0,0,0,0,0,0,0,0,0,0,0,0,0,0,0
C:\Users\ehsra\Documents\GitHub\WMVxTOPNG\ModelsTree\World\GENERIC\NIGHTELF\ActiveDoodads\Doors,3,0,0,0,0,1,0,0,0,0,1,0,0,1,0,0,0,0,0,0,0,0,0,0,0,0
C:\Users\ehsra\Documents\GitHub\WMVxTOPNG\ModelsTree\World\GENERIC\NIGHTELF\PASSIVE DOODADS,1,36,0,0,0,1,0,0,0,0,0,0,0,0,0,0,0,0,0,0,0,0,0,0,0,0
C:\Users\ehsra\Documents\GitHub\WMVxTOPNG\ModelsTree\World\GENERIC\NIGHTELF\PASSIVE DOODADS\Banners,15,0,0,0,0,5,0,0,0,0,5,0,0,5,0,0,0,0,0,0,0,0,0,0,0,0
C:\Users\ehsra\Documents\GitHub\WMVxTOPNG\ModelsTree\World\GENERIC\NIGHTELF\PASSIVE DOODADS\Barrel,5,0,0,0,0,1,0,0,0,0,2,0,0,2,0,0,0,0,0,0,0,0,0,0,0,0
C:\Users\ehsra\Documents\GitHub\WMVxTOPNG\ModelsTree\World\GENERIC\NIGHTELF\PASSIVE DOODADS\Beds,9,0,0,0,0,3,0,0,0,0,3,0,0,3,0,0,0,0,0,0,0,0,0,0,0,0
C:\Users\ehsra\Documents\GitHub\WMVxTOPNG\ModelsTree\World\GENERIC\NIGHTELF\PASSIVE DOODADS\BOWLS,3,0,0,0,0,1,0,0,0,0,1,0,0,1,0,0,0,0,0,0,0,0,0,0,0,0
C:\Users\ehsra\Documents\GitHub\WMVxTOPNG\ModelsTree\World\GENERIC\NIGHTELF\PASSIVE DOODADS\CANDLES,7,0,0,0,0,3,0,0,0,0,2,0,0,2,0,0,0,0,0,0,0,0,0,0,0,0
C:\Users\ehsra\Documents\GitHub\WMVxTOPNG\ModelsTree\World\GENERIC\NIGHTELF\PASSIVE DOODADS\CRATES,3,0,0,0,0,1,0,0,0,0,1,0,0,1,0,0,0,0,0,0,0,0,0,0,0,0
C:\Users\ehsra\Documents\GitHub\WMVxTOPNG\ModelsTree\World\GENERIC\NIGHTELF\PASSIVE DOODADS\Dressers,3,0,0,0,0,1,0,0,0,0,1,0,0,1,0,0,0,0,0,0,0,0,0,0,0,0
C:\Users\ehsra\Documents\GitHub\WMVxTOPNG\ModelsTree\World\GENERIC\NIGHTELF\PASSIVE DOODADS\DruidBeds,3,0,0,0,0,1,0,0,0,0,1,0,0,1,0,0,0,0,0,0,0,0,0,0,0,0
C:\Users\ehsra\Documents\GitHub\WMVxTOPNG\ModelsTree\World\GENERIC\NIGHTELF\PASSIVE DOODADS\FOUNTAINS,3,0,0,0,0,1,0,0,0,0,1,0,0,1,0,0,0,0,0,0,0,0,0,0,0,0
C:\Users\ehsra\Documents\GitHub\WMVxTOPNG\ModelsTree\World\GENERIC\NIGHTELF\PASSIVE DOODADS\Furniture,6,0,0,0,0,0,0,0,0,0,3,0,0,3,0,0,0,0,0,0,0,0,0,0,0,0
C:\Users\ehsra\Documents\GitHub\WMVxTOPNG\ModelsTree\World\GENERIC\NIGHTELF\PASSIVE DOODADS\GardenBenches,6,0,0,0,0,0,0,0,0,0,3,0,0,3,0,0,0,0,0,0,0,0,0,0,0,0
C:\Users\ehsra\Documents\GitHub\WMVxTOPNG\ModelsTree\World\GENERIC\NIGHTELF\PASSIVE DOODADS\Gates,2,0,0,0,0,0,0,0,0,0,1,0,0,1,0,0,0,0,0,0,0,0,0,0,0,0
C:\Users\ehsra\Documents\GitHub\WMVxTOPNG\ModelsTree\World\GENERIC\NIGHTELF\PASSIVE DOODADS\Gazibos,3,0,0,0,0,1,0,0,0,0,1,0,0,1,0,0,0,0,0,0,0,0,0,0,0,0
C:\Users\ehsra\Documents\GitHub\WMVxTOPNG\ModelsTree\World\GENERIC\NIGHTELF\PASSIVE DOODADS\GlaiveThrower,4,0,0,0,0,0,0,0,0,0,2,0,0,2,0,0,0,0,0,0,0,0,0,0,0,0
C:\Users\ehsra\Documents\GitHub\WMVxTOPNG\ModelsTree\World\GENERIC\NIGHTELF\PASSIVE DOODADS\HippogryphRoost,4,0,0,0,0,1,0,0,0,0,1,0,0,2,0,0,0,0,0,0,0,0,0,0,0,0
C:\Users\ehsra\Documents\GitHub\WMVxTOPNG\ModelsTree\World\GENERIC\NIGHTELF\PASSIVE DOODADS\LAMPS,16,0,0,0,0,4,0,0,0,0,6,0,0,6,0,0,0,0,0,0,0,0,0,0,0,0
C:\Users\ehsra\Documents\GitHub\WMVxTOPNG\ModelsTree\World\GENERIC\NIGHTELF\PASSIVE DOODADS\Lanterns,6,0,0,0,0,0,0,0,0,0,3,0,0,3,0,0,0,0,0,0,0,0,0,0,0,0
C:\Users\ehsra\Documents\GitHub\WMVxTOPNG\ModelsTree\World\GENERIC\NIGHTELF\PASSIVE DOODADS\MAGICALIMPLEMENTS,24,0,0,0,0,4,0,0,0,0,10,0,0,10,0,0,0,0,0,0,0,0,0,0,0,0
C:\Users\ehsra\Documents\GitHub\WMVxTOPNG\ModelsTree\World\GENERIC\NIGHTELF\PASSIVE DOODADS\MOONWELLLIGHT,6,0,0,0,0,4,0,0,0,0,1,0,0,1,0,0,0,0,0,0,0,0,0,0,0,0
C:\Users\ehsra\Documents\GitHub\WMVxTOPNG\ModelsTree\World\GENERIC\NIGHTELF\PASSIVE DOODADS\Pottery,8,0,0,0,0,0,0,0,0,0,4,0,0,4,0,0,0,0,0,0,0,0,0,0,0,0
C:\Users\ehsra\Documents\GitHub\WMVxTOPNG\ModelsTree\World\GENERIC\NIGHTELF\PASSIVE DOODADS\PvPWalls,6,0,0,0,0,0,0,0,0,0,3,0,0,3,0,0,0,0,0,0,0,0,0,0,0,0
C:\Users\ehsra\Documents\GitHub\WMVxTOPNG\ModelsTree\World\GENERIC\NIGHTELF\PASSIVE DOODADS\RUINS,60,0,0,0,0,8,0,0,0,0,26,0,0,26,0,0,0,0,0,0,0,0,0,0,0,0
C:\Users\ehsra\Documents\GitHub\WMVxTOPNG\ModelsTree\World\GENERIC\NIGHTELF\PASSIVE DOODADS\Screens,3,0,0,0,0,1,0,0,0,0,1,0,0,1,0,0,0,0,0,0,0,0,0,0,0,0
C:\Users\ehsra\Documents\GitHub\WMVxTOPNG\ModelsTree\World\GENERIC\NIGHTELF\PASSIVE DOODADS\SignPosts,9,0,0,0,0,1,0,0,0,0,4,0,0,4,0,0,0,0,0,0,0,0,0,0,0,0
C:\Users\ehsra\Documents\GitHub\WMVxTOPNG\ModelsTree\World\GENERIC\NIGHTELF\PASSIVE DOODADS\Signs,125,0,0,0,0,39,0,0,0,0,43,0,0,43,0,0,0,0,0,0,0,0,0,0,0,0
C:\Users\ehsra\Documents\GitHub\WMVxTOPNG\ModelsTree\World\GENERIC\NIGHTELF\PASSIVE DOODADS\Statue,3,0,0,0,0,1,0,0,0,0,1,0,0,1,0,0,0,0,0,0,0,0,0,0,0,0
C:\Users\ehsra\Documents\GitHub\WMVxTOPNG\ModelsTree\World\GENERIC\NIGHTELF\PASSIVE DOODADS\STATUES,21,0,0,0,0,7,0,0,0,0,7,0,0,7,0,0,0,0,0,0,0,0,0,0,0,0
C:\Users\ehsra\Documents\GitHub\WMVxTOPNG\ModelsTree\World\GENERIC\NIGHTELF\PASSIVE DOODADS\SteppingStones,4,0,0,0,0,0,0,0,0,0,2,0,0,2,0,0,0,0,0,0,0,0,0,0,0,0
C:\Users\ehsra\Documents\GitHub\WMVxTOPNG\ModelsTree\World\GENERIC\NIGHTELF\PASSIVE DOODADS\StoneRunes,6,0,0,0,0,0,0,0,0,0,3,0,0,3,0,0,0,0,0,0,0,0,0,0,0,0
C:\Users\ehsra\Documents\GitHub\WMVxTOPNG\ModelsTree\World\GENERIC\NIGHTELF\PASSIVE DOODADS\Tables,2,0,0,0,0,0,0,0,0,0,1,0,0,1,0,0,0,0,0,0,0,0,0,0,0,0
C:\Users\ehsra\Documents\GitHub\WMVxTOPNG\ModelsTree\World\GENERIC\NIGHTELF\PASSIVE DOODADS\TaxiFlags,4,0,0,0,0,2,0,0,0,0,1,0,0,1,0,0,0,0,0,0,0,0,0,0,0,0
C:\Users\ehsra\Documents\GitHub\WMVxTOPNG\ModelsTree\World\GENERIC\NIGHTELF\PASSIVE DOODADS\TeleportTree,5,0,0,0,0,3,0,0,0,0,1,0,0,1,0,0,0,0,0,0,0,0,0,0,0,0
C:\Users\ehsra\Documents\GitHub\WMVxTOPNG\ModelsTree\World\GENERIC\NIGHTELF\PASSIVE DOODADS\Tent,4,0,0,0,0,0,0,0,0,0,2,0,0,2,0,0,0,0,0,0,0,0,0,0,0,0
C:\Users\ehsra\Documents\GitHub\WMVxTOPNG\ModelsTree\World\GENERIC\NIGHTELF\PASSIVE DOODADS\Totems,7,0,0,0,0,1,0,0,0,0,3,0,0,3,0,0,0,0,0,0,0,0,0,0,0,0
C:\Users\ehsra\Documents\GitHub\WMVxTOPNG\ModelsTree\World\GENERIC\NIGHTELF\PASSIVE DOODADS\Wagons,9,0,0,0,0,5,0,0,0,0,2,0,0,2,0,0,0,0,0,0,0,0,0,0,0,0
C:\Users\ehsra\Documents\GitHub\WMVxTOPNG\ModelsTree\World\GENERIC\NIGHTELF\PASSIVE DOODADS\WallHangings,25,0,0,0,0,1,0,0,0,0,12,0,0,12,0,0,0,0,0,0,0,0,0,0,0,0
C:\Users\ehsra\Documents\GitHub\WMVxTOPNG\ModelsTree\World\GENERIC\OGRE,0,2,0,0,0,0,0,0,0,0,0,0,0,0,0,0,0,0,0,0,0,0,0,0,0,0
C:\Users\ehsra\Documents\GitHub\WMVxTOPNG\ModelsTree\World\GENERIC\OGRE\ActiveDoodads,0,1,0,0,0,0,0,0,0,0,0,0,0,0,0,0,0,0,0,0,0,0,0,0,0,0
C:\Users\ehsra\Documents\GitHub\WMVxTOPNG\ModelsTree\World\GENERIC\OGRE\ActiveDoodads\OgreHead,5,0,0,0,0,1,0,0,0,0,2,0,0,2,0,0,0,0,0,0,0,0,0,0,0,0
C:\Users\ehsra\Documents\GitHub\WMVxTOPNG\ModelsTree\World\GENERIC\OGRE\PASSIVE DOODADS,0,9,0,0,0,0,0,0,0,0,0,0,0,0,0,0,0,0,0,0,0,0,0,0,0,0
C:\Users\ehsra\Documents\GitHub\WMVxTOPNG\ModelsTree\World\GENERIC\OGRE\PASSIVE DOODADS\GronnFacade,2,0,0,0,0,0,0,0,0,0,1,0,0,1,0,0,0,0,0,0,0,0,0,0,0,0
C:\Users\ehsra\Documents\GitHub\WMVxTOPNG\ModelsTree\World\GENERIC\OGRE\PASSIVE DOODADS\GronnGates,2,0,0,0,0,0,0,0,0,0,1,0,0,1,0,0,0,0,0,0,0,0,0,0,0,0
C:\Users\ehsra\Documents\GitHub\WMVxTOPNG\ModelsTree\World\GENERIC\OGRE\PASSIVE DOODADS\OgreBackpacks,4,0,0,0,0,0,0,0,0,0,2,0,0,2,0,0,0,0,0,0,0,0,0,0,0,0
C:\Users\ehsra\Documents\GitHub\WMVxTOPNG\ModelsTree\World\GENERIC\OGRE\PASSIVE DOODADS\OGREMEATCHAINS,13,0,0,0,0,1,0,0,0,0,6,0,0,6,0,0,0,0,0,0,0,0,0,0,0,0
C:\Users\ehsra\Documents\GitHub\WMVxTOPNG\ModelsTree\World\GENERIC\OGRE\PASSIVE DOODADS\OgreMoundRocks,48,0,0,0,0,0,0,0,0,0,24,0,0,24,0,0,0,0,0,0,0,0,0,0,0,0
C:\Users\ehsra\Documents\GitHub\WMVxTOPNG\ModelsTree\World\GENERIC\OGRE\PASSIVE DOODADS\OgreMoundVent,3,0,0,0,0,1,0,0,0,0,1,0,0,1,0,0,0,0,0,0,0,0,0,0,0,0
C:\Users\ehsra\Documents\GitHub\WMVxTOPNG\ModelsTree\World\GENERIC\OGRE\PASSIVE DOODADS\OgreThrone,3,0,0,0,0,1,0,0,0,0,1,0,0,1,0,0,0,0,0,0,0,0,0,0,0,0
C:\Users\ehsra\Documents\GitHub\WMVxTOPNG\ModelsTree\World\GENERIC\OGRE\PASSIVE DOODADS\POODAD,4,0,0,0,0,2,0,0,0,0,1,0,0,1,0,0,0,0,0,0,0,0,0,0,0,0
C:\Users\ehsra\Documents\GitHub\WMVxTOPNG\ModelsTree\World\GENERIC\OGRE\PASSIVE DOODADS\TORCHES,16,0,0,0,0,6,0,0,0,0,5,0,0,5,0,0,0,0,0,0,0,0,0,0,0,0
C:\Users\ehsra\Documents\GitHub\WMVxTOPNG\ModelsTree\World\GENERIC\OmniLights,2,0,0,0,0,0,0,0,0,0,1,0,0,1,0,0,0,0,0,0,0,0,0,0,0,0
C:\Users\ehsra\Documents\GitHub\WMVxTOPNG\ModelsTree\World\GENERIC\ORC,0,1,0,0,0,0,0,0,0,0,0,0,0,0,0,0,0,0,0,0,0,0,0,0,0,0
C:\Users\ehsra\Documents\GitHub\WMVxTOPNG\ModelsTree\World\GENERIC\ORC\PASSIVE DOODADS,0,55,0,0,0,0,0,0,0,0,0,0,0,0,0,0,0,0,0,0,0,0,0,0,0,0
C:\Users\ehsra\Documents\GitHub\WMVxTOPNG\ModelsTree\World\GENERIC\ORC\PASSIVE DOODADS\ALTAROFSTORMSSTATUES,9,0,0,0,0,7,0,0,0,0,1,0,0,1,0,0,0,0,0,0,0,0,0,0,0,0
C:\Users\ehsra\Documents\GitHub\WMVxTOPNG\ModelsTree\World\GENERIC\ORC\PASSIVE DOODADS\AnimalSkulls,10,0,0,0,0,2,0,0,0,0,4,0,0,4,0,0,0,0,0,0,0,0,0,0,0,0
C:\Users\ehsra\Documents\GitHub\WMVxTOPNG\ModelsTree\World\GENERIC\ORC\PASSIVE DOODADS\BANNERS,47,0,0,0,0,17,0,0,0,0,15,0,0,15,0,0,0,0,0,0,0,0,0,0,0,0
C:\Users\ehsra\Documents\GitHub\WMVxTOPNG\ModelsTree\World\GENERIC\ORC\PASSIVE DOODADS\BARRELSANDCRATES,33,0,0,0,0,5,0,0,0,0,14,0,0,14,0,0,0,0,0,0,0,0,0,0,0,0
C:\Users\ehsra\Documents\GitHub\WMVxTOPNG\ModelsTree\World\GENERIC\ORC\PASSIVE DOODADS\Blankets,3,0,0,0,0,1,0,0,0,0,1,0,0,1,0,0,0,0,0,0,0,0,0,0,0,0
C:\Users\ehsra\Documents\GitHub\WMVxTOPNG\ModelsTree\World\GENERIC\ORC\PASSIVE DOODADS\BONES,12,0,0,0,0,6,0,0,0,0,3,0,0,3,0,0,0,0,0,0,0,0,0,0,0,0
C:\Users\ehsra\Documents\GitHub\WMVxTOPNG\ModelsTree\World\GENERIC\ORC\PASSIVE DOODADS\Bongs,3,0,0,0,0,1,0,0,0,0,1,0,0,1,0,0,0,0,0,0,0,0,0,0,0,0
C:\Users\ehsra\Documents\GitHub\WMVxTOPNG\ModelsTree\World\GENERIC\ORC\PASSIVE DOODADS\BOTTLES,3,0,0,0,0,1,0,0,0,0,1,0,0,1,0,0,0,0,0,0,0,0,0,0,0,0
C:\Users\ehsra\Documents\GitHub\WMVxTOPNG\ModelsTree\World\GENERIC\ORC\PASSIVE DOODADS\Bowls,6,0,0,0,0,2,0,0,0,0,2,0,0,2,0,0,0,0,0,0,0,0,0,0,0,0
C:\Users\ehsra\Documents\GitHub\WMVxTOPNG\ModelsTree\World\GENERIC\ORC\PASSIVE DOODADS\Braziers,31,0,0,0,0,7,0,0,0,0,12,0,0,12,0,0,0,0,0,0,0,0,0,0,0,0
C:\Users\ehsra\Documents\GitHub\WMVxTOPNG\ModelsTree\World\GENERIC\ORC\PASSIVE DOODADS\BurntOutposts,15,0,0,0,0,1,0,0,0,0,7,0,0,7,0,0,0,0,0,0,0,0,0,0,0,0
C:\Users\ehsra\Documents\GitHub\WMVxTOPNG\ModelsTree\World\GENERIC\ORC\PASSIVE DOODADS\FeedingTroughs,3,0,0,0,0,1,0,0,0,0,1,0,0,1,0,0,0,0,0,0,0,0,0,0,0,0
C:\Users\ehsra\Documents\GitHub\WMVxTOPNG\ModelsTree\World\GENERIC\ORC\PASSIVE DOODADS\FIREPITS,5,0,0,0,0,1,0,0,0,0,2,0,0,2,0,0,0,0,0,0,0,0,0,0,0,0
C:\Users\ehsra\Documents\GitHub\WMVxTOPNG\ModelsTree\World\GENERIC\ORC\PASSIVE DOODADS\Flags,3,0,0,0,0,1,0,0,0,0,1,0,0,1,0,0,0,0,0,0,0,0,0,0,0,0
C:\Users\ehsra\Documents\GitHub\WMVxTOPNG\ModelsTree\World\GENERIC\ORC\PASSIVE DOODADS\Geyser,2,0,0,0,0,0,0,0,0,0,1,0,0,1,0,0,0,0,0,0,0,0,0,0,0,0
C:\Users\ehsra\Documents\GitHub\WMVxTOPNG\ModelsTree\World\GENERIC\ORC\PASSIVE DOODADS\Hammocks,10,0,0,0,0,2,0,0,0,0,4,0,0,4,0,0,0,0,0,0,0,0,0,0,0,0
C:\Users\ehsra\Documents\GitHub\WMVxTOPNG\ModelsTree\World\GENERIC\ORC\PASSIVE DOODADS\HANGINGBONES,10,0,0,0,0,2,0,0,0,0,4,0,0,4,0,0,0,0,0,0,0,0,0,0,0,0
C:\Users\ehsra\Documents\GitHub\WMVxTOPNG\ModelsTree\World\GENERIC\ORC\PASSIVE DOODADS\HordeBanners,14,0,0,0,0,4,0,0,0,0,5,0,0,5,0,0,0,0,0,0,0,0,0,0,0,0
C:\Users\ehsra\Documents\GitHub\WMVxTOPNG\ModelsTree\World\GENERIC\ORC\PASSIVE DOODADS\JARS,18,0,0,0,0,6,0,0,0,0,6,0,0,6,0,0,0,0,0,0,0,0,0,0,0,0
C:\Users\ehsra\Documents\GitHub\WMVxTOPNG\ModelsTree\World\GENERIC\ORC\PASSIVE DOODADS\Jugs,4,0,0,0,0,0,0,0,0,0,2,0,0,2,0,0,0,0,0,0,0,0,0,0,0,0
C:\Users\ehsra\Documents\GitHub\WMVxTOPNG\ModelsTree\World\GENERIC\ORC\PASSIVE DOODADS\KODOWAGON,4,0,0,0,0,2,0,0,0,0,1,0,0,1,0,0,0,0,0,0,0,0,0,0,0,0
C:\Users\ehsra\Documents\GitHub\WMVxTOPNG\ModelsTree\World\GENERIC\ORC\PASSIVE DOODADS\LampPosts,8,0,0,0,0,2,0,0,0,0,3,0,0,3,0,0,0,0,0,0,0,0,0,0,0,0
C:\Users\ehsra\Documents\GitHub\WMVxTOPNG\ModelsTree\World\GENERIC\ORC\PASSIVE DOODADS\Lanterns,3,0,0,0,0,1,0,0,0,0,1,0,0,1,0,0,0,0,0,0,0,0,0,0,0,0
C:\Users\ehsra\Documents\GitHub\WMVxTOPNG\ModelsTree\World\GENERIC\ORC\PASSIVE DOODADS\MeatRacks,6,0,0,0,0,2,0,0,0,0,2,0,0,2,0,0,0,0,0,0,0,0,0,0,0,0
C:\Users\ehsra\Documents\GitHub\WMVxTOPNG\ModelsTree\World\GENERIC\ORC\PASSIVE DOODADS\Mugs,2,0,0,0,0,0,0,0,0,0,1,0,0,1,0,0,0,0,0,0,0,0,0,0,0,0
C:\Users\ehsra\Documents\GitHub\WMVxTOPNG\ModelsTree\World\GENERIC\ORC\PASSIVE DOODADS\OrcBellows,2,0,0,0,0,0,0,0,0,0,1,0,0,1,0,0,0,0,0,0,0,0,0,0,0,0
C:\Users\ehsra\Documents\GitHub\WMVxTOPNG\ModelsTree\World\GENERIC\ORC\PASSIVE DOODADS\OrcFence,4,0,0,0,0,0,0,0,0,0,2,0,0,2,0,0,0,0,0,0,0,0,0,0,0,0
C:\Users\ehsra\Documents\GitHub\WMVxTOPNG\ModelsTree\World\GENERIC\ORC\PASSIVE DOODADS\Pinata,2,0,0,0,0,0,0,0,0,0,1,0,0,1,0,0,0,0,0,0,0,0,0,0,0,0
C:\Users\ehsra\Documents\GitHub\WMVxTOPNG\ModelsTree\World\GENERIC\ORC\PASSIVE DOODADS\Pitchers,2,0,0,0,0,0,0,0,0,0,1,0,0,1,0,0,0,0,0,0,0,0,0,0,0,0
C:\Users\ehsra\Documents\GitHub\WMVxTOPNG\ModelsTree\World\GENERIC\ORC\PASSIVE DOODADS\Plants,12,0,0,0,0,4,0,0,0,0,4,0,0,4,0,0,0,0,0,0,0,0,0,0,0,0
C:\Users\ehsra\Documents\GitHub\WMVxTOPNG\ModelsTree\World\GENERIC\ORC\PASSIVE DOODADS\RaptorEggs,9,0,0,0,0,1,0,0,0,0,4,0,0,4,0,0,0,0,0,0,0,0,0,0,0,0
C:\Users\ehsra\Documents\GitHub\WMVxTOPNG\ModelsTree\World\GENERIC\ORC\PASSIVE DOODADS\RaptorNests,5,0,0,0,0,1,0,0,0,0,2,0,0,2,0,0,0,0,0,0,0,0,0,0,0,0
C:\Users\ehsra\Documents\GitHub\WMVxTOPNG\ModelsTree\World\GENERIC\ORC\PASSIVE DOODADS\Rickshaw,3,0,0,0,0,1,0,0,0,0,1,0,0,1,0,0,0,0,0,0,0,0,0,0,0,0
C:\Users\ehsra\Documents\GitHub\WMVxTOPNG\ModelsTree\World\GENERIC\ORC\PASSIVE DOODADS\Roasts,10,0,0,0,0,4,0,0,0,0,3,0,0,3,0,0,0,0,0,0,0,0,0,0,0,0
C:\Users\ehsra\Documents\GitHub\WMVxTOPNG\ModelsTree\World\GENERIC\ORC\PASSIVE DOODADS\RUGS,8,0,0,0,0,2,0,0,0,0,3,0,0,3,0,0,0,0,0,0,0,0,0,0,0,0
C:\Users\ehsra\Documents\GitHub\WMVxTOPNG\ModelsTree\World\GENERIC\ORC\PASSIVE DOODADS\Saddles,9,0,0,0,0,3,0,0,0,0,3,0,0,3,0,0,0,0,0,0,0,0,0,0,0,0
C:\Users\ehsra\Documents\GitHub\WMVxTOPNG\ModelsTree\World\GENERIC\ORC\PASSIVE DOODADS\Shields,9,0,0,0,0,3,0,0,0,0,3,0,0,3,0,0,0,0,0,0,0,0,0,0,0,0
C:\Users\ehsra\Documents\GitHub\WMVxTOPNG\ModelsTree\World\GENERIC\ORC\PASSIVE DOODADS\SignPosts,14,0,0,0,0,2,0,0,0,0,6,0,0,6,0,0,0,0,0,0,0,0,0,0,0,0
C:\Users\ehsra\Documents\GitHub\WMVxTOPNG\ModelsTree\World\GENERIC\ORC\PASSIVE DOODADS\Signs,126,0,0,0,0,40,0,0,0,0,43,0,0,43,0,0,0,0,0,0,0,0,0,0,0,0
C:\Users\ehsra\Documents\GitHub\WMVxTOPNG\ModelsTree\World\GENERIC\ORC\PASSIVE DOODADS\Spits,4,0,0,0,0,0,0,0,0,0,2,0,0,2,0,0,0,0,0,0,0,0,0,0,0,0
C:\Users\ehsra\Documents\GitHub\WMVxTOPNG\ModelsTree\World\GENERIC\ORC\PASSIVE DOODADS\Statues,4,0,0,0,0,2,0,0,0,0,1,0,0,1,0,0,0,0,0,0,0,0,0,0,0,0
C:\Users\ehsra\Documents\GitHub\WMVxTOPNG\ModelsTree\World\GENERIC\ORC\PASSIVE DOODADS\StoneBrazier,2,0,0,0,0,0,0,0,0,0,1,0,0,1,0,0,0,0,0,0,0,0,0,0,0,0
C:\Users\ehsra\Documents\GitHub\WMVxTOPNG\ModelsTree\World\GENERIC\ORC\PASSIVE DOODADS\TABLECOOKER,6,0,0,0,0,2,0,0,0,0,2,0,0,2,0,0,0,0,0,0,0,0,0,0,0,0
C:\Users\ehsra\Documents\GitHub\WMVxTOPNG\ModelsTree\World\GENERIC\ORC\PASSIVE DOODADS\Tables,4,0,0,0,0,0,0,0,0,0,2,0,0,2,0,0,0,0,0,0,0,0,0,0,0,0
C:\Users\ehsra\Documents\GitHub\WMVxTOPNG\ModelsTree\World\GENERIC\ORC\PASSIVE DOODADS\Tailoring,0,5,0,0,0,0,0,0,0,0,0,0,0,0,0,0,0,0,0,0,0,0,0,0,0,0
C:\Users\ehsra\Documents\GitHub\WMVxTOPNG\ModelsTree\World\GENERIC\ORC\PASSIVE DOODADS\Tailoring\Bolts,9,0,0,0,0,1,0,0,0,0,4,0,0,4,0,0,0,0,0,0,0,0,0,0,0,0
C:\Users\ehsra\Documents\GitHub\WMVxTOPNG\ModelsTree\World\GENERIC\ORC\PASSIVE DOODADS\Tailoring\Boots,6,0,0,0,0,0,0,0,0,0,3,0,0,3,0,0,0,0,0,0,0,0,0,0,0,0
C:\Users\ehsra\Documents\GitHub\WMVxTOPNG\ModelsTree\World\GENERIC\ORC\PASSIVE DOODADS\Tailoring\Clothes,11,0,0,0,0,3,0,0,0,0,4,0,0,4,0,0,0,0,0,0,0,0,0,0,0,0
C:\Users\ehsra\Documents\GitHub\WMVxTOPNG\ModelsTree\World\GENERIC\ORC\PASSIVE DOODADS\Tailoring\Spools,14,0,0,0,0,0,0,0,0,0,7,0,0,7,0,0,0,0,0,0,0,0,0,0,0,0
C:\Users\ehsra\Documents\GitHub\WMVxTOPNG\ModelsTree\World\GENERIC\ORC\PASSIVE DOODADS\Tailoring\Yarn,4,0,0,0,0,0,0,0,0,0,2,0,0,2,0,0,0,0,0,0,0,0,0,0,0,0
C:\Users\ehsra\Documents\GitHub\WMVxTOPNG\ModelsTree\World\GENERIC\ORC\PASSIVE DOODADS\TaxiFlags,3,0,0,0,0,1,0,0,0,0,1,0,0,1,0,0,0,0,0,0,0,0,0,0,0,0
C:\Users\ehsra\Documents\GitHub\WMVxTOPNG\ModelsTree\World\GENERIC\ORC\PASSIVE DOODADS\Tents,10,0,0,0,0,2,0,0,0,0,4,0,0,4,0,0,0,0,0,0,0,0,0,0,0,0
C:\Users\ehsra\Documents\GitHub\WMVxTOPNG\ModelsTree\World\GENERIC\ORC\PASSIVE DOODADS\Trays,2,0,0,0,0,0,0,0,0,0,1,0,0,1,0,0,0,0,0,0,0,0,0,0,0,0
C:\Users\ehsra\Documents\GitHub\WMVxTOPNG\ModelsTree\World\GENERIC\ORC\PASSIVE DOODADS\Utensils,9,0,0,0,0,3,0,0,0,0,3,0,0,3,0,0,0,0,0,0,0,0,0,0,0,0
C:\Users\ehsra\Documents\GitHub\WMVxTOPNG\ModelsTree\World\GENERIC\ORC\PASSIVE DOODADS\VOODOOSTUFF,26,0,0,0,0,8,0,0,0,0,9,0,0,9,0,0,0,0,0,0,0,0,0,0,0,0
C:\Users\ehsra\Documents\GitHub\WMVxTOPNG\ModelsTree\World\GENERIC\ORC\PASSIVE DOODADS\WAGONS,13,0,0,0,0,1,0,0,0,0,6,0,0,6,0,0,0,0,0,0,0,0,0,0,0,0
C:\Users\ehsra\Documents\GitHub\WMVxTOPNG\ModelsTree\World\GENERIC\ORC\PASSIVE DOODADS\WantedPosters,12,0,0,0,0,4,0,0,0,0,4,0,0,4,0,0,0,0,0,0,0,0,0,0,0,0
C:\Users\ehsra\Documents\GitHub\WMVxTOPNG\ModelsTree\World\GENERIC\ORC\PASSIVE DOODADS\Weapons,33,0,0,0,0,7,0,0,0,0,13,0,0,13,0,0,0,0,0,0,0,0,0,0,0,0
C:\Users\ehsra\Documents\GitHub\WMVxTOPNG\ModelsTree\World\GENERIC\ORC\PASSIVE DOODADS\WyvernNests,6,0,0,0,0,2,0,0,0,0,2,0,0,2,0,0,0,0,0,0,0,0,0,0,0,0
C:\Users\ehsra\Documents\GitHub\WMVxTOPNG\ModelsTree\World\GENERIC\ORC\PASSIVE DOODADS\WyvernRoost,7,0,0,0,0,2,0,0,0,0,2,0,0,3,0,0,0,0,0,0,0,0,0,0,0,0
C:\Users\ehsra\Documents\GitHub\WMVxTOPNG\ModelsTree\World\GENERIC\OwlBear,0,3,0,0,0,0,0,0,0,0,0,0,0,0,0,0,0,0,0,0,0,0,0,0,0,0
C:\Users\ehsra\Documents\GitHub\WMVxTOPNG\ModelsTree\World\GENERIC\OwlBear\OwlBearSkulls,3,0,0,0,0,1,0,0,0,0,1,0,0,1,0,0,0,0,0,0,0,0,0,0,0,0
C:\Users\ehsra\Documents\GitHub\WMVxTOPNG\ModelsTree\World\GENERIC\OwlBear\OwlBearTotems,14,0,0,0,0,2,0,0,0,0,6,0,0,6,0,0,0,0,0,0,0,0,0,0,0,0
C:\Users\ehsra\Documents\GitHub\WMVxTOPNG\ModelsTree\World\GENERIC\OwlBear\Rocks,7,0,0,0,0,1,0,0,0,0,3,0,0,3,0,0,0,0,0,0,0,0,0,0,0,0
C:\Users\ehsra\Documents\GitHub\WMVxTOPNG\ModelsTree\World\GENERIC\Passive Doodads,0,3,0,0,0,0,0,0,0,0,0,0,0,0,0,0,0,0,0,0,0,0,0,0,0,0
C:\Users\ehsra\Documents\GitHub\WMVxTOPNG\ModelsTree\World\GENERIC\Passive Doodads\ArenaElevators,22,0,0,0,0,2,0,0,0,0,10,0,0,10,0,0,0,0,0,0,0,0,0,0,0,0
C:\Users\ehsra\Documents\GitHub\WMVxTOPNG\ModelsTree\World\GENERIC\Passive Doodads\Shoutbox,2,0,0,0,0,0,0,0,0,0,1,0,0,1,0,0,0,0,0,0,0,0,0,0,0,0
C:\Users\ehsra\Documents\GitHub\WMVxTOPNG\ModelsTree\World\GENERIC\Passive Doodads\WantedPosters,9,0,0,0,0,1,0,0,0,0,4,0,0,4,0,0,0,0,0,0,0,0,0,0,0,0
C:\Users\ehsra\Documents\GitHub\WMVxTOPNG\ModelsTree\World\GENERIC\PASSIVEDOODADS,0,64,0,0,0,0,0,0,0,0,0,0,0,0,0,0,0,0,0,0,0,0,0,0,0,0
C:\Users\ehsra\Documents\GitHub\WMVxTOPNG\ModelsTree\World\GENERIC\PASSIVEDOODADS\AHNQIRAJ,125,0,0,0,0,7,0,0,0,0,59,0,0,59,0,0,0,0,0,0,0,0,0,0,0,0
C:\Users\ehsra\Documents\GitHub\WMVxTOPNG\ModelsTree\World\GENERIC\PASSIVEDOODADS\BABIES,24,0,0,0,0,10,0,0,0,0,7,0,0,7,0,0,0,0,0,0,0,0,0,0,0,0
C:\Users\ehsra\Documents\GitHub\WMVxTOPNG\ModelsTree\World\GENERIC\PASSIVEDOODADS\Band,4,0,0,0,0,1,0,0,0,0,1,0,0,2,0,0,0,0,0,0,0,0,0,0,0,0
C:\Users\ehsra\Documents\GitHub\WMVxTOPNG\ModelsTree\World\GENERIC\PASSIVEDOODADS\Barrel,10,0,0,0,0,2,0,0,0,0,4,0,0,4,0,0,0,0,0,0,0,0,0,0,0,0
C:\Users\ehsra\Documents\GitHub\WMVxTOPNG\ModelsTree\World\GENERIC\PASSIVEDOODADS\BindStone,4,0,0,0,0,2,0,0,0,0,1,0,0,1,0,0,0,0,0,0,0,0,0,0,0,0
C:\Users\ehsra\Documents\GitHub\WMVxTOPNG\ModelsTree\World\GENERIC\PASSIVEDOODADS\Bleachers,10,0,0,0,0,0,0,0,0,0,5,0,0,5,0,0,0,0,0,0,0,0,0,0,0,0
C:\Users\ehsra\Documents\GitHub\WMVxTOPNG\ModelsTree\World\GENERIC\PASSIVEDOODADS\Brewfest,6,0,0,0,0,2,0,0,0,0,2,0,0,2,0,0,0,0,0,0,0,0,0,0,0,0
C:\Users\ehsra\Documents\GitHub\WMVxTOPNG\ModelsTree\World\GENERIC\PASSIVEDOODADS\BrokenTrap,2,0,0,0,0,0,0,0,0,0,1,0,0,1,0,0,0,0,0,0,0,0,0,0,0,0
C:\Users\ehsra\Documents\GitHub\WMVxTOPNG\ModelsTree\World\GENERIC\PASSIVEDOODADS\CHRISTMAS,90,0,0,0,0,25,0,0,0,0,26,0,0,39,0,0,0,0,0,0,0,0,0,0,0,0
C:\Users\ehsra\Documents\GitHub\WMVxTOPNG\ModelsTree\World\GENERIC\PASSIVEDOODADS\Crate01,3,0,0,0,0,1,0,0,0,0,1,0,0,1,0,0,0,0,0,0,0,0,0,0,0,0
C:\Users\ehsra\Documents\GitHub\WMVxTOPNG\ModelsTree\World\GENERIC\PASSIVEDOODADS\Crate02,3,0,0,0,0,1,0,0,0,0,1,0,0,1,0,0,0,0,0,0,0,0,0,0,0,0
C:\Users\ehsra\Documents\GitHub\WMVxTOPNG\ModelsTree\World\GENERIC\PASSIVEDOODADS\CratesFirstAid,6,0,0,0,0,2,0,0,0,0,2,0,0,2,0,0,0,0,0,0,0,0,0,0,0,0
C:\Users\ehsra\Documents\GitHub\WMVxTOPNG\ModelsTree\World\GENERIC\PASSIVEDOODADS\CreatureDeathSkeletons,3,0,0,0,0,1,0,0,0,0,1,0,0,1,0,0,0,0,0,0,0,0,0,0,0,0
C:\Users\ehsra\Documents\GitHub\WMVxTOPNG\ModelsTree\World\GENERIC\PASSIVEDOODADS\DarkPortals,12,0,0,0,0,7,0,0,0,0,2,0,0,3,0,0,0,0,0,0,0,0,0,0,0,0
C:\Users\ehsra\Documents\GitHub\WMVxTOPNG\ModelsTree\World\GENERIC\PASSIVEDOODADS\DeadTreeLogs,13,0,0,0,0,5,0,0,0,0,4,0,0,4,0,0,0,0,0,0,0,0,0,0,0,0
C:\Users\ehsra\Documents\GitHub\WMVxTOPNG\ModelsTree\World\GENERIC\PASSIVEDOODADS\DEATHSKELETONS,44,0,0,0,0,2,0,0,0,0,21,0,0,21,0,0,0,0,0,0,0,0,0,0,0,0
C:\Users\ehsra\Documents\GitHub\WMVxTOPNG\ModelsTree\World\GENERIC\PASSIVEDOODADS\DiaDeLosMuertos,7,0,0,0,0,1,0,0,0,0,3,0,0,3,0,0,0,0,0,0,0,0,0,0,0,0
C:\Users\ehsra\Documents\GitHub\WMVxTOPNG\ModelsTree\World\GENERIC\PASSIVEDOODADS\DirectionalMarker,5,0,0,0,0,1,0,0,0,0,2,0,0,2,0,0,0,0,0,0,0,0,0,0,0,0
C:\Users\ehsra\Documents\GitHub\WMVxTOPNG\ModelsTree\World\GENERIC\PASSIVEDOODADS\Doors,2,0,0,0,0,0,0,0,0,0,1,0,0,1,0,0,0,0,0,0,0,0,0,0,0,0
C:\Users\ehsra\Documents\GitHub\WMVxTOPNG\ModelsTree\World\GENERIC\PASSIVEDOODADS\DUELINGFLAG,4,0,0,0,0,2,0,0,0,0,1,0,0,1,0,0,0,0,0,0,0,0,0,0,0,0
C:\Users\ehsra\Documents\GitHub\WMVxTOPNG\ModelsTree\World\GENERIC\PASSIVEDOODADS\Easter,9,0,0,0,0,1,0,0,0,0,4,0,0,4,0,0,0,0,0,0,0,0,0,0,0,0
C:\Users\ehsra\Documents\GitHub\WMVxTOPNG\ModelsTree\World\GENERIC\PASSIVEDOODADS\EasterEggs,15,0,0,0,0,5,0,0,0,0,5,0,0,5,0,0,0,0,0,0,0,0,0,0,0,0
C:\Users\ehsra\Documents\GitHub\WMVxTOPNG\ModelsTree\World\GENERIC\PASSIVEDOODADS\Engineering,5,0,0,0,0,1,0,0,0,0,2,0,0,2,0,0,0,0,0,0,0,0,0,0,0,0
C:\Users\ehsra\Documents\GitHub\WMVxTOPNG\ModelsTree\World\GENERIC\PASSIVEDOODADS\Feathers,9,0,0,0,0,3,0,0,0,0,3,0,0,3,0,0,0,0,0,0,0,0,0,0,0,0
C:\Users\ehsra\Documents\GitHub\WMVxTOPNG\ModelsTree\World\GENERIC\PASSIVEDOODADS\Fish,9,0,0,0,0,3,0,0,0,0,3,0,0,3,0,0,0,0,0,0,0,0,0,0,0,0
C:\Users\ehsra\Documents\GitHub\WMVxTOPNG\ModelsTree\World\GENERIC\PASSIVEDOODADS\FloatingDebris,18,0,0,0,0,0,0,0,0,0,9,0,0,9,0,0,0,0,0,0,0,0,0,0,0,0
C:\Users\ehsra\Documents\GitHub\WMVxTOPNG\ModelsTree\World\GENERIC\PASSIVEDOODADS\FLYINGINSECTS,3,0,0,0,0,1,0,0,0,0,1,0,0,1,0,0,0,0,0,0,0,0,0,0,0,0
C:\Users\ehsra\Documents\GitHub\WMVxTOPNG\ModelsTree\World\GENERIC\PASSIVEDOODADS\FRUITS,25,0,0,0,0,1,0,0,0,0,12,0,0,12,0,0,0,0,0,0,0,0,0,0,0,0
C:\Users\ehsra\Documents\GitHub\WMVxTOPNG\ModelsTree\World\GENERIC\PASSIVEDOODADS\Furniture,0,2,0,0,0,0,0,0,0,0,0,0,0,0,0,0,0,0,0,0,0,0,0,0,0,0
C:\Users\ehsra\Documents\GitHub\WMVxTOPNG\ModelsTree\World\GENERIC\PASSIVEDOODADS\Furniture\Containers,28,0,0,0,0,8,0,0,0,0,10,0,0,10,0,0,0,0,0,0,0,0,0,0,0,0
C:\Users\ehsra\Documents\GitHub\WMVxTOPNG\ModelsTree\World\GENERIC\PASSIVEDOODADS\Furniture\Refuse,4,0,0,0,0,0,0,0,0,0,2,0,0,2,0,0,0,0,0,0,0,0,0,0,0,0
C:\Users\ehsra\Documents\GitHub\WMVxTOPNG\ModelsTree\World\GENERIC\PASSIVEDOODADS\Gallows,2,0,0,0,0,0,0,0,0,0,1,0,0,1,0,0,0,0,0,0,0,0,0,0,0,0
C:\Users\ehsra\Documents\GitHub\WMVxTOPNG\ModelsTree\World\GENERIC\PASSIVEDOODADS\GrayStone,4,0,0,0,0,0,0,0,0,0,2,0,0,2,0,0,0,0,0,0,0,0,0,0,0,0
C:\Users\ehsra\Documents\GitHub\WMVxTOPNG\ModelsTree\World\GENERIC\PASSIVEDOODADS\GuildBank,35,0,0,0,0,17,0,0,0,0,9,0,0,9,0,0,0,0,0,0,0,0,0,0,0,0
C:\Users\ehsra\Documents\GitHub\WMVxTOPNG\ModelsTree\World\GENERIC\PASSIVEDOODADS\HALLOWEEN,14,0,0,0,0,6,0,0,0,0,4,0,0,4,0,0,0,0,0,0,0,0,0,0,0,0
C:\Users\ehsra\Documents\GitHub\WMVxTOPNG\ModelsTree\World\GENERIC\PASSIVEDOODADS\Hides,4,0,0,0,0,0,0,0,0,0,2,0,0,2,0,0,0,0,0,0,0,0,0,0,0,0
C:\Users\ehsra\Documents\GitHub\WMVxTOPNG\ModelsTree\World\GENERIC\PASSIVEDOODADS\LIGHTS,51,0,0,0,0,7,0,0,0,0,22,0,0,22,0,0,0,0,0,0,0,0,0,0,0,0
C:\Users\ehsra\Documents\GitHub\WMVxTOPNG\ModelsTree\World\GENERIC\PASSIVEDOODADS\LunarNewYear,59,0,0,0,0,13,0,0,0,0,21,0,0,25,0,0,0,0,0,0,0,0,0,0,0,0
C:\Users\ehsra\Documents\GitHub\WMVxTOPNG\ModelsTree\World\GENERIC\PASSIVEDOODADS\MapleLeaves,3,0,0,0,0,1,0,0,0,0,1,0,0,1,0,0,0,0,0,0,0,0,0,0,0,0
C:\Users\ehsra\Documents\GitHub\WMVxTOPNG\ModelsTree\World\GENERIC\PASSIVEDOODADS\METALBARS,28,0,0,0,0,4,0,0,0,0,12,0,0,12,0,0,0,0,0,0,0,0,0,0,0,0
C:\Users\ehsra\Documents\GitHub\WMVxTOPNG\ModelsTree\World\GENERIC\PASSIVEDOODADS\MISC,0,3,0,0,0,0,0,0,0,0,0,0,0,0,0,0,0,0,0,0,0,0,0,0,0,0
C:\Users\ehsra\Documents\GitHub\WMVxTOPNG\ModelsTree\World\GENERIC\PASSIVEDOODADS\MISC\MINECARS,14,0,0,0,0,4,0,0,0,0,5,0,0,5,0,0,0,0,0,0,0,0,0,0,0,0
C:\Users\ehsra\Documents\GitHub\WMVxTOPNG\ModelsTree\World\GENERIC\PASSIVEDOODADS\MISC\Pulleys,2,0,0,0,0,0,0,0,0,0,1,0,0,1,0,0,0,0,0,0,0,0,0,0,0,0
C:\Users\ehsra\Documents\GitHub\WMVxTOPNG\ModelsTree\World\GENERIC\PASSIVEDOODADS\MISC\WheelBarrow,3,0,0,0,0,1,0,0,0,0,1,0,0,1,0,0,0,0,0,0,0,0,0,0,0,0
C:\Users\ehsra\Documents\GitHub\WMVxTOPNG\ModelsTree\World\GENERIC\PASSIVEDOODADS\Oktoberfest,58,0,0,0,0,16,0,0,0,0,20,0,0,22,0,0,0,0,0,0,0,0,0,0,0,0
C:\Users\ehsra\Documents\GitHub\WMVxTOPNG\ModelsTree\World\GENERIC\PASSIVEDOODADS\ParticleEmitters,135,0,0,0,0,13,0,0,0,0,61,0,0,61,0,0,0,0,0,0,0,0,0,0,0,0
C:\Users\ehsra\Documents\GitHub\WMVxTOPNG\ModelsTree\World\GENERIC\PASSIVEDOODADS\PLAINRUNE,7,0,0,0,0,3,0,0,0,0,2,0,0,2,0,0,0,0,0,0,0,0,0,0,0,0
C:\Users\ehsra\Documents\GitHub\WMVxTOPNG\ModelsTree\World\GENERIC\PASSIVEDOODADS\Plaque,16,0,0,0,0,6,0,0,0,0,5,0,0,5,0,0,0,0,0,0,0,0,0,0,0,0
C:\Users\ehsra\Documents\GitHub\WMVxTOPNG\ModelsTree\World\GENERIC\PASSIVEDOODADS\POSTBOXES,37,0,0,0,0,15,0,0,0,0,11,0,0,11,0,0,0,0,0,0,0,0,0,0,0,0
C:\Users\ehsra\Documents\GitHub\WMVxTOPNG\ModelsTree\World\GENERIC\PASSIVEDOODADS\scourge,12,0,0,0,0,2,0,0,0,0,5,0,0,5,0,0,0,0,0,0,0,0,0,0,0,0
C:\Users\ehsra\Documents\GitHub\WMVxTOPNG\ModelsTree\World\GENERIC\PASSIVEDOODADS\ShamanStone,8,0,0,0,0,6,0,0,0,0,1,0,0,1,0,0,0,0,0,0,0,0,0,0,0,0
C:\Users\ehsra\Documents\GitHub\WMVxTOPNG\ModelsTree\World\GENERIC\PASSIVEDOODADS\ShieldRacks,10,0,0,0,0,2,0,0,0,0,4,0,0,4,0,0,0,0,0,0,0,0,0,0,0,0
C:\Users\ehsra\Documents\GitHub\WMVxTOPNG\ModelsTree\World\GENERIC\PASSIVEDOODADS\Ships,0,4,0,0,0,0,0,0,0,0,0,0,0,0,0,0,0,0,0,0,0,0,0,0,0,0
C:\Users\ehsra\Documents\GitHub\WMVxTOPNG\ModelsTree\World\GENERIC\PASSIVEDOODADS\Ships\HordeZeppelinAnimation,9,0,0,0,0,5,0,0,0,0,1,0,0,3,0,0,0,0,0,0,0,0,0,0,0,0
C:\Users\ehsra\Documents\GitHub\WMVxTOPNG\ModelsTree\World\GENERIC\PASSIVEDOODADS\Ships\ShipAnimation,19,1,0,0,0,3,0,0,0,0,6,0,0,10,0,0,0,0,0,0,0,0,0,0,0,0
C:\Users\ehsra\Documents\GitHub\WMVxTOPNG\ModelsTree\World\GENERIC\PASSIVEDOODADS\Ships\ShipAnimation\Paddlewheel,7,0,0,0,0,5,0,0,0,0,1,0,0,1,0,0,0,0,0,0,0,0,0,0,0,0
C:\Users\ehsra\Documents\GitHub\WMVxTOPNG\ModelsTree\World\GENERIC\PASSIVEDOODADS\Ships\SHIPRAMPS,7,0,0,0,0,1,0,0,0,0,3,0,0,3,0,0,0,0,0,0,0,0,0,0,0,0
C:\Users\ehsra\Documents\GitHub\WMVxTOPNG\ModelsTree\World\GENERIC\PASSIVEDOODADS\Ships\ZeppelinAnimation,2,0,0,0,0,0,0,0,0,0,1,0,0,1,0,0,0,0,0,0,0,0,0,0,0,0
C:\Users\ehsra\Documents\GitHub\WMVxTOPNG\ModelsTree\World\GENERIC\PASSIVEDOODADS\SKELETONS,36,0,0,0,0,4,0,0,0,0,16,0,0,16,0,0,0,0,0,0,0,0,0,0,0,0
C:\Users\ehsra\Documents\GitHub\WMVxTOPNG\ModelsTree\World\GENERIC\PASSIVEDOODADS\SummerFestival,72,0,0,0,0,14,0,0,0,0,29,0,0,29,0,0,0,0,0,0,0,0,0,0,0,0
C:\Users\ehsra\Documents\GitHub\WMVxTOPNG\ModelsTree\World\GENERIC\PASSIVEDOODADS\TestBall,2,0,0,0,0,0,0,0,0,0,1,0,0,1,0,0,0,0,0,0,0,0,0,0,0,0
C:\Users\ehsra\Documents\GitHub\WMVxTOPNG\ModelsTree\World\GENERIC\PASSIVEDOODADS\Thanksgiving,34,0,0,0,0,4,0,0,0,0,15,0,0,15,0,0,0,0,0,0,0,0,0,0,0,0
C:\Users\ehsra\Documents\GitHub\WMVxTOPNG\ModelsTree\World\GENERIC\PASSIVEDOODADS\Traps,2,0,0,0,0,0,0,0,0,0,1,0,0,1,0,0,0,0,0,0,0,0,0,0,0,0
C:\Users\ehsra\Documents\GitHub\WMVxTOPNG\ModelsTree\World\GENERIC\PASSIVEDOODADS\TREASUREPILES,10,0,0,0,0,4,0,0,0,0,3,0,0,3,0,0,0,0,0,0,0,0,0,0,0,0
C:\Users\ehsra\Documents\GitHub\WMVxTOPNG\ModelsTree\World\GENERIC\PASSIVEDOODADS\TugofWar,24,0,0,0,0,10,0,0,0,0,7,0,0,7,0,0,0,0,0,0,0,0,0,0,0,0
C:\Users\ehsra\Documents\GitHub\WMVxTOPNG\ModelsTree\World\GENERIC\PASSIVEDOODADS\ValentinesDay,65,0,0,0,0,19,0,0,0,0,23,0,0,23,0,0,0,0,0,0,0,0,0,0,0,0
C:\Users\ehsra\Documents\GitHub\WMVxTOPNG\ModelsTree\World\GENERIC\PASSIVEDOODADS\Wall,0,1,0,0,0,0,0,0,0,0,0,0,0,0,0,0,0,0,0,0,0,0,0,0,0,0
C:\Users\ehsra\Documents\GitHub\WMVxTOPNG\ModelsTree\World\GENERIC\PASSIVEDOODADS\Wall\Bones,5,0,0,0,0,1,0,0,0,0,2,0,0,2,0,0,0,0,0,0,0,0,0,0,0,0
C:\Users\ehsra\Documents\GitHub\WMVxTOPNG\ModelsTree\World\GENERIC\PASSIVEDOODADS\Waterfall,4,0,0,0,0,0,0,0,0,0,2,0,0,2,0,0,0,0,0,0,0,0,0,0,0,0
C:\Users\ehsra\Documents\GitHub\WMVxTOPNG\ModelsTree\World\GENERIC\PASSIVEDOODADS\WATERFALLS,3,0,0,0,0,1,0,0,0,0,1,0,0,1,0,0,0,0,0,0,0,0,0,0,0,0
C:\Users\ehsra\Documents\GitHub\WMVxTOPNG\ModelsTree\World\GENERIC\PASSIVEDOODADS\WeaponCrates,14,0,0,0,0,2,0,0,0,0,6,0,0,6,0,0,0,0,0,0,0,0,0,0,0,0
C:\Users\ehsra\Documents\GitHub\WMVxTOPNG\ModelsTree\World\GENERIC\PASSIVEDOODADS\WEAPONS,112,0,0,0,0,16,0,0,0,0,48,0,0,48,0,0,0,0,0,0,0,0,0,0,0,0
C:\Users\ehsra\Documents\GitHub\WMVxTOPNG\ModelsTree\World\GENERIC\PASSIVEDOODADS\Well,7,0,0,0,0,5,0,0,0,0,1,0,0,1,0,0,0,0,0,0,0,0,0,0,0,0
C:\Users\ehsra\Documents\GitHub\WMVxTOPNG\ModelsTree\World\GENERIC\PASSIVEDOODADS\WINDBLOWN,6,0,0,0,0,2,0,0,0,0,2,0,0,2,0,0,0,0,0,0,0,0,0,0,0,0
C:\Users\ehsra\Documents\GitHub\WMVxTOPNG\ModelsTree\World\GENERIC\PASSIVEDOODADS\WindowBeam,4,0,0,0,0,0,0,0,0,0,2,0,0,2,0,0,0,0,0,0,0,0,0,0,0,0
C:\Users\ehsra\Documents\GitHub\WMVxTOPNG\ModelsTree\World\GENERIC\Pirate,0,1,0,0,0,0,0,0,0,0,0,0,0,0,0,0,0,0,0,0,0,0,0,0,0,0
C:\Users\ehsra\Documents\GitHub\WMVxTOPNG\ModelsTree\World\GENERIC\Pirate\Passive Doodads,0,1,0,0,0,0,0,0,0,0,0,0,0,0,0,0,0,0,0,0,0,0,0,0,0,0
C:\Users\ehsra\Documents\GitHub\WMVxTOPNG\ModelsTree\World\GENERIC\Pirate\Passive Doodads\PirateLandmarks,3,0,0,0,0,1,0,0,0,0,1,0,0,1,0,0,0,0,0,0,0,0,0,0,0,0
C:\Users\ehsra\Documents\GitHub\WMVxTOPNG\ModelsTree\World\GENERIC\PVP,0,11,0,0,0,0,0,0,0,0,0,0,0,0,0,0,0,0,0,0,0,0,0,0,0,0
C:\Users\ehsra\Documents\GitHub\WMVxTOPNG\ModelsTree\World\GENERIC\PVP\BATTLEFIELDBANNERS,61,0,0,0,0,11,0,0,0,0,25,0,0,25,0,0,0,0,0,0,0,0,0,0,0,0
C:\Users\ehsra\Documents\GitHub\WMVxTOPNG\ModelsTree\World\GENERIC\PVP\CollisionWall,4,0,0,0,0,0,0,0,0,0,2,0,0,2,0,0,0,0,0,0,0,0,0,0,0,0
C:\Users\ehsra\Documents\GitHub\WMVxTOPNG\ModelsTree\World\GENERIC\PVP\CTFFLAGS,13,0,0,0,0,5,0,0,0,0,4,0,0,4,0,0,0,0,0,0,0,0,0,0,0,0
C:\Users\ehsra\Documents\GitHub\WMVxTOPNG\ModelsTree\World\GENERIC\PVP\Fires,6,0,0,0,0,0,0,0,0,0,3,0,0,3,0,0,0,0,0,0,0,0,0,0,0,0
C:\Users\ehsra\Documents\GitHub\WMVxTOPNG\ModelsTree\World\GENERIC\PVP\OilRigs,8,0,0,0,0,2,0,0,0,0,3,0,0,3,0,0,0,0,0,0,0,0,0,0,0,0
C:\Users\ehsra\Documents\GitHub\WMVxTOPNG\ModelsTree\World\GENERIC\PVP\OilSlick,9,0,0,0,0,1,0,0,0,0,4,0,0,4,0,0,0,0,0,0,0,0,0,0,0,0
C:\Users\ehsra\Documents\GitHub\WMVxTOPNG\ModelsTree\World\GENERIC\PVP\ROCKS,27,0,0,0,0,3,0,0,0,0,12,0,0,12,0,0,0,0,0,0,0,0,0,0,0,0
C:\Users\ehsra\Documents\GitHub\WMVxTOPNG\ModelsTree\World\GENERIC\PVP\Runes,14,0,0,0,0,4,0,0,0,0,5,0,0,5,0,0,0,0,0,0,0,0,0,0,0,0
C:\Users\ehsra\Documents\GitHub\WMVxTOPNG\ModelsTree\World\GENERIC\PVP\Teleporters,17,0,0,0,0,4,0,0,0,0,6,0,0,7,0,0,0,0,0,0,0,0,0,0,0,0
C:\Users\ehsra\Documents\GitHub\WMVxTOPNG\ModelsTree\World\GENERIC\PVP\UpperDeck,4,0,0,0,0,2,0,0,0,0,1,0,0,1,0,0,0,0,0,0,0,0,0,0,0,0
C:\Users\ehsra\Documents\GitHub\WMVxTOPNG\ModelsTree\World\GENERIC\PVP\Warsong,10,1,0,0,0,2,0,0,0,0,4,0,0,4,0,0,0,0,0,0,0,0,0,0,0,0
C:\Users\ehsra\Documents\GitHub\WMVxTOPNG\ModelsTree\World\GENERIC\PVP\Warsong\Windows,6,0,0,0,0,2,0,0,0,0,2,0,0,2,0,0,0,0,0,0,0,0,0,0,0,0
C:\Users\ehsra\Documents\GitHub\WMVxTOPNG\ModelsTree\World\GENERIC\QuilBoar,0,2,0,0,0,0,0,0,0,0,0,0,0,0,0,0,0,0,0,0,0,0,0,0,0,0
C:\Users\ehsra\Documents\GitHub\WMVxTOPNG\ModelsTree\World\GENERIC\QuilBoar\ActiveDoodads,0,1,0,0,0,0,0,0,0,0,0,0,0,0,0,0,0,0,0,0,0,0,0,0,0,0
C:\Users\ehsra\Documents\GitHub\WMVxTOPNG\ModelsTree\World\GENERIC\QuilBoar\ActiveDoodads\Doors,4,0,0,0,0,2,0,0,0,0,1,0,0,1,0,0,0,0,0,0,0,0,0,0,0,0
C:\Users\ehsra\Documents\GitHub\WMVxTOPNG\ModelsTree\World\GENERIC\QuilBoar\Passive Doodads,0,7,0,0,0,0,0,0,0,0,0,0,0,0,0,0,0,0,0,0,0,0,0,0,0,0
C:\Users\ehsra\Documents\GitHub\WMVxTOPNG\ModelsTree\World\GENERIC\QuilBoar\Passive Doodads\Barbs,4,0,0,0,0,0,0,0,0,0,2,0,0,2,0,0,0,0,0,0,0,0,0,0,0,0
C:\Users\ehsra\Documents\GitHub\WMVxTOPNG\ModelsTree\World\GENERIC\QuilBoar\Passive Doodads\Huts,6,0,0,0,0,2,0,0,0,0,2,0,0,2,0,0,0,0,0,0,0,0,0,0,0,0
C:\Users\ehsra\Documents\GitHub\WMVxTOPNG\ModelsTree\World\GENERIC\QuilBoar\Passive Doodads\LeanTos,2,0,0,0,0,0,0,0,0,0,1,0,0,1,0,0,0,0,0,0,0,0,0,0,0,0
C:\Users\ehsra\Documents\GitHub\WMVxTOPNG\ModelsTree\World\GENERIC\QuilBoar\Passive Doodads\Post,2,0,0,0,0,0,0,0,0,0,1,0,0,1,0,0,0,0,0,0,0,0,0,0,0,0
C:\Users\ehsra\Documents\GitHub\WMVxTOPNG\ModelsTree\World\GENERIC\QuilBoar\Passive Doodads\QuilboarRockPaintings,6,0,0,0,0,2,0,0,0,0,2,0,0,2,0,0,0,0,0,0,0,0,0,0,0,0
C:\Users\ehsra\Documents\GitHub\WMVxTOPNG\ModelsTree\World\GENERIC\QuilBoar\Passive Doodads\ThornCanopies,13,0,0,0,0,1,0,0,0,0,6,0,0,6,0,0,0,0,0,0,0,0,0,0,0,0
C:\Users\ehsra\Documents\GitHub\WMVxTOPNG\ModelsTree\World\GENERIC\QuilBoar\Passive Doodads\Troughs,3,0,0,0,0,1,0,0,0,0,1,0,0,1,0,0,0,0,0,0,0,0,0,0,0,0
C:\Users\ehsra\Documents\GitHub\WMVxTOPNG\ModelsTree\World\GENERIC\Satyr,0,1,0,0,0,0,0,0,0,0,0,0,0,0,0,0,0,0,0,0,0,0,0,0,0,0
C:\Users\ehsra\Documents\GitHub\WMVxTOPNG\ModelsTree\World\GENERIC\Satyr\Passive Doodads,0,2,0,0,0,0,0,0,0,0,0,0,0,0,0,0,0,0,0,0,0,0,0,0,0,0
C:\Users\ehsra\Documents\GitHub\WMVxTOPNG\ModelsTree\World\GENERIC\Satyr\Passive Doodads\Container,6,0,0,0,0,0,0,0,0,0,3,0,0,3,0,0,0,0,0,0,0,0,0,0,0,0
C:\Users\ehsra\Documents\GitHub\WMVxTOPNG\ModelsTree\World\GENERIC\Satyr\Passive Doodads\Tents,7,0,0,0,0,1,0,0,0,0,3,0,0,3,0,0,0,0,0,0,0,0,0,0,0,0
C:\Users\ehsra\Documents\GitHub\WMVxTOPNG\ModelsTree\World\GENERIC\TAUREN,0,1,0,0,0,0,0,0,0,0,0,0,0,0,0,0,0,0,0,0,0,0,0,0,0,0
C:\Users\ehsra\Documents\GitHub\WMVxTOPNG\ModelsTree\World\GENERIC\TAUREN\PASSIVE DOODADS,0,48,0,0,0,0,0,0,0,0,0,0,0,0,0,0,0,0,0,0,0,0,0,0,0,0
C:\Users\ehsra\Documents\GitHub\WMVxTOPNG\ModelsTree\World\GENERIC\TAUREN\PASSIVE DOODADS\ANIMALCAGES,10,0,0,0,0,2,0,0,0,0,4,0,0,4,0,0,0,0,0,0,0,0,0,0,0,0
C:\Users\ehsra\Documents\GitHub\WMVxTOPNG\ModelsTree\World\GENERIC\TAUREN\PASSIVE DOODADS\ArcheryTargets,4,0,0,0,0,0,0,0,0,0,2,0,0,2,0,0,0,0,0,0,0,0,0,0,0,0
C:\Users\ehsra\Documents\GitHub\WMVxTOPNG\ModelsTree\World\GENERIC\TAUREN\PASSIVE DOODADS\BabyWheels,5,0,0,0,0,3,0,0,0,0,1,0,0,1,0,0,0,0,0,0,0,0,0,0,0,0
C:\Users\ehsra\Documents\GitHub\WMVxTOPNG\ModelsTree\World\GENERIC\TAUREN\PASSIVE DOODADS\BallandHoop,4,0,0,0,0,0,0,0,0,0,2,0,0,2,0,0,0,0,0,0,0,0,0,0,0,0
C:\Users\ehsra\Documents\GitHub\WMVxTOPNG\ModelsTree\World\GENERIC\TAUREN\PASSIVE DOODADS\Baskets,14,0,0,0,0,0,0,0,0,0,7,0,0,7,0,0,0,0,0,0,0,0,0,0,0,0
C:\Users\ehsra\Documents\GitHub\WMVxTOPNG\ModelsTree\World\GENERIC\TAUREN\PASSIVE DOODADS\BOWLS,19,0,0,0,0,1,0,0,0,0,9,0,0,9,0,0,0,0,0,0,0,0,0,0,0,0
C:\Users\ehsra\Documents\GitHub\WMVxTOPNG\ModelsTree\World\GENERIC\TAUREN\PASSIVE DOODADS\CarvingTools,8,0,0,0,0,0,0,0,0,0,4,0,0,4,0,0,0,0,0,0,0,0,0,0,0,0
C:\Users\ehsra\Documents\GitHub\WMVxTOPNG\ModelsTree\World\GENERIC\TAUREN\PASSIVE DOODADS\Chairs,5,0,0,0,0,1,0,0,0,0,2,0,0,2,0,0,0,0,0,0,0,0,0,0,0,0
C:\Users\ehsra\Documents\GitHub\WMVxTOPNG\ModelsTree\World\GENERIC\TAUREN\PASSIVE DOODADS\Chimes,4,0,0,0,0,0,0,0,0,0,2,0,0,2,0,0,0,0,0,0,0,0,0,0,0,0
C:\Users\ehsra\Documents\GitHub\WMVxTOPNG\ModelsTree\World\GENERIC\TAUREN\PASSIVE DOODADS\DreamCatchers,7,0,0,0,0,1,0,0,0,0,3,0,0,3,0,0,0,0,0,0,0,0,0,0,0,0
C:\Users\ehsra\Documents\GitHub\WMVxTOPNG\ModelsTree\World\GENERIC\TAUREN\PASSIVE DOODADS\DRUMS,7,0,0,0,0,1,0,0,0,0,3,0,0,3,0,0,0,0,0,0,0,0,0,0,0,0
C:\Users\ehsra\Documents\GitHub\WMVxTOPNG\ModelsTree\World\GENERIC\TAUREN\PASSIVE DOODADS\FuneralPyres,2,0,0,0,0,0,0,0,0,0,1,0,0,1,0,0,0,0,0,0,0,0,0,0,0,0
C:\Users\ehsra\Documents\GitHub\WMVxTOPNG\ModelsTree\World\GENERIC\TAUREN\PASSIVE DOODADS\HitchingPosts,2,0,0,0,0,0,0,0,0,0,1,0,0,1,0,0,0,0,0,0,0,0,0,0,0,0
C:\Users\ehsra\Documents\GitHub\WMVxTOPNG\ModelsTree\World\GENERIC\TAUREN\PASSIVE DOODADS\HotSpringsSteam,2,0,0,0,0,0,0,0,0,0,1,0,0,1,0,0,0,0,0,0,0,0,0,0,0,0
C:\Users\ehsra\Documents\GitHub\WMVxTOPNG\ModelsTree\World\GENERIC\TAUREN\PASSIVE DOODADS\Kilns,3,0,0,0,0,1,0,0,0,0,1,0,0,1,0,0,0,0,0,0,0,0,0,0,0,0
C:\Users\ehsra\Documents\GitHub\WMVxTOPNG\ModelsTree\World\GENERIC\TAUREN\PASSIVE DOODADS\KITES,7,0,0,0,0,1,0,0,0,0,3,0,0,3,0,0,0,0,0,0,0,0,0,0,0,0
C:\Users\ehsra\Documents\GitHub\WMVxTOPNG\ModelsTree\World\GENERIC\TAUREN\PASSIVE DOODADS\KodoHide,4,0,0,0,0,2,0,0,0,0,1,0,0,1,0,0,0,0,0,0,0,0,0,0,0,0
C:\Users\ehsra\Documents\GitHub\WMVxTOPNG\ModelsTree\World\GENERIC\TAUREN\PASSIVE DOODADS\KodoHornContainers,6,0,0,0,0,0,0,0,0,0,3,0,0,3,0,0,0,0,0,0,0,0,0,0,0,0
C:\Users\ehsra\Documents\GitHub\WMVxTOPNG\ModelsTree\World\GENERIC\TAUREN\PASSIVE DOODADS\KodoSkulls,7,0,0,0,0,1,0,0,0,0,3,0,0,3,0,0,0,0,0,0,0,0,0,0,0,0
C:\Users\ehsra\Documents\GitHub\WMVxTOPNG\ModelsTree\World\GENERIC\TAUREN\PASSIVE DOODADS\LAMPPOSTS,10,0,0,0,0,2,0,0,0,0,4,0,0,4,0,0,0,0,0,0,0,0,0,0,0,0
C:\Users\ehsra\Documents\GitHub\WMVxTOPNG\ModelsTree\World\GENERIC\TAUREN\PASSIVE DOODADS\LOOM,5,0,0,0,0,1,0,0,0,0,2,0,0,2,0,0,0,0,0,0,0,0,0,0,0,0
C:\Users\ehsra\Documents\GitHub\WMVxTOPNG\ModelsTree\World\GENERIC\TAUREN\PASSIVE DOODADS\MortarPestle,2,0,0,0,0,0,0,0,0,0,1,0,0,1,0,0,0,0,0,0,0,0,0,0,0,0
C:\Users\ehsra\Documents\GitHub\WMVxTOPNG\ModelsTree\World\GENERIC\TAUREN\PASSIVE DOODADS\PeacePipe,3,0,0,0,0,1,0,0,0,0,1,0,0,1,0,0,0,0,0,0,0,0,0,0,0,0
C:\Users\ehsra\Documents\GitHub\WMVxTOPNG\ModelsTree\World\GENERIC\TAUREN\PASSIVE DOODADS\PvPWalls,4,0,0,0,0,2,0,0,0,0,1,0,0,1,0,0,0,0,0,0,0,0,0,0,0,0
C:\Users\ehsra\Documents\GitHub\WMVxTOPNG\ModelsTree\World\GENERIC\TAUREN\PASSIVE DOODADS\Rattles,4,0,0,0,0,0,0,0,0,0,2,0,0,2,0,0,0,0,0,0,0,0,0,0,0,0
C:\Users\ehsra\Documents\GitHub\WMVxTOPNG\ModelsTree\World\GENERIC\TAUREN\PASSIVE DOODADS\Sacks,6,0,0,0,0,0,0,0,0,0,3,0,0,3,0,0,0,0,0,0,0,0,0,0,0,0
C:\Users\ehsra\Documents\GitHub\WMVxTOPNG\ModelsTree\World\GENERIC\TAUREN\PASSIVE DOODADS\SandPaintings,10,0,0,0,0,0,0,0,0,0,5,0,0,5,0,0,0,0,0,0,0,0,0,0,0,0
C:\Users\ehsra\Documents\GitHub\WMVxTOPNG\ModelsTree\World\GENERIC\TAUREN\PASSIVE DOODADS\SignPosts,10,0,0,0,0,2,0,0,0,0,4,0,0,4,0,0,0,0,0,0,0,0,0,0,0,0
C:\Users\ehsra\Documents\GitHub\WMVxTOPNG\ModelsTree\World\GENERIC\TAUREN\PASSIVE DOODADS\Signs,108,0,0,0,0,36,0,0,0,0,36,0,0,36,0,0,0,0,0,0,0,0,0,0,0,0
C:\Users\ehsra\Documents\GitHub\WMVxTOPNG\ModelsTree\World\GENERIC\TAUREN\PASSIVE DOODADS\Smoke,2,0,0,0,0,0,0,0,0,0,1,0,0,1,0,0,0,0,0,0,0,0,0,0,0,0
C:\Users\ehsra\Documents\GitHub\WMVxTOPNG\ModelsTree\World\GENERIC\TAUREN\PASSIVE DOODADS\TallStriderMeat,5,0,0,0,0,1,0,0,0,0,2,0,0,2,0,0,0,0,0,0,0,0,0,0,0,0
C:\Users\ehsra\Documents\GitHub\WMVxTOPNG\ModelsTree\World\GENERIC\TAUREN\PASSIVE DOODADS\TaurenCanoe,3,0,0,0,0,1,0,0,0,0,1,0,0,1,0,0,0,0,0,0,0,0,0,0,0,0
C:\Users\ehsra\Documents\GitHub\WMVxTOPNG\ModelsTree\World\GENERIC\TAUREN\PASSIVE DOODADS\TaurenCurtains,2,0,0,0,0,0,0,0,0,0,1,0,0,1,0,0,0,0,0,0,0,0,0,0,0,0
C:\Users\ehsra\Documents\GitHub\WMVxTOPNG\ModelsTree\World\GENERIC\TAUREN\PASSIVE DOODADS\TaurenMummies,2,0,0,0,0,0,0,0,0,0,1,0,0,1,0,0,0,0,0,0,0,0,0,0,0,0
C:\Users\ehsra\Documents\GitHub\WMVxTOPNG\ModelsTree\World\GENERIC\TAUREN\PASSIVE DOODADS\TaurenPlow,2,0,0,0,0,0,0,0,0,0,1,0,0,1,0,0,0,0,0,0,0,0,0,0,0,0
C:\Users\ehsra\Documents\GitHub\WMVxTOPNG\ModelsTree\World\GENERIC\TAUREN\PASSIVE DOODADS\TaurenRugs,8,0,0,0,0,0,0,0,0,0,4,0,0,4,0,0,0,0,0,0,0,0,0,0,0,0
C:\Users\ehsra\Documents\GitHub\WMVxTOPNG\ModelsTree\World\GENERIC\TAUREN\PASSIVE DOODADS\TaurenShirts,4,0,0,0,0,0,0,0,0,0,2,0,0,2,0,0,0,0,0,0,0,0,0,0,0,0
C:\Users\ehsra\Documents\GitHub\WMVxTOPNG\ModelsTree\World\GENERIC\TAUREN\PASSIVE DOODADS\TAURENTRAVOIS,5,0,0,0,0,3,0,0,0,0,1,0,0,1,0,0,0,0,0,0,0,0,0,0,0,0
C:\Users\ehsra\Documents\GitHub\WMVxTOPNG\ModelsTree\World\GENERIC\TAUREN\PASSIVE DOODADS\TaurenWallHangings,7,0,0,0,0,1,0,0,0,0,3,0,0,3,0,0,0,0,0,0,0,0,0,0,0,0
C:\Users\ehsra\Documents\GitHub\WMVxTOPNG\ModelsTree\World\GENERIC\TAUREN\PASSIVE DOODADS\TaurenWallScrolls,11,0,0,0,0,1,0,0,0,0,5,0,0,5,0,0,0,0,0,0,0,0,0,0,0,0
C:\Users\ehsra\Documents\GitHub\WMVxTOPNG\ModelsTree\World\GENERIC\TAUREN\PASSIVE DOODADS\TaurenWaterPump,3,0,0,0,0,1,0,0,0,0,1,0,0,1,0,0,0,0,0,0,0,0,0,0,0,0
C:\Users\ehsra\Documents\GitHub\WMVxTOPNG\ModelsTree\World\GENERIC\TAUREN\PASSIVE DOODADS\TAURENWINDMILLS,14,0,0,0,0,8,0,0,0,0,3,0,0,3,0,0,0,0,0,0,0,0,0,0,0,0
C:\Users\ehsra\Documents\GitHub\WMVxTOPNG\ModelsTree\World\GENERIC\TAUREN\PASSIVE DOODADS\Totems,33,0,0,0,0,3,0,0,0,0,15,0,0,15,0,0,0,0,0,0,0,0,0,0,0,0
C:\Users\ehsra\Documents\GitHub\WMVxTOPNG\ModelsTree\World\GENERIC\TAUREN\PASSIVE DOODADS\WARHARNASSES,25,0,0,0,0,1,0,0,0,0,12,0,0,12,0,0,0,0,0,0,0,0,0,0,0,0
C:\Users\ehsra\Documents\GitHub\WMVxTOPNG\ModelsTree\World\GENERIC\TAUREN\PASSIVE DOODADS\WaterTroughs,5,0,0,0,0,1,0,0,0,0,2,0,0,2,0,0,0,0,0,0,0,0,0,0,0,0
C:\Users\ehsra\Documents\GitHub\WMVxTOPNG\ModelsTree\World\GENERIC\TAUREN\PASSIVE DOODADS\Weapons,17,0,0,0,0,1,0,0,0,0,8,0,0,8,0,0,0,0,0,0,0,0,0,0,0,0
C:\Users\ehsra\Documents\GitHub\WMVxTOPNG\ModelsTree\World\GENERIC\TAUREN\PASSIVE DOODADS\Windbreaks,9,0,0,0,0,1,0,0,0,0,4,0,0,4,0,0,0,0,0,0,0,0,0,0,0,0
C:\Users\ehsra\Documents\GitHub\WMVxTOPNG\ModelsTree\World\GENERIC\TAUREN\PASSIVE DOODADS\Windmills,6,0,0,0,0,0,0,0,0,0,3,0,0,3,0,0,0,0,0,0,0,0,0,0,0,0
C:\Users\ehsra\Documents\GitHub\WMVxTOPNG\ModelsTree\World\GENERIC\TROLL,0,1,0,0,0,0,0,0,0,0,0,0,0,0,0,0,0,0,0,0,0,0,0,0,0,0
C:\Users\ehsra\Documents\GitHub\WMVxTOPNG\ModelsTree\World\GENERIC\TROLL\PASSIVE DOODADS,0,9,0,0,0,0,0,0,0,0,0,0,0,0,0,0,0,0,0,0,0,0,0,0,0,0
C:\Users\ehsra\Documents\GitHub\WMVxTOPNG\ModelsTree\World\GENERIC\TROLL\PASSIVE DOODADS\ARCH,1,0,0,0,0,1,0,0,0,0,0,0,0,0,0,0,0,0,0,0,0,0,0,0,0,0
C:\Users\ehsra\Documents\GitHub\WMVxTOPNG\ModelsTree\World\GENERIC\TROLL\PASSIVE DOODADS\MUMMYTROLLS,4,0,0,0,0,2,0,0,0,0,1,0,0,1,0,0,0,0,0,0,0,0,0,0,0,0
C:\Users\ehsra\Documents\GitHub\WMVxTOPNG\ModelsTree\World\GENERIC\TROLL\PASSIVE DOODADS\SkulTikis,3,0,0,0,0,1,0,0,0,0,1,0,0,1,0,0,0,0,0,0,0,0,0,0,0,0
C:\Users\ehsra\Documents\GitHub\WMVxTOPNG\ModelsTree\World\GENERIC\TROLL\PASSIVE DOODADS\SNAKEGARGOYLE,3,0,0,0,0,1,0,0,0,0,1,0,0,1,0,0,0,0,0,0,0,0,0,0,0,0
C:\Users\ehsra\Documents\GitHub\WMVxTOPNG\ModelsTree\World\GENERIC\TROLL\PASSIVE DOODADS\THRONES,4,0,0,0,0,2,0,0,0,0,1,0,0,1,0,0,0,0,0,0,0,0,0,0,0,0
C:\Users\ehsra\Documents\GitHub\WMVxTOPNG\ModelsTree\World\GENERIC\TROLL\PASSIVE DOODADS\Tikimasks,9,0,0,0,0,3,0,0,0,0,3,0,0,3,0,0,0,0,0,0,0,0,0,0,0,0
C:\Users\ehsra\Documents\GitHub\WMVxTOPNG\ModelsTree\World\GENERIC\TROLL\PASSIVE DOODADS\TrollSkullpile,4,0,0,0,0,2,0,0,0,0,1,0,0,1,0,0,0,0,0,0,0,0,0,0,0,0
C:\Users\ehsra\Documents\GitHub\WMVxTOPNG\ModelsTree\World\GENERIC\TROLL\PASSIVE DOODADS\TROLLTABLETS,3,0,0,0,0,1,0,0,0,0,1,0,0,1,0,0,0,0,0,0,0,0,0,0,0,0
C:\Users\ehsra\Documents\GitHub\WMVxTOPNG\ModelsTree\World\GENERIC\TROLL\PASSIVE DOODADS\TROUGHS,3,0,0,0,0,1,0,0,0,0,1,0,0,1,0,0,0,0,0,0,0,0,0,0,0,0
C:\Users\ehsra\Documents\GitHub\WMVxTOPNG\ModelsTree\World\GENERIC\UNDEAD,0,1,0,0,0,0,0,0,0,0,0,0,0,0,0,0,0,0,0,0,0,0,0,0,0,0
C:\Users\ehsra\Documents\GitHub\WMVxTOPNG\ModelsTree\World\GENERIC\UNDEAD\PASSIVE DOODADS,0,32,0,0,0,0,0,0,0,0,0,0,0,0,0,0,0,0,0,0,0,0,0,0,0,0
C:\Users\ehsra\Documents\GitHub\WMVxTOPNG\ModelsTree\World\GENERIC\UNDEAD\PASSIVE DOODADS\BatRoost,9,0,0,0,0,1,0,0,0,0,3,0,0,5,0,0,0,0,0,0,0,0,0,0,0,0
C:\Users\ehsra\Documents\GitHub\WMVxTOPNG\ModelsTree\World\GENERIC\UNDEAD\PASSIVE DOODADS\Bell,7,0,0,0,0,3,0,0,0,0,2,0,0,2,0,0,0,0,0,0,0,0,0,0,0,0
C:\Users\ehsra\Documents\GitHub\WMVxTOPNG\ModelsTree\World\GENERIC\UNDEAD\PASSIVE DOODADS\Furniture,5,0,0,0,0,1,0,0,0,0,2,0,0,2,0,0,0,0,0,0,0,0,0,0,0,0
C:\Users\ehsra\Documents\GitHub\WMVxTOPNG\ModelsTree\World\GENERIC\UNDEAD\PASSIVE DOODADS\LordaeronBrazier,2,0,0,0,0,0,0,0,0,0,1,0,0,1,0,0,0,0,0,0,0,0,0,0,0,0
C:\Users\ehsra\Documents\GitHub\WMVxTOPNG\ModelsTree\World\GENERIC\UNDEAD\PASSIVE DOODADS\LordaeronRailing,3,0,0,0,0,1,0,0,0,0,1,0,0,1,0,0,0,0,0,0,0,0,0,0,0,0
C:\Users\ehsra\Documents\GitHub\WMVxTOPNG\ModelsTree\World\GENERIC\UNDEAD\PASSIVE DOODADS\LORDAERONTHRONE,3,0,0,0,0,1,0,0,0,0,1,0,0,1,0,0,0,0,0,0,0,0,0,0,0,0
C:\Users\ehsra\Documents\GitHub\WMVxTOPNG\ModelsTree\World\GENERIC\UNDEAD\PASSIVE DOODADS\LordaeronTowers,8,0,0,0,0,0,0,0,0,0,4,0,0,4,0,0,0,0,0,0,0,0,0,0,0,0
C:\Users\ehsra\Documents\GitHub\WMVxTOPNG\ModelsTree\World\GENERIC\UNDEAD\PASSIVE DOODADS\MEATWAGON,5,0,0,0,0,1,0,0,0,0,2,0,0,2,0,0,0,0,0,0,0,0,0,0,0,0
C:\Users\ehsra\Documents\GitHub\WMVxTOPNG\ModelsTree\World\GENERIC\UNDEAD\PASSIVE DOODADS\MeatWagonHauler,2,1,0,0,0,0,0,0,0,0,1,0,0,1,0,0,0,0,0,0,0,0,0,0,0,0
C:\Users\ehsra\Documents\GitHub\WMVxTOPNG\ModelsTree\World\GENERIC\UNDEAD\PASSIVE DOODADS\MeatWagonHauler\MeatWagonHauler.mdx,2,0,0,0,0,0,0,0,0,0,1,0,0,1,0,0,0,0,0,0,0,0,0,0,0,0
C:\Users\ehsra\Documents\GitHub\WMVxTOPNG\ModelsTree\World\GENERIC\UNDEAD\PASSIVE DOODADS\MeatWagonPieces,10,0,0,0,0,0,0,0,0,0,5,0,0,5,0,0,0,0,0,0,0,0,0,0,0,0
C:\Users\ehsra\Documents\GitHub\WMVxTOPNG\ModelsTree\World\GENERIC\UNDEAD\PASSIVE DOODADS\Signs,120,0,0,0,0,40,0,0,0,0,40,0,0,40,0,0,0,0,0,0,0,0,0,0,0,0
C:\Users\ehsra\Documents\GitHub\WMVxTOPNG\ModelsTree\World\GENERIC\UNDEAD\PASSIVE DOODADS\Skull,4,0,0,0,0,0,0,0,0,0,2,0,0,2,0,0,0,0,0,0,0,0,0,0,0,0
C:\Users\ehsra\Documents\GitHub\WMVxTOPNG\ModelsTree\World\GENERIC\UNDEAD\PASSIVE DOODADS\Statues,8,0,0,0,0,2,0,0,0,0,3,0,0,3,0,0,0,0,0,0,0,0,0,0,0,0
C:\Users\ehsra\Documents\GitHub\WMVxTOPNG\ModelsTree\World\GENERIC\UNDEAD\PASSIVE DOODADS\STONEFENCE,6,0,0,0,0,2,0,0,0,0,2,0,0,2,0,0,0,0,0,0,0,0,0,0,0,0
C:\Users\ehsra\Documents\GitHub\WMVxTOPNG\ModelsTree\World\GENERIC\UNDEAD\PASSIVE DOODADS\TaxiFlags,3,0,0,0,0,1,0,0,0,0,1,0,0,1,0,0,0,0,0,0,0,0,0,0,0,0
C:\Users\ehsra\Documents\GitHub\WMVxTOPNG\ModelsTree\World\GENERIC\UNDEAD\PASSIVE DOODADS\UndeadAlchemyTable,9,0,0,0,0,7,0,0,0,0,1,0,0,1,0,0,0,0,0,0,0,0,0,0,0,0
C:\Users\ehsra\Documents\GitHub\WMVxTOPNG\ModelsTree\World\GENERIC\UNDEAD\PASSIVE DOODADS\UndeadCrankwheels,3,0,0,0,0,1,0,0,0,0,1,0,0,1,0,0,0,0,0,0,0,0,0,0,0,0
C:\Users\ehsra\Documents\GitHub\WMVxTOPNG\ModelsTree\World\GENERIC\UNDEAD\PASSIVE DOODADS\UndeadHooks,13,0,0,0,0,2,0,0,0,0,5,0,0,6,0,0,0,0,0,0,0,0,0,0,0,0
C:\Users\ehsra\Documents\GitHub\WMVxTOPNG\ModelsTree\World\GENERIC\UNDEAD\PASSIVE DOODADS\UndeadMeter,2,0,0,0,0,0,0,0,0,0,1,0,0,1,0,0,0,0,0,0,0,0,0,0,0,0
C:\Users\ehsra\Documents\GitHub\WMVxTOPNG\ModelsTree\World\GENERIC\UNDEAD\PASSIVE DOODADS\UndeadOperatingTable,2,0,0,0,0,0,0,0,0,0,1,0,0,1,0,0,0,0,0,0,0,0,0,0,0,0
C:\Users\ehsra\Documents\GitHub\WMVxTOPNG\ModelsTree\World\GENERIC\UNDEAD\PASSIVE DOODADS\UndeadTelsaCoil,3,0,0,0,0,1,0,0,0,0,1,0,0,1,0,0,0,0,0,0,0,0,0,0,0,0
C:\Users\ehsra\Documents\GitHub\WMVxTOPNG\ModelsTree\World\GENERIC\UNDEAD\PASSIVE DOODADS\UNDEADTOOLSTABLE,3,0,0,0,0,1,0,0,0,0,1,0,0,1,0,0,0,0,0,0,0,0,0,0,0,0
C:\Users\ehsra\Documents\GitHub\WMVxTOPNG\ModelsTree\World\GENERIC\UNDEAD\PASSIVE DOODADS\Undercity Torches,5,0,0,0,0,1,0,0,0,0,2,0,0,2,0,0,0,0,0,0,0,0,0,0,0,0
C:\Users\ehsra\Documents\GitHub\WMVxTOPNG\ModelsTree\World\GENERIC\UNDEAD\PASSIVE DOODADS\UNDERCITYCHANDELIERS,5,0,0,0,0,1,0,0,0,0,2,0,0,2,0,0,0,0,0,0,0,0,0,0,0,0
C:\Users\ehsra\Documents\GitHub\WMVxTOPNG\ModelsTree\World\GENERIC\UNDEAD\PASSIVE DOODADS\UndercityElevators,4,0,0,0,0,0,0,0,0,0,2,0,0,2,0,0,0,0,0,0,0,0,0,0,0,0
C:\Users\ehsra\Documents\GitHub\WMVxTOPNG\ModelsTree\World\GENERIC\UNDEAD\PASSIVE DOODADS\UndercityLanterns,2,0,0,0,0,0,0,0,0,0,1,0,0,1,0,0,0,0,0,0,0,0,0,0,0,0
C:\Users\ehsra\Documents\GitHub\WMVxTOPNG\ModelsTree\World\GENERIC\UNDEAD\PASSIVE DOODADS\UndercitySignPosts,5,0,0,0,0,1,0,0,0,0,2,0,0,2,0,0,0,0,0,0,0,0,0,0,0,0
C:\Users\ehsra\Documents\GitHub\WMVxTOPNG\ModelsTree\World\GENERIC\UNDEAD\PASSIVE DOODADS\UndercitySkylight,3,0,0,0,0,1,0,0,0,0,1,0,0,1,0,0,0,0,0,0,0,0,0,0,0,0
C:\Users\ehsra\Documents\GitHub\WMVxTOPNG\ModelsTree\World\GENERIC\UNDEAD\PASSIVE DOODADS\UndercitySlimeBubbles,4,0,0,0,0,0,0,0,0,0,2,0,0,2,0,0,0,0,0,0,0,0,0,0,0,0
C:\Users\ehsra\Documents\GitHub\WMVxTOPNG\ModelsTree\World\GENERIC\UNDEAD\PASSIVE DOODADS\UNDERCITYSLIMEFALLS,8,0,0,0,0,4,0,0,0,0,2,0,0,2,0,0,0,0,0,0,0,0,0,0,0,0
C:\Users\ehsra\Documents\GitHub\WMVxTOPNG\ModelsTree\World\GENERIC\UNDEAD\PASSIVE DOODADS\UndercitySlimeSpouts,3,0,0,0,0,1,0,0,0,0,1,0,0,1,0,0,0,0,0,0,0,0,0,0,0,0
C:\Users\ehsra\Documents\GitHub\WMVxTOPNG\ModelsTree\World\GENERIC\UNDEAD\PASSIVE DOODADS\UNDERCITYWORM,11,0,0,0,0,5,0,0,0,0,2,0,0,4,0,0,0,0,0,0,0,0,0,0,0,0
C:\Users\ehsra\Documents\GitHub\WMVxTOPNG\ModelsTree\World\GENERIC\Underwater,0,1,0,0,0,0,0,0,0,0,0,0,0,0,0,0,0,0,0,0,0,0,0,0,0,0
C:\Users\ehsra\Documents\GitHub\WMVxTOPNG\ModelsTree\World\GENERIC\Underwater\PassiveDoodads,0,3,0,0,0,0,0,0,0,0,0,0,0,0,0,0,0,0,0,0,0,0,0,0,0,0
C:\Users\ehsra\Documents\GitHub\WMVxTOPNG\ModelsTree\World\GENERIC\Underwater\PassiveDoodads\Plants,25,0,0,0,0,1,0,0,0,0,12,0,0,12,0,0,0,0,0,0,0,0,0,0,0,0
C:\Users\ehsra\Documents\GitHub\WMVxTOPNG\ModelsTree\World\GENERIC\Underwater\PassiveDoodads\Rocks,8,0,0,0,0,2,0,0,0,0,3,0,0,3,0,0,0,0,0,0,0,0,0,0,0,0
C:\Users\ehsra\Documents\GitHub\WMVxTOPNG\ModelsTree\World\GENERIC\Underwater\PassiveDoodads\SeaWeed,33,0,0,0,0,5,0,0,0,0,14,0,0,14,0,0,0,0,0,0,0,0,0,0,0,0
C:\Users\ehsra\Documents\GitHub\WMVxTOPNG\ModelsTree\World\GENERIC\UpperDeck,46,0,0,0,0,16,0,0,0,0,15,0,0,15,0,0,0,0,0,0,0,0,0,0,0,0
C:\Users\ehsra\Documents\GitHub\WMVxTOPNG\ModelsTree\World\Goober,590,0,0,0,0,159,0,0,0,0,209,0,0,222,0,0,0,0,0,0,0,0,0,0,0,0
C:\Users\ehsra\Documents\GitHub\WMVxTOPNG\ModelsTree\World\KALIMDOR,0,31,0,0,0,0,0,0,0,0,0,0,0,0,0,0,0,0,0,0,0,0,0,0,0,0
C:\Users\ehsra\Documents\GitHub\WMVxTOPNG\ModelsTree\World\KALIMDOR\ASHENVALE,0,2,0,0,0,0,0,0,0,0,0,0,0,0,0,0,0,0,0,0,0,0,0,0,0,0
C:\Users\ehsra\Documents\GitHub\WMVxTOPNG\ModelsTree\World\KALIMDOR\ASHENVALE\ActiveDoodads,0,1,0,0,0,0,0,0,0,0,0,0,0,0,0,0,0,0,0,0,0,0,0,0,0,0
C:\Users\ehsra\Documents\GitHub\WMVxTOPNG\ModelsTree\World\KALIMDOR\ASHENVALE\ActiveDoodads\MannarothSpear,3,0,0,0,0,1,0,0,0,0,1,0,0,1,0,0,0,0,0,0,0,0,0,0,0,0
C:\Users\ehsra\Documents\GitHub\WMVxTOPNG\ModelsTree\World\KALIMDOR\ASHENVALE\PASSIVEDOODADS,0,9,0,0,0,0,0,0,0,0,0,0,0,0,0,0,0,0,0,0,0,0,0,0,0,0
C:\Users\ehsra\Documents\GitHub\WMVxTOPNG\ModelsTree\World\KALIMDOR\ASHENVALE\PASSIVEDOODADS\AshenvaleRocks,12,0,0,0,0,4,0,0,0,0,4,0,0,4,0,0,0,0,0,0,0,0,0,0,0,0
C:\Users\ehsra\Documents\GitHub\WMVxTOPNG\ModelsTree\World\KALIMDOR\ASHENVALE\PASSIVEDOODADS\AshenvaleRoots,11,0,0,0,0,3,0,0,0,0,4,0,0,4,0,0,0,0,0,0,0,0,0,0,0,0
C:\Users\ehsra\Documents\GitHub\WMVxTOPNG\ModelsTree\World\KALIMDOR\ASHENVALE\PASSIVEDOODADS\AshenvaleStumps,14,0,0,0,0,2,0,0,0,0,6,0,0,6,0,0,0,0,0,0,0,0,0,0,0,0
C:\Users\ehsra\Documents\GitHub\WMVxTOPNG\ModelsTree\World\KALIMDOR\ASHENVALE\PASSIVEDOODADS\AshenvaleTreeLogs,6,0,0,0,0,2,0,0,0,0,2,0,0,2,0,0,0,0,0,0,0,0,0,0,0,0
C:\Users\ehsra\Documents\GitHub\WMVxTOPNG\ModelsTree\World\KALIMDOR\ASHENVALE\PASSIVEDOODADS\AshenvaleTrees,20,0,0,0,0,6,0,0,0,0,7,0,0,7,0,0,0,0,0,0,0,0,0,0,0,0
C:\Users\ehsra\Documents\GitHub\WMVxTOPNG\ModelsTree\World\KALIMDOR\ASHENVALE\PASSIVEDOODADS\Bush,3,0,0,0,0,1,0,0,0,0,1,0,0,1,0,0,0,0,0,0,0,0,0,0,0,0
C:\Users\ehsra\Documents\GitHub\WMVxTOPNG\ModelsTree\World\KALIMDOR\ASHENVALE\PASSIVEDOODADS\SatyrRuins,29,0,0,0,0,7,0,0,0,0,11,0,0,11,0,0,0,0,0,0,0,0,0,0,0,0
C:\Users\ehsra\Documents\GitHub\WMVxTOPNG\ModelsTree\World\KALIMDOR\ASHENVALE\PASSIVEDOODADS\SATYRTOTEM,11,0,0,0,0,1,0,0,0,0,5,0,0,5,0,0,0,0,0,0,0,0,0,0,0,0
C:\Users\ehsra\Documents\GitHub\WMVxTOPNG\ModelsTree\World\KALIMDOR\ASHENVALE\PASSIVEDOODADS\SHRINES,18,0,0,0,0,8,0,0,0,0,5,0,0,5,0,0,0,0,0,0,0,0,0,0,0,0
C:\Users\ehsra\Documents\GitHub\WMVxTOPNG\ModelsTree\World\KALIMDOR\AZSHARA,0,3,0,0,0,0,0,0,0,0,0,0,0,0,0,0,0,0,0,0,0,0,0,0,0,0
C:\Users\ehsra\Documents\GitHub\WMVxTOPNG\ModelsTree\World\KALIMDOR\AZSHARA\ActiveDoodads,0,2,0,0,0,0,0,0,0,0,0,0,0,0,0,0,0,0,0,0,0,0,0,0,0,0
C:\Users\ehsra\Documents\GitHub\WMVxTOPNG\ModelsTree\World\KALIMDOR\AZSHARA\ActiveDoodads\ArcaneCrystal,2,0,0,0,0,0,0,0,0,0,1,0,0,1,0,0,0,0,0,0,0,0,0,0,0,0
C:\Users\ehsra\Documents\GitHub\WMVxTOPNG\ModelsTree\World\KALIMDOR\AZSHARA\ActiveDoodads\StoneTablets,10,0,0,0,0,2,0,0,0,0,4,0,0,4,0,0,0,0,0,0,0,0,0,0,0,0
C:\Users\ehsra\Documents\GitHub\WMVxTOPNG\ModelsTree\World\KALIMDOR\AZSHARA\PASSIVEDOODADS,0,13,0,0,0,0,0,0,0,0,0,0,0,0,0,0,0,0,0,0,0,0,0,0,0,0
C:\Users\ehsra\Documents\GitHub\WMVxTOPNG\ModelsTree\World\KALIMDOR\AZSHARA\PASSIVEDOODADS\Anemone,9,0,0,0,0,3,0,0,0,0,3,0,0,3,0,0,0,0,0,0,0,0,0,0,0,0
C:\Users\ehsra\Documents\GitHub\WMVxTOPNG\ModelsTree\World\KALIMDOR\AZSHARA\PASSIVEDOODADS\BarnacleRock,2,0,0,0,0,0,0,0,0,0,1,0,0,1,0,0,0,0,0,0,0,0,0,0,0,0
C:\Users\ehsra\Documents\GitHub\WMVxTOPNG\ModelsTree\World\KALIMDOR\AZSHARA\PASSIVEDOODADS\BUBBLES,5,0,0,0,0,1,0,0,0,0,2,0,0,2,0,0,0,0,0,0,0,0,0,0,0,0
C:\Users\ehsra\Documents\GitHub\WMVxTOPNG\ModelsTree\World\KALIMDOR\AZSHARA\PASSIVEDOODADS\Coral,10,0,0,0,0,4,0,0,0,0,3,0,0,3,0,0,0,0,0,0,0,0,0,0,0,0
C:\Users\ehsra\Documents\GitHub\WMVxTOPNG\ModelsTree\World\KALIMDOR\AZSHARA\PASSIVEDOODADS\DebrisWall,2,0,0,0,0,0,0,0,0,0,1,0,0,1,0,0,0,0,0,0,0,0,0,0,0,0
C:\Users\ehsra\Documents\GitHub\WMVxTOPNG\ModelsTree\World\KALIMDOR\AZSHARA\PASSIVEDOODADS\DRAGONSTATUES,7,0,0,0,0,3,0,0,0,0,2,0,0,2,0,0,0,0,0,0,0,0,0,0,0,0
C:\Users\ehsra\Documents\GitHub\WMVxTOPNG\ModelsTree\World\KALIMDOR\AZSHARA\PASSIVEDOODADS\NagaFlags,5,0,0,0,0,1,0,0,0,0,2,0,0,2,0,0,0,0,0,0,0,0,0,0,0,0
C:\Users\ehsra\Documents\GitHub\WMVxTOPNG\ModelsTree\World\KALIMDOR\AZSHARA\PASSIVEDOODADS\NagaPagoda,2,0,0,0,0,0,0,0,0,0,1,0,0,1,0,0,0,0,0,0,0,0,0,0,0,0
C:\Users\ehsra\Documents\GitHub\WMVxTOPNG\ModelsTree\World\KALIMDOR\AZSHARA\PASSIVEDOODADS\Rocks,10,0,0,0,0,0,0,0,0,0,5,0,0,5,0,0,0,0,0,0,0,0,0,0,0,0
C:\Users\ehsra\Documents\GitHub\WMVxTOPNG\ModelsTree\World\KALIMDOR\AZSHARA\PASSIVEDOODADS\Seashells,24,0,0,0,0,8,0,0,0,0,8,0,0,8,0,0,0,0,0,0,0,0,0,0,0,0
C:\Users\ehsra\Documents\GitHub\WMVxTOPNG\ModelsTree\World\KALIMDOR\AZSHARA\PASSIVEDOODADS\Seaweed,6,0,0,0,0,2,0,0,0,0,2,0,0,2,0,0,0,0,0,0,0,0,0,0,0,0
C:\Users\ehsra\Documents\GitHub\WMVxTOPNG\ModelsTree\World\KALIMDOR\AZSHARA\PASSIVEDOODADS\Starfish,3,0,0,0,0,1,0,0,0,0,1,0,0,1,0,0,0,0,0,0,0,0,0,0,0,0
C:\Users\ehsra\Documents\GitHub\WMVxTOPNG\ModelsTree\World\KALIMDOR\AZSHARA\PASSIVEDOODADS\Trees,27,0,0,0,0,13,0,0,0,0,7,0,0,7,0,0,0,0,0,0,0,0,0,0,0,0
C:\Users\ehsra\Documents\GitHub\WMVxTOPNG\ModelsTree\World\KALIMDOR\AZSHARA\SeaPlants,0,7,0,0,0,0,0,0,0,0,0,0,0,0,0,0,0,0,0,0,0,0,0,0,0,0
C:\Users\ehsra\Documents\GitHub\WMVxTOPNG\ModelsTree\World\KALIMDOR\AZSHARA\SeaPlants\Anemity01_02000,2,0,0,0,0,0,0,0,0,0,1,0,0,1,0,0,0,0,0,0,0,0,0,0,0,0
C:\Users\ehsra\Documents\GitHub\WMVxTOPNG\ModelsTree\World\KALIMDOR\AZSHARA\SeaPlants\BarnacleRock01_04,3,0,0,0,0,1,0,0,0,0,1,0,0,1,0,0,0,0,0,0,0,0,0,0,0,0
C:\Users\ehsra\Documents\GitHub\WMVxTOPNG\ModelsTree\World\KALIMDOR\AZSHARA\SeaPlants\Coral03_01,2,0,0,0,0,0,0,0,0,0,1,0,0,1,0,0,0,0,0,0,0,0,0,0,0,0
C:\Users\ehsra\Documents\GitHub\WMVxTOPNG\ModelsTree\World\KALIMDOR\AZSHARA\SeaPlants\CoralTree01_06,2,0,0,0,0,0,0,0,0,0,1,0,0,1,0,0,0,0,0,0,0,0,0,0,0,0
C:\Users\ehsra\Documents\GitHub\WMVxTOPNG\ModelsTree\World\KALIMDOR\AZSHARA\SeaPlants\CoralTree02_07,2,0,0,0,0,0,0,0,0,0,1,0,0,1,0,0,0,0,0,0,0,0,0,0,0,0
C:\Users\ehsra\Documents\GitHub\WMVxTOPNG\ModelsTree\World\KALIMDOR\AZSHARA\SeaPlants\SeaUrchin01_05,2,0,0,0,0,0,0,0,0,0,1,0,0,1,0,0,0,0,0,0,0,0,0,0,0,0
C:\Users\ehsra\Documents\GitHub\WMVxTOPNG\ModelsTree\World\KALIMDOR\AZSHARA\SeaPlants\StarFish01_02,3,0,0,0,0,1,0,0,0,0,1,0,0,1,0,0,0,0,0,0,0,0,0,0,0,0
C:\Users\ehsra\Documents\GitHub\WMVxTOPNG\ModelsTree\World\KALIMDOR\Barrens,0,1,0,0,0,0,0,0,0,0,0,0,0,0,0,0,0,0,0,0,0,0,0,0,0,0
C:\Users\ehsra\Documents\GitHub\WMVxTOPNG\ModelsTree\World\KALIMDOR\Barrens\PassiveDoodads,0,10,0,0,0,0,0,0,0,0,0,0,0,0,0,0,0,0,0,0,0,0,0,0,0,0
C:\Users\ehsra\Documents\GitHub\WMVxTOPNG\ModelsTree\World\KALIMDOR\Barrens\PassiveDoodads\Bones,13,0,0,0,0,3,0,0,0,0,5,0,0,5,0,0,0,0,0,0,0,0,0,0,0,0
C:\Users\ehsra\Documents\GitHub\WMVxTOPNG\ModelsTree\World\KALIMDOR\Barrens\PassiveDoodads\Bushes,8,0,0,0,0,2,0,0,0,0,3,0,0,3,0,0,0,0,0,0,0,0,0,0,0,0
C:\Users\ehsra\Documents\GitHub\WMVxTOPNG\ModelsTree\World\KALIMDOR\Barrens\PassiveDoodads\KodoEggs,6,0,0,0,0,2,0,0,0,0,2,0,0,2,0,0,0,0,0,0,0,0,0,0,0,0
C:\Users\ehsra\Documents\GitHub\WMVxTOPNG\ModelsTree\World\KALIMDOR\Barrens\PassiveDoodads\LampPosts,3,0,0,0,0,1,0,0,0,0,1,0,0,1,0,0,0,0,0,0,0,0,0,0,0,0
C:\Users\ehsra\Documents\GitHub\WMVxTOPNG\ModelsTree\World\KALIMDOR\Barrens\PassiveDoodads\MkShrine,5,0,0,0,0,3,0,0,0,0,1,0,0,1,0,0,0,0,0,0,0,0,0,0,0,0
C:\Users\ehsra\Documents\GitHub\WMVxTOPNG\ModelsTree\World\KALIMDOR\Barrens\PassiveDoodads\Mounds,10,0,0,0,0,2,0,0,0,0,4,0,0,4,0,0,0,0,0,0,0,0,0,0,0,0
C:\Users\ehsra\Documents\GitHub\WMVxTOPNG\ModelsTree\World\KALIMDOR\Barrens\PassiveDoodads\RaptorHuts,6,0,0,0,0,2,0,0,0,0,2,0,0,2,0,0,0,0,0,0,0,0,0,0,0,0
C:\Users\ehsra\Documents\GitHub\WMVxTOPNG\ModelsTree\World\KALIMDOR\Barrens\PassiveDoodads\Trees,30,0,0,0,0,10,0,0,0,0,10,0,0,10,0,0,0,0,0,0,0,0,0,0,0,0
C:\Users\ehsra\Documents\GitHub\WMVxTOPNG\ModelsTree\World\KALIMDOR\Barrens\PassiveDoodads\Wagon,12,0,0,0,0,4,0,0,0,0,4,0,0,4,0,0,0,0,0,0,0,0,0,0,0,0
C:\Users\ehsra\Documents\GitHub\WMVxTOPNG\ModelsTree\World\KALIMDOR\Barrens\PassiveDoodads\waterwheel,2,0,0,0,0,0,0,0,0,0,1,0,0,1,0,0,0,0,0,0,0,0,0,0,0,0
C:\Users\ehsra\Documents\GitHub\WMVxTOPNG\ModelsTree\World\KALIMDOR\BLACKFATHOM,0,1,0,0,0,0,0,0,0,0,0,0,0,0,0,0,0,0,0,0,0,0,0,0,0,0
C:\Users\ehsra\Documents\GitHub\WMVxTOPNG\ModelsTree\World\KALIMDOR\BLACKFATHOM\PASSIVEDOODADS,0,6,0,0,0,0,0,0,0,0,0,0,0,0,0,0,0,0,0,0,0,0,0,0,0,0
C:\Users\ehsra\Documents\GitHub\WMVxTOPNG\ModelsTree\World\KALIMDOR\BLACKFATHOM\PASSIVEDOODADS\Braziers,3,0,0,0,0,1,0,0,0,0,1,0,0,1,0,0,0,0,0,0,0,0,0,0,0,0
C:\Users\ehsra\Documents\GitHub\WMVxTOPNG\ModelsTree\World\KALIMDOR\BLACKFATHOM\PASSIVEDOODADS\Furniture,7,0,0,0,0,1,0,0,0,0,3,0,0,3,0,0,0,0,0,0,0,0,0,0,0,0
C:\Users\ehsra\Documents\GitHub\WMVxTOPNG\ModelsTree\World\KALIMDOR\BLACKFATHOM\PASSIVEDOODADS\Lights,30,0,0,0,0,4,0,0,0,0,13,0,0,13,0,0,0,0,0,0,0,0,0,0,0,0
C:\Users\ehsra\Documents\GitHub\WMVxTOPNG\ModelsTree\World\KALIMDOR\BLACKFATHOM\PASSIVEDOODADS\Pottery,13,0,0,0,0,1,0,0,0,0,6,0,0,6,0,0,0,0,0,0,0,0,0,0,0,0
C:\Users\ehsra\Documents\GitHub\WMVxTOPNG\ModelsTree\World\KALIMDOR\BLACKFATHOM\PASSIVEDOODADS\STATUE,4,0,0,0,0,2,0,0,0,0,1,0,0,1,0,0,0,0,0,0,0,0,0,0,0,0
C:\Users\ehsra\Documents\GitHub\WMVxTOPNG\ModelsTree\World\KALIMDOR\BLACKFATHOM\PASSIVEDOODADS\Waterfalls,24,0,0,0,0,2,0,0,0,0,11,0,0,11,0,0,0,0,0,0,0,0,0,0,0,0
C:\Users\ehsra\Documents\GitHub\WMVxTOPNG\ModelsTree\World\KALIMDOR\Buildings,0,1,0,0,0,0,0,0,0,0,0,0,0,0,0,0,0,0,0,0,0,0,0,0,0,0
C:\Users\ehsra\Documents\GitHub\WMVxTOPNG\ModelsTree\World\KALIMDOR\Buildings\Desolace,4,0,0,0,0,0,0,0,0,0,2,0,0,2,0,0,0,0,0,0,0,0,0,0,0,0
C:\Users\ehsra\Documents\GitHub\WMVxTOPNG\ModelsTree\World\KALIMDOR\DARKSHORE,0,6,0,0,0,0,0,0,0,0,0,0,0,0,0,0,0,0,0,0,0,0,0,0,0,0
C:\Users\ehsra\Documents\GitHub\WMVxTOPNG\ModelsTree\World\KALIMDOR\DARKSHORE\ACTIVEDOODADS,0,1,0,0,0,0,0,0,0,0,0,0,0,0,0,0,0,0,0,0,0,0,0,0,0,0
C:\Users\ehsra\Documents\GitHub\WMVxTOPNG\ModelsTree\World\KALIMDOR\DARKSHORE\ACTIVEDOODADS\ILLIDANCRYSTAL,5,0,0,0,0,3,0,0,0,0,1,0,0,1,0,0,0,0,0,0,0,0,0,0,0,0
C:\Users\ehsra\Documents\GitHub\WMVxTOPNG\ModelsTree\World\KALIMDOR\DARKSHORE\GiantSeaTurtle,13,0,0,0,0,9,0,0,0,0,2,0,0,2,0,0,0,0,0,0,0,0,0,0,0,0
C:\Users\ehsra\Documents\GitHub\WMVxTOPNG\ModelsTree\World\KALIMDOR\DARKSHORE\GiantSnakeSkulls,3,0,0,0,0,1,0,0,0,0,1,0,0,1,0,0,0,0,0,0,0,0,0,0,0,0
C:\Users\ehsra\Documents\GitHub\WMVxTOPNG\ModelsTree\World\KALIMDOR\DARKSHORE\GiantSnakeSpines,6,0,0,0,0,0,0,0,0,0,3,0,0,3,0,0,0,0,0,0,0,0,0,0,0,0
C:\Users\ehsra\Documents\GitHub\WMVxTOPNG\ModelsTree\World\KALIMDOR\DARKSHORE\PASSIVEDOODADS,0,19,0,0,0,0,0,0,0,0,0,0,0,0,0,0,0,0,0,0,0,0,0,0,0,0
C:\Users\ehsra\Documents\GitHub\WMVxTOPNG\ModelsTree\World\KALIMDOR\DARKSHORE\PASSIVEDOODADS\Anchors,4,0,0,0,0,2,0,0,0,0,1,0,0,1,0,0,0,0,0,0,0,0,0,0,0,0
C:\Users\ehsra\Documents\GitHub\WMVxTOPNG\ModelsTree\World\KALIMDOR\DARKSHORE\PASSIVEDOODADS\ANCIENTPROTECTORROOTED,33,0,0,0,0,5,0,0,0,0,14,0,0,14,0,0,0,0,0,0,0,0,0,0,0,0
C:\Users\ehsra\Documents\GitHub\WMVxTOPNG\ModelsTree\World\KALIMDOR\DARKSHORE\PASSIVEDOODADS\Boats,2,0,0,0,0,0,0,0,0,0,1,0,0,1,0,0,0,0,0,0,0,0,0,0,0,0
C:\Users\ehsra\Documents\GitHub\WMVxTOPNG\ModelsTree\World\KALIMDOR\DARKSHORE\PASSIVEDOODADS\BUSHES,12,0,0,0,0,2,0,0,0,0,5,0,0,5,0,0,0,0,0,0,0,0,0,0,0,0
C:\Users\ehsra\Documents\GitHub\WMVxTOPNG\ModelsTree\World\KALIMDOR\DARKSHORE\PASSIVEDOODADS\DarkshoreLogs,7,0,0,0,0,3,0,0,0,0,2,0,0,2,0,0,0,0,0,0,0,0,0,0,0,0
C:\Users\ehsra\Documents\GitHub\WMVxTOPNG\ModelsTree\World\KALIMDOR\DARKSHORE\PASSIVEDOODADS\DarkshoreTrees,26,0,0,0,0,10,0,0,0,0,8,0,0,8,0,0,0,0,0,0,0,0,0,0,0,0
C:\Users\ehsra\Documents\GitHub\WMVxTOPNG\ModelsTree\World\KALIMDOR\DARKSHORE\PASSIVEDOODADS\Dock,2,0,0,0,0,0,0,0,0,0,1,0,0,1,0,0,0,0,0,0,0,0,0,0,0,0
C:\Users\ehsra\Documents\GitHub\WMVxTOPNG\ModelsTree\World\KALIMDOR\DARKSHORE\PASSIVEDOODADS\DOCKS,5,0,0,0,0,1,0,0,0,0,2,0,0,2,0,0,0,0,0,0,0,0,0,0,0,0
C:\Users\ehsra\Documents\GitHub\WMVxTOPNG\ModelsTree\World\KALIMDOR\DARKSHORE\PASSIVEDOODADS\FallenTreeRoots,2,0,0,0,0,0,0,0,0,0,1,0,0,1,0,0,0,0,0,0,0,0,0,0,0,0
C:\Users\ehsra\Documents\GitHub\WMVxTOPNG\ModelsTree\World\KALIMDOR\DARKSHORE\PASSIVEDOODADS\Gazeebo,4,0,0,0,0,0,0,0,0,0,2,0,0,2,0,0,0,0,0,0,0,0,0,0,0,0
C:\Users\ehsra\Documents\GitHub\WMVxTOPNG\ModelsTree\World\KALIMDOR\DARKSHORE\PASSIVEDOODADS\GlaiveMaster,6,0,0,0,0,4,0,0,0,0,1,0,0,1,0,0,0,0,0,0,0,0,0,0,0,0
C:\Users\ehsra\Documents\GitHub\WMVxTOPNG\ModelsTree\World\KALIMDOR\DARKSHORE\PASSIVEDOODADS\GlaiveMasterRoots,4,0,0,0,0,0,0,0,0,0,2,0,0,2,0,0,0,0,0,0,0,0,0,0,0,0
C:\Users\ehsra\Documents\GitHub\WMVxTOPNG\ModelsTree\World\KALIMDOR\DARKSHORE\PASSIVEDOODADS\GlaiveMasterTentacles,4,0,0,0,0,0,0,0,0,0,2,0,0,2,0,0,0,0,0,0,0,0,0,0,0,0
C:\Users\ehsra\Documents\GitHub\WMVxTOPNG\ModelsTree\World\KALIMDOR\DARKSHORE\PASSIVEDOODADS\LAMP,6,0,0,0,0,2,0,0,0,0,2,0,0,2,0,0,0,0,0,0,0,0,0,0,0,0
C:\Users\ehsra\Documents\GitHub\WMVxTOPNG\ModelsTree\World\KALIMDOR\DARKSHORE\PASSIVEDOODADS\Moongate,6,0,0,0,0,0,0,0,0,0,3,0,0,3,0,0,0,0,0,0,0,0,0,0,0,0
C:\Users\ehsra\Documents\GitHub\WMVxTOPNG\ModelsTree\World\KALIMDOR\DARKSHORE\PASSIVEDOODADS\Rocks,3,0,0,0,0,1,0,0,0,0,1,0,0,1,0,0,0,0,0,0,0,0,0,0,0,0
C:\Users\ehsra\Documents\GitHub\WMVxTOPNG\ModelsTree\World\KALIMDOR\DARKSHORE\PASSIVEDOODADS\Ruins,31,0,0,0,0,5,0,0,0,0,13,0,0,13,0,0,0,0,0,0,0,0,0,0,0,0
C:\Users\ehsra\Documents\GitHub\WMVxTOPNG\ModelsTree\World\KALIMDOR\DARKSHORE\PASSIVEDOODADS\SeaMonsterCarcass,5,0,0,0,0,3,0,0,0,0,1,0,0,1,0,0,0,0,0,0,0,0,0,0,0,0
C:\Users\ehsra\Documents\GitHub\WMVxTOPNG\ModelsTree\World\KALIMDOR\DARKSHORE\PASSIVEDOODADS\Trees,3,0,0,0,0,1,0,0,0,0,1,0,0,1,0,0,0,0,0,0,0,0,0,0,0,0
C:\Users\ehsra\Documents\GitHub\WMVxTOPNG\ModelsTree\World\KALIMDOR\DARKSHORE\THRESHADONCORPSE,3,0,0,0,0,1,0,0,0,0,1,0,0,1,0,0,0,0,0,0,0,0,0,0,0,0
C:\Users\ehsra\Documents\GitHub\WMVxTOPNG\ModelsTree\World\KALIMDOR\DESOLACE,0,1,0,0,0,0,0,0,0,0,0,0,0,0,0,0,0,0,0,0,0,0,0,0,0,0
C:\Users\ehsra\Documents\GitHub\WMVxTOPNG\ModelsTree\World\KALIMDOR\DESOLACE\PASSIVEDOODADS,8,4,0,0,0,4,0,0,0,0,2,0,0,2,0,0,0,0,0,0,0,0,0,0,0,0
C:\Users\ehsra\Documents\GitHub\WMVxTOPNG\ModelsTree\World\KALIMDOR\DESOLACE\PASSIVEDOODADS\KODOGRAVEBONES,44,0,0,0,0,8,0,0,0,0,18,0,0,18,0,0,0,0,0,0,0,0,0,0,0,0
C:\Users\ehsra\Documents\GitHub\WMVxTOPNG\ModelsTree\World\KALIMDOR\DESOLACE\PASSIVEDOODADS\Mushrooms,3,0,0,0,0,1,0,0,0,0,1,0,0,1,0,0,0,0,0,0,0,0,0,0,0,0
C:\Users\ehsra\Documents\GitHub\WMVxTOPNG\ModelsTree\World\KALIMDOR\DESOLACE\PASSIVEDOODADS\Rocks,9,0,0,0,0,1,0,0,0,0,4,0,0,4,0,0,0,0,0,0,0,0,0,0,0,0
C:\Users\ehsra\Documents\GitHub\WMVxTOPNG\ModelsTree\World\KALIMDOR\DESOLACE\PASSIVEDOODADS\SpearWalls,6,0,0,0,0,0,0,0,0,0,3,0,0,3,0,0,0,0,0,0,0,0,0,0,0,0
C:\Users\ehsra\Documents\GitHub\WMVxTOPNG\ModelsTree\World\KALIMDOR\DIREMAUL,0,2,0,0,0,0,0,0,0,0,0,0,0,0,0,0,0,0,0,0,0,0,0,0,0,0
C:\Users\ehsra\Documents\GitHub\WMVxTOPNG\ModelsTree\World\KALIMDOR\DIREMAUL\ACTIVEDOODADS,0,5,0,0,0,0,0,0,0,0,0,0,0,0,0,0,0,0,0,0,0,0,0,0,0,0
C:\Users\ehsra\Documents\GitHub\WMVxTOPNG\ModelsTree\World\KALIMDOR\DIREMAUL\ACTIVEDOODADS\CrystalCorrupter,11,0,0,0,0,4,0,0,0,0,3,0,0,4,0,0,0,0,0,0,0,0,0,0,0,0
C:\Users\ehsra\Documents\GitHub\WMVxTOPNG\ModelsTree\World\KALIMDOR\DIREMAUL\ACTIVEDOODADS\Doors,20,0,0,0,0,7,0,0,0,0,6,0,0,7,0,0,0,0,0,0,0,0,0,0,0,0
C:\Users\ehsra\Documents\GitHub\WMVxTOPNG\ModelsTree\World\KALIMDOR\DIREMAUL\ACTIVEDOODADS\LIGHTCRYSTAL,4,0,0,0,0,2,0,0,0,0,1,0,0,1,0,0,0,0,0,0,0,0,0,0,0,0
C:\Users\ehsra\Documents\GitHub\WMVxTOPNG\ModelsTree\World\KALIMDOR\DIREMAUL\ACTIVEDOODADS\NIGHTMARESUMMONING,11,0,0,0,0,5,0,0,0,0,3,0,0,3,0,0,0,0,0,0,0,0,0,0,0,0
C:\Users\ehsra\Documents\GitHub\WMVxTOPNG\ModelsTree\World\KALIMDOR\DIREMAUL\ACTIVEDOODADS\WarlockCircle,13,0,0,0,0,3,0,0,0,0,5,0,0,5,0,0,0,0,0,0,0,0,0,0,0,0
C:\Users\ehsra\Documents\GitHub\WMVxTOPNG\ModelsTree\World\KALIMDOR\DIREMAUL\PassiveDoodads,10,11,0,0,0,4,0,0,0,0,3,0,0,3,0,0,0,0,0,0,0,0,0,0,0,0
C:\Users\ehsra\Documents\GitHub\WMVxTOPNG\ModelsTree\World\KALIMDOR\DIREMAUL\PassiveDoodads\AnimalHeadStatues,10,0,0,0,0,4,0,0,0,0,3,0,0,3,0,0,0,0,0,0,0,0,0,0,0,0
C:\Users\ehsra\Documents\GitHub\WMVxTOPNG\ModelsTree\World\KALIMDOR\DIREMAUL\PassiveDoodads\Banners,20,0,0,0,0,4,0,0,0,0,8,0,0,8,0,0,0,0,0,0,0,0,0,0,0,0
C:\Users\ehsra\Documents\GitHub\WMVxTOPNG\ModelsTree\World\KALIMDOR\DIREMAUL\PassiveDoodads\DeadTrees,4,0,0,0,0,2,0,0,0,0,1,0,0,1,0,0,0,0,0,0,0,0,0,0,0,0
C:\Users\ehsra\Documents\GitHub\WMVxTOPNG\ModelsTree\World\KALIMDOR\DIREMAUL\PassiveDoodads\OGRECAMPFIRES,5,0,0,0,0,3,0,0,0,0,1,0,0,1,0,0,0,0,0,0,0,0,0,0,0,0
C:\Users\ehsra\Documents\GitHub\WMVxTOPNG\ModelsTree\World\KALIMDOR\DIREMAUL\PassiveDoodads\OGRELADDER,3,0,0,0,0,1,0,0,0,0,1,0,0,1,0,0,0,0,0,0,0,0,0,0,0,0
C:\Users\ehsra\Documents\GitHub\WMVxTOPNG\ModelsTree\World\KALIMDOR\DIREMAUL\PassiveDoodads\OgrePosts,9,0,0,0,0,1,0,0,0,0,4,0,0,4,0,0,0,0,0,0,0,0,0,0,0,0
C:\Users\ehsra\Documents\GitHub\WMVxTOPNG\ModelsTree\World\KALIMDOR\DIREMAUL\PassiveDoodads\OgreScaffolding,2,0,0,0,0,0,0,0,0,0,1,0,0,1,0,0,0,0,0,0,0,0,0,0,0,0
C:\Users\ehsra\Documents\GitHub\WMVxTOPNG\ModelsTree\World\KALIMDOR\DIREMAUL\PassiveDoodads\Rubble,48,0,0,0,0,4,0,0,0,0,22,0,0,22,0,0,0,0,0,0,0,0,0,0,0,0
C:\Users\ehsra\Documents\GitHub\WMVxTOPNG\ModelsTree\World\KALIMDOR\DIREMAUL\PassiveDoodads\TreePlanters,11,0,0,0,0,5,0,0,0,0,3,0,0,3,0,0,0,0,0,0,0,0,0,0,0,0
C:\Users\ehsra\Documents\GitHub\WMVxTOPNG\ModelsTree\World\KALIMDOR\DIREMAUL\PassiveDoodads\Trees,11,0,0,0,0,3,0,0,0,0,4,0,0,4,0,0,0,0,0,0,0,0,0,0,0,0
C:\Users\ehsra\Documents\GitHub\WMVxTOPNG\ModelsTree\World\KALIMDOR\DIREMAUL\PassiveDoodads\VORTEX,6,0,0,0,0,4,0,0,0,0,1,0,0,1,0,0,0,0,0,0,0,0,0,0,0,0
C:\Users\ehsra\Documents\GitHub\WMVxTOPNG\ModelsTree\World\KALIMDOR\DRAGONCAVE,0,1,0,0,0,0,0,0,0,0,0,0,0,0,0,0,0,0,0,0,0,0,0,0,0,0
C:\Users\ehsra\Documents\GitHub\WMVxTOPNG\ModelsTree\World\KALIMDOR\DRAGONCAVE\PASSIVEDOODADS,0,4,0,0,0,0,0,0,0,0,0,0,0,0,0,0,0,0,0,0,0,0,0,0,0,0
C:\Users\ehsra\Documents\GitHub\WMVxTOPNG\ModelsTree\World\KALIMDOR\DRAGONCAVE\PASSIVEDOODADS\Artifact,2,0,0,0,0,0,0,0,0,0,1,0,0,1,0,0,0,0,0,0,0,0,0,0,0,0
C:\Users\ehsra\Documents\GitHub\WMVxTOPNG\ModelsTree\World\KALIMDOR\DRAGONCAVE\PASSIVEDOODADS\BLACKDRAGONEGGS,7,0,0,0,0,1,0,0,0,0,3,0,0,3,0,0,0,0,0,0,0,0,0,0,0,0
C:\Users\ehsra\Documents\GitHub\WMVxTOPNG\ModelsTree\World\KALIMDOR\DRAGONCAVE\PASSIVEDOODADS\CHARREDBODIES,25,0,0,0,0,7,0,0,0,0,9,0,0,9,0,0,0,0,0,0,0,0,0,0,0,0
C:\Users\ehsra\Documents\GitHub\WMVxTOPNG\ModelsTree\World\KALIMDOR\DRAGONCAVE\PASSIVEDOODADS\FireEmbers,2,0,0,0,0,0,0,0,0,0,1,0,0,1,0,0,0,0,0,0,0,0,0,0,0,0
C:\Users\ehsra\Documents\GitHub\WMVxTOPNG\ModelsTree\World\KALIMDOR\Durotar,0,1,0,0,0,0,0,0,0,0,0,0,0,0,0,0,0,0,0,0,0,0,0,0,0,0
C:\Users\ehsra\Documents\GitHub\WMVxTOPNG\ModelsTree\World\KALIMDOR\Durotar\PassiveDoodads,0,4,0,0,0,0,0,0,0,0,0,0,0,0,0,0,0,0,0,0,0,0,0,0,0,0
C:\Users\ehsra\Documents\GitHub\WMVxTOPNG\ModelsTree\World\KALIMDOR\Durotar\PassiveDoodads\Bridge,2,0,0,0,0,0,0,0,0,0,1,0,0,1,0,0,0,0,0,0,0,0,0,0,0,0
C:\Users\ehsra\Documents\GitHub\WMVxTOPNG\ModelsTree\World\KALIMDOR\Durotar\PassiveDoodads\Bushes,13,0,0,0,0,3,0,0,0,0,5,0,0,5,0,0,0,0,0,0,0,0,0,0,0,0
C:\Users\ehsra\Documents\GitHub\WMVxTOPNG\ModelsTree\World\KALIMDOR\Durotar\PassiveDoodads\Rocks,39,0,0,0,0,5,0,0,0,0,17,0,0,17,0,0,0,0,0,0,0,0,0,0,0,0
C:\Users\ehsra\Documents\GitHub\WMVxTOPNG\ModelsTree\World\KALIMDOR\Durotar\PassiveDoodads\Trees,26,0,0,0,0,4,0,0,0,0,10,0,0,12,0,0,0,0,0,0,0,0,0,0,0,0
C:\Users\ehsra\Documents\GitHub\WMVxTOPNG\ModelsTree\World\KALIMDOR\Dustwallow,0,1,0,0,0,0,0,0,0,0,0,0,0,0,0,0,0,0,0,0,0,0,0,0,0,0
C:\Users\ehsra\Documents\GitHub\WMVxTOPNG\ModelsTree\World\KALIMDOR\Dustwallow\PassiveDoodads,0,4,0,0,0,0,0,0,0,0,0,0,0,0,0,0,0,0,0,0,0,0,0,0,0,0
C:\Users\ehsra\Documents\GitHub\WMVxTOPNG\ModelsTree\World\KALIMDOR\Dustwallow\PassiveDoodads\Bushes,13,0,0,0,0,1,0,0,0,0,6,0,0,6,0,0,0,0,0,0,0,0,0,0,0,0
C:\Users\ehsra\Documents\GitHub\WMVxTOPNG\ModelsTree\World\KALIMDOR\Dustwallow\PassiveDoodads\Outposts,13,0,0,0,0,1,0,0,0,0,6,0,0,6,0,0,0,0,0,0,0,0,0,0,0,0
C:\Users\ehsra\Documents\GitHub\WMVxTOPNG\ModelsTree\World\KALIMDOR\Dustwallow\PassiveDoodads\Trees,20,0,0,0,0,4,0,0,0,0,8,0,0,8,0,0,0,0,0,0,0,0,0,0,0,0
C:\Users\ehsra\Documents\GitHub\WMVxTOPNG\ModelsTree\World\KALIMDOR\Dustwallow\PassiveDoodads\Walls,16,0,0,0,0,2,0,0,0,0,7,0,0,7,0,0,0,0,0,0,0,0,0,0,0,0
C:\Users\ehsra\Documents\GitHub\WMVxTOPNG\ModelsTree\World\KALIMDOR\FELWOOD,0,2,0,0,0,0,0,0,0,0,0,0,0,0,0,0,0,0,0,0,0,0,0,0,0,0
C:\Users\ehsra\Documents\GitHub\WMVxTOPNG\ModelsTree\World\KALIMDOR\FELWOOD\ActiveDoodads,0,1,0,0,0,0,0,0,0,0,0,0,0,0,0,0,0,0,0,0,0,0,0,0,0,0
C:\Users\ehsra\Documents\GitHub\WMVxTOPNG\ModelsTree\World\KALIMDOR\FELWOOD\ActiveDoodads\IllidanCrystal,2,0,0,0,0,0,0,0,0,0,1,0,0,1,0,0,0,0,0,0,0,0,0,0,0,0
C:\Users\ehsra\Documents\GitHub\WMVxTOPNG\ModelsTree\World\KALIMDOR\FELWOOD\PASSIVEDOODADS,0,10,0,0,0,0,0,0,0,0,0,0,0,0,0,0,0,0,0,0,0,0,0,0,0,0
C:\Users\ehsra\Documents\GitHub\WMVxTOPNG\ModelsTree\World\KALIMDOR\FELWOOD\PASSIVEDOODADS\Bush,11,0,0,0,0,3,0,0,0,0,4,0,0,4,0,0,0,0,0,0,0,0,0,0,0,0
C:\Users\ehsra\Documents\GitHub\WMVxTOPNG\ModelsTree\World\KALIMDOR\FELWOOD\PASSIVEDOODADS\DesolaceBubbles,5,0,0,0,0,1,0,0,0,0,2,0,0,2,0,0,0,0,0,0,0,0,0,0,0,0
C:\Users\ehsra\Documents\GitHub\WMVxTOPNG\ModelsTree\World\KALIMDOR\FELWOOD\PASSIVEDOODADS\FelwoodBubbles,4,0,0,0,0,0,0,0,0,0,2,0,0,2,0,0,0,0,0,0,0,0,0,0,0,0
C:\Users\ehsra\Documents\GitHub\WMVxTOPNG\ModelsTree\World\KALIMDOR\FELWOOD\PASSIVEDOODADS\FelwoodMushrooms,11,0,0,0,0,5,0,0,0,0,3,0,0,3,0,0,0,0,0,0,0,0,0,0,0,0
C:\Users\ehsra\Documents\GitHub\WMVxTOPNG\ModelsTree\World\KALIMDOR\FELWOOD\PASSIVEDOODADS\Lamp,3,0,0,0,0,1,0,0,0,0,1,0,0,1,0,0,0,0,0,0,0,0,0,0,0,0
C:\Users\ehsra\Documents\GitHub\WMVxTOPNG\ModelsTree\World\KALIMDOR\FELWOOD\PASSIVEDOODADS\PLANTSQUEST,18,0,0,0,0,2,0,0,0,0,8,0,0,8,0,0,0,0,0,0,0,0,0,0,0,0
C:\Users\ehsra\Documents\GitHub\WMVxTOPNG\ModelsTree\World\KALIMDOR\FELWOOD\PASSIVEDOODADS\Roots,15,0,0,0,0,5,0,0,0,0,5,0,0,5,0,0,0,0,0,0,0,0,0,0,0,0
C:\Users\ehsra\Documents\GitHub\WMVxTOPNG\ModelsTree\World\KALIMDOR\FELWOOD\PASSIVEDOODADS\Tree,50,0,0,0,0,20,0,0,0,0,15,0,0,15,0,0,0,0,0,0,0,0,0,0,0,0
C:\Users\ehsra\Documents\GitHub\WMVxTOPNG\ModelsTree\World\KALIMDOR\FELWOOD\PASSIVEDOODADS\TreeEants,7,0,0,0,0,1,0,0,0,0,3,0,0,3,0,0,0,0,0,0,0,0,0,0,0,0
C:\Users\ehsra\Documents\GitHub\WMVxTOPNG\ModelsTree\World\KALIMDOR\FELWOOD\PASSIVEDOODADS\WATERFALL,5,0,0,0,0,1,0,0,0,0,2,0,0,2,0,0,0,0,0,0,0,0,0,0,0,0
C:\Users\ehsra\Documents\GitHub\WMVxTOPNG\ModelsTree\World\KALIMDOR\FERALAS,0,1,0,0,0,0,0,0,0,0,0,0,0,0,0,0,0,0,0,0,0,0,0,0,0,0
C:\Users\ehsra\Documents\GitHub\WMVxTOPNG\ModelsTree\World\KALIMDOR\FERALAS\PASSIVEDOODADS,0,3,0,0,0,0,0,0,0,0,0,0,0,0,0,0,0,0,0,0,0,0,0,0,0,0
C:\Users\ehsra\Documents\GitHub\WMVxTOPNG\ModelsTree\World\KALIMDOR\FERALAS\PASSIVEDOODADS\Fern,3,0,0,0,0,1,0,0,0,0,1,0,0,1,0,0,0,0,0,0,0,0,0,0,0,0
C:\Users\ehsra\Documents\GitHub\WMVxTOPNG\ModelsTree\World\KALIMDOR\FERALAS\PASSIVEDOODADS\Stones,5,0,0,0,0,1,0,0,0,0,2,0,0,2,0,0,0,0,0,0,0,0,0,0,0,0
C:\Users\ehsra\Documents\GitHub\WMVxTOPNG\ModelsTree\World\KALIMDOR\FERALAS\PASSIVEDOODADS\TREE,38,0,0,0,0,12,0,0,0,0,13,0,0,13,0,0,0,0,0,0,0,0,0,0,0,0
C:\Users\ehsra\Documents\GitHub\WMVxTOPNG\ModelsTree\World\KALIMDOR\Generic,0,1,0,0,0,0,0,0,0,0,0,0,0,0,0,0,0,0,0,0,0,0,0,0,0,0
C:\Users\ehsra\Documents\GitHub\WMVxTOPNG\ModelsTree\World\KALIMDOR\Generic\PassiveDoodads,0,4,0,0,0,0,0,0,0,0,0,0,0,0,0,0,0,0,0,0,0,0,0,0,0,0
C:\Users\ehsra\Documents\GitHub\WMVxTOPNG\ModelsTree\World\KALIMDOR\Generic\PassiveDoodads\ElevenDestoryerWreckBack,10,0,0,0,0,8,0,0,0,0,1,0,0,1,0,0,0,0,0,0,0,0,0,0,0,0
C:\Users\ehsra\Documents\GitHub\WMVxTOPNG\ModelsTree\World\KALIMDOR\Generic\PassiveDoodads\ElevenDestoryerWreckFront,5,0,0,0,0,3,0,0,0,0,1,0,0,1,0,0,0,0,0,0,0,0,0,0,0,0
C:\Users\ehsra\Documents\GitHub\WMVxTOPNG\ModelsTree\World\KALIMDOR\Generic\PassiveDoodads\ElevenDestoryerWreckSails,2,0,0,0,0,0,0,0,0,0,1,0,0,1,0,0,0,0,0,0,0,0,0,0,0,0
C:\Users\ehsra\Documents\GitHub\WMVxTOPNG\ModelsTree\World\KALIMDOR\Generic\PassiveDoodads\NightElfGuardTower,12,0,0,0,0,10,0,0,0,0,1,0,0,1,0,0,0,0,0,0,0,0,0,0,0,0
C:\Users\ehsra\Documents\GitHub\WMVxTOPNG\ModelsTree\World\KALIMDOR\HYJAL,0,2,0,0,0,0,0,0,0,0,0,0,0,0,0,0,0,0,0,0,0,0,0,0,0,0
C:\Users\ehsra\Documents\GitHub\WMVxTOPNG\ModelsTree\World\KALIMDOR\HYJAL\ActiveDoodads,0,1,0,0,0,0,0,0,0,0,0,0,0,0,0,0,0,0,0,0,0,0,0,0,0,0
C:\Users\ehsra\Documents\GitHub\WMVxTOPNG\ModelsTree\World\KALIMDOR\HYJAL\ActiveDoodads\Doors,3,0,0,0,0,1,0,0,0,0,1,0,0,1,0,0,0,0,0,0,0,0,0,0,0,0
C:\Users\ehsra\Documents\GitHub\WMVxTOPNG\ModelsTree\World\KALIMDOR\HYJAL\PASSIVEDOODADS,0,3,0,0,0,0,0,0,0,0,0,0,0,0,0,0,0,0,0,0,0,0,0,0,0,0
C:\Users\ehsra\Documents\GitHub\WMVxTOPNG\ModelsTree\World\KALIMDOR\HYJAL\PASSIVEDOODADS\rocks,8,0,0,0,0,0,0,0,0,0,4,0,0,4,0,0,0,0,0,0,0,0,0,0,0,0
C:\Users\ehsra\Documents\GitHub\WMVxTOPNG\ModelsTree\World\KALIMDOR\HYJAL\PASSIVEDOODADS\THEWORLDTREE,8,0,0,0,0,4,0,0,0,0,2,0,0,2,0,0,0,0,0,0,0,0,0,0,0,0
C:\Users\ehsra\Documents\GitHub\WMVxTOPNG\ModelsTree\World\KALIMDOR\HYJAL\PASSIVEDOODADS\TREES,22,0,0,0,0,10,0,0,0,0,6,0,0,6,0,0,0,0,0,0,0,0,0,0,0,0
C:\Users\ehsra\Documents\GitHub\WMVxTOPNG\ModelsTree\World\KALIMDOR\KALIDAR,0,1,0,0,0,0,0,0,0,0,0,0,0,0,0,0,0,0,0,0,0,0,0,0,0,0
C:\Users\ehsra\Documents\GitHub\WMVxTOPNG\ModelsTree\World\KALIMDOR\KALIDAR\PASSIVEDOODADS,0,11,0,0,0,0,0,0,0,0,0,0,0,0,0,0,0,0,0,0,0,0,0,0,0,0
C:\Users\ehsra\Documents\GitHub\WMVxTOPNG\ModelsTree\World\KALIMDOR\KALIDAR\PASSIVEDOODADS\FelPineCone,3,0,0,0,0,1,0,0,0,0,1,0,0,1,0,0,0,0,0,0,0,0,0,0,0,0
C:\Users\ehsra\Documents\GitHub\WMVxTOPNG\ModelsTree\World\KALIMDOR\KALIDAR\PASSIVEDOODADS\FURBOLGTENT,5,0,0,0,0,1,0,0,0,0,2,0,0,2,0,0,0,0,0,0,0,0,0,0,0,0
C:\Users\ehsra\Documents\GitHub\WMVxTOPNG\ModelsTree\World\KALIMDOR\KALIDAR\PASSIVEDOODADS\FurbolgTotem,5,0,0,0,0,1,0,0,0,0,2,0,0,2,0,0,0,0,0,0,0,0,0,0,0,0
C:\Users\ehsra\Documents\GitHub\WMVxTOPNG\ModelsTree\World\KALIMDOR\KALIDAR\PASSIVEDOODADS\KalidarBushes,11,0,0,0,0,3,0,0,0,0,4,0,0,4,0,0,0,0,0,0,0,0,0,0,0,0
C:\Users\ehsra\Documents\GitHub\WMVxTOPNG\ModelsTree\World\KALIMDOR\KALIDAR\PASSIVEDOODADS\KalidarHarpyNest,7,0,0,0,0,3,0,0,0,0,2,0,0,2,0,0,0,0,0,0,0,0,0,0,0,0
C:\Users\ehsra\Documents\GitHub\WMVxTOPNG\ModelsTree\World\KALIMDOR\KALIDAR\PASSIVEDOODADS\KALIDARROOTS,17,0,0,0,0,5,0,0,0,0,6,0,0,6,0,0,0,0,0,0,0,0,0,0,0,0
C:\Users\ehsra\Documents\GitHub\WMVxTOPNG\ModelsTree\World\KALIMDOR\KALIDAR\PASSIVEDOODADS\KalidarTreeLogs,5,0,0,0,0,1,0,0,0,0,2,0,0,2,0,0,0,0,0,0,0,0,0,0,0,0
C:\Users\ehsra\Documents\GitHub\WMVxTOPNG\ModelsTree\World\KALIMDOR\KALIDAR\PASSIVEDOODADS\KalidarTrees,22,0,0,0,0,2,0,0,0,0,10,0,0,10,0,0,0,0,0,0,0,0,0,0,0,0
C:\Users\ehsra\Documents\GitHub\WMVxTOPNG\ModelsTree\World\KALIMDOR\KALIDAR\PASSIVEDOODADS\KalidarTreeStumps,4,0,0,0,0,0,0,0,0,0,2,0,0,2,0,0,0,0,0,0,0,0,0,0,0,0
C:\Users\ehsra\Documents\GitHub\WMVxTOPNG\ModelsTree\World\KALIMDOR\KALIDAR\PASSIVEDOODADS\MoonWellWater,2,0,0,0,0,0,0,0,0,0,1,0,0,1,0,0,0,0,0,0,0,0,0,0,0,0
C:\Users\ehsra\Documents\GitHub\WMVxTOPNG\ModelsTree\World\KALIMDOR\KALIDAR\PASSIVEDOODADS\ORACLETREE,10,0,0,0,0,6,0,0,0,0,2,0,0,2,0,0,0,0,0,0,0,0,0,0,0,0
C:\Users\ehsra\Documents\GitHub\WMVxTOPNG\ModelsTree\World\KALIMDOR\MAURADON,0,2,0,0,0,0,0,0,0,0,0,0,0,0,0,0,0,0,0,0,0,0,0,0,0,0
C:\Users\ehsra\Documents\GitHub\WMVxTOPNG\ModelsTree\World\KALIMDOR\MAURADON\ActiveDoodads,0,2,0,0,0,0,0,0,0,0,0,0,0,0,0,0,0,0,0,0,0,0,0,0,0,0
C:\Users\ehsra\Documents\GitHub\WMVxTOPNG\ModelsTree\World\KALIMDOR\MAURADON\ActiveDoodads\Button,9,0,0,0,0,5,0,0,0,0,2,0,0,2,0,0,0,0,0,0,0,0,0,0,0,0
C:\Users\ehsra\Documents\GitHub\WMVxTOPNG\ModelsTree\World\KALIMDOR\MAURADON\ActiveDoodads\Doors,3,0,0,0,0,1,0,0,0,0,1,0,0,1,0,0,0,0,0,0,0,0,0,0,0,0
C:\Users\ehsra\Documents\GitHub\WMVxTOPNG\ModelsTree\World\KALIMDOR\MAURADON\PASSIVEDOODADS,0,22,0,0,0,0,0,0,0,0,0,0,0,0,0,0,0,0,0,0,0,0,0,0,0,0
C:\Users\ehsra\Documents\GitHub\WMVxTOPNG\ModelsTree\World\KALIMDOR\MAURADON\PASSIVEDOODADS\BRIDGEBRAZIERS,9,0,0,0,0,3,0,0,0,0,3,0,0,3,0,0,0,0,0,0,0,0,0,0,0,0
C:\Users\ehsra\Documents\GitHub\WMVxTOPNG\ModelsTree\World\KALIMDOR\MAURADON\PASSIVEDOODADS\CentaurBraziers,3,0,0,0,0,1,0,0,0,0,1,0,0,1,0,0,0,0,0,0,0,0,0,0,0,0
C:\Users\ehsra\Documents\GitHub\WMVxTOPNG\ModelsTree\World\KALIMDOR\MAURADON\PASSIVEDOODADS\CentaurStatue,3,0,0,0,0,1,0,0,0,0,1,0,0,1,0,0,0,0,0,0,0,0,0,0,0,0
C:\Users\ehsra\Documents\GitHub\WMVxTOPNG\ModelsTree\World\KALIMDOR\MAURADON\PASSIVEDOODADS\CORRUPTEDPLANTS,48,0,0,0,0,21,0,0,0,0,13,0,0,14,0,0,0,0,0,0,0,0,0,0,0,0
C:\Users\ehsra\Documents\GitHub\WMVxTOPNG\ModelsTree\World\KALIMDOR\MAURADON\PASSIVEDOODADS\CRYSTALS,50,0,0,0,0,6,0,0,0,0,22,0,0,22,0,0,0,0,0,0,0,0,0,0,0,0
C:\Users\ehsra\Documents\GitHub\WMVxTOPNG\ModelsTree\World\KALIMDOR\MAURADON\PASSIVEDOODADS\Flowers,6,0,0,0,0,4,0,0,0,0,1,0,0,1,0,0,0,0,0,0,0,0,0,0,0,0
C:\Users\ehsra\Documents\GitHub\WMVxTOPNG\ModelsTree\World\KALIMDOR\MAURADON\PASSIVEDOODADS\GroveGraveMound,9,0,0,0,0,7,0,0,0,0,1,0,0,1,0,0,0,0,0,0,0,0,0,0,0,0
C:\Users\ehsra\Documents\GitHub\WMVxTOPNG\ModelsTree\World\KALIMDOR\MAURADON\PASSIVEDOODADS\MauradonDetail,15,0,0,0,0,1,0,0,0,0,7,0,0,7,0,0,0,0,0,0,0,0,0,0,0,0
C:\Users\ehsra\Documents\GitHub\WMVxTOPNG\ModelsTree\World\KALIMDOR\MAURADON\PASSIVEDOODADS\MUSHROOMS,14,0,0,0,0,4,0,0,0,0,5,0,0,5,0,0,0,0,0,0,0,0,0,0,0,0
C:\Users\ehsra\Documents\GitHub\WMVxTOPNG\ModelsTree\World\KALIMDOR\MAURADON\PASSIVEDOODADS\Pods,5,0,0,0,0,1,0,0,0,0,2,0,0,2,0,0,0,0,0,0,0,0,0,0,0,0
C:\Users\ehsra\Documents\GitHub\WMVxTOPNG\ModelsTree\World\KALIMDOR\MAURADON\PASSIVEDOODADS\Roots,16,0,0,0,0,2,0,0,0,0,7,0,0,7,0,0,0,0,0,0,0,0,0,0,0,0
C:\Users\ehsra\Documents\GitHub\WMVxTOPNG\ModelsTree\World\KALIMDOR\MAURADON\PASSIVEDOODADS\RuinedTents,9,0,0,0,0,1,0,0,0,0,4,0,0,4,0,0,0,0,0,0,0,0,0,0,0,0
C:\Users\ehsra\Documents\GitHub\WMVxTOPNG\ModelsTree\World\KALIMDOR\MAURADON\PASSIVEDOODADS\SATYRBANNERS,8,0,0,0,0,2,0,0,0,0,3,0,0,3,0,0,0,0,0,0,0,0,0,0,0,0
C:\Users\ehsra\Documents\GitHub\WMVxTOPNG\ModelsTree\World\KALIMDOR\MAURADON\PASSIVEDOODADS\SatyrFloorBraziers,7,0,0,0,0,1,0,0,0,0,3,0,0,3,0,0,0,0,0,0,0,0,0,0,0,0
C:\Users\ehsra\Documents\GitHub\WMVxTOPNG\ModelsTree\World\KALIMDOR\MAURADON\PASSIVEDOODADS\SatyrGraves,13,0,0,0,0,1,0,0,0,0,6,0,0,6,0,0,0,0,0,0,0,0,0,0,0,0
C:\Users\ehsra\Documents\GitHub\WMVxTOPNG\ModelsTree\World\KALIMDOR\MAURADON\PASSIVEDOODADS\SATYRHANGINGBRAZIERS,8,0,0,0,0,2,0,0,0,0,3,0,0,3,0,0,0,0,0,0,0,0,0,0,0,0
C:\Users\ehsra\Documents\GitHub\WMVxTOPNG\ModelsTree\World\KALIMDOR\MAURADON\PASSIVEDOODADS\SatyrWalls,9,0,0,0,0,1,0,0,0,0,4,0,0,4,0,0,0,0,0,0,0,0,0,0,0,0
C:\Users\ehsra\Documents\GitHub\WMVxTOPNG\ModelsTree\World\KALIMDOR\MAURADON\PASSIVEDOODADS\SPORELIGHT,8,0,0,0,0,4,0,0,0,0,2,0,0,2,0,0,0,0,0,0,0,0,0,0,0,0
C:\Users\ehsra\Documents\GitHub\WMVxTOPNG\ModelsTree\World\KALIMDOR\MAURADON\PASSIVEDOODADS\Spores,3,0,0,0,0,1,0,0,0,0,1,0,0,1,0,0,0,0,0,0,0,0,0,0,0,0
C:\Users\ehsra\Documents\GitHub\WMVxTOPNG\ModelsTree\World\KALIMDOR\MAURADON\PASSIVEDOODADS\Stalactites,10,0,0,0,0,0,0,0,0,0,5,0,0,5,0,0,0,0,0,0,0,0,0,0,0,0
C:\Users\ehsra\Documents\GitHub\WMVxTOPNG\ModelsTree\World\KALIMDOR\MAURADON\PASSIVEDOODADS\vines,16,0,0,0,0,2,0,0,0,0,7,0,0,7,0,0,0,0,0,0,0,0,0,0,0,0
C:\Users\ehsra\Documents\GitHub\WMVxTOPNG\ModelsTree\World\KALIMDOR\MAURADON\PASSIVEDOODADS\Waterfalls,19,0,0,0,0,5,0,0,0,0,7,0,0,7,0,0,0,0,0,0,0,0,0,0,0,0
C:\Users\ehsra\Documents\GitHub\WMVxTOPNG\ModelsTree\World\KALIMDOR\MOONGLADE,0,1,0,0,0,0,0,0,0,0,0,0,0,0,0,0,0,0,0,0,0,0,0,0,0,0
C:\Users\ehsra\Documents\GitHub\WMVxTOPNG\ModelsTree\World\KALIMDOR\MOONGLADE\PASSIVEDOODADS,0,3,0,0,0,0,0,0,0,0,0,0,0,0,0,0,0,0,0,0,0,0,0,0,0,0
C:\Users\ehsra\Documents\GitHub\WMVxTOPNG\ModelsTree\World\KALIMDOR\MOONGLADE\PASSIVEDOODADS\DruidStone,4,0,0,0,0,0,0,0,0,0,2,0,0,2,0,0,0,0,0,0,0,0,0,0,0,0
C:\Users\ehsra\Documents\GitHub\WMVxTOPNG\ModelsTree\World\KALIMDOR\MOONGLADE\PASSIVEDOODADS\MoongladeBushes,6,0,0,0,0,2,0,0,0,0,2,0,0,2,0,0,0,0,0,0,0,0,0,0,0,0
C:\Users\ehsra\Documents\GitHub\WMVxTOPNG\ModelsTree\World\KALIMDOR\MOONGLADE\PASSIVEDOODADS\MOONGLADETREES,31,0,0,0,0,15,0,0,0,0,8,0,0,8,0,0,0,0,0,0,0,0,0,0,0,0
C:\Users\ehsra\Documents\GitHub\WMVxTOPNG\ModelsTree\World\KALIMDOR\MULGORE,0,1,0,0,0,0,0,0,0,0,0,0,0,0,0,0,0,0,0,0,0,0,0,0,0,0
C:\Users\ehsra\Documents\GitHub\WMVxTOPNG\ModelsTree\World\KALIMDOR\MULGORE\PASSIVEDOODADS,0,8,0,0,0,0,0,0,0,0,0,0,0,0,0,0,0,0,0,0,0,0,0,0,0,0
C:\Users\ehsra\Documents\GitHub\WMVxTOPNG\ModelsTree\World\KALIMDOR\MULGORE\PASSIVEDOODADS\BurnedWagons,10,0,0,0,0,6,0,0,0,0,2,0,0,2,0,0,0,0,0,0,0,0,0,0,0,0
C:\Users\ehsra\Documents\GitHub\WMVxTOPNG\ModelsTree\World\KALIMDOR\MULGORE\PASSIVEDOODADS\FuneralPyres,2,0,0,0,0,0,0,0,0,0,1,0,0,1,0,0,0,0,0,0,0,0,0,0,0,0
C:\Users\ehsra\Documents\GitHub\WMVxTOPNG\ModelsTree\World\KALIMDOR\MULGORE\PASSIVEDOODADS\PINECONE,3,0,0,0,0,1,0,0,0,0,1,0,0,1,0,0,0,0,0,0,0,0,0,0,0,0
C:\Users\ehsra\Documents\GitHub\WMVxTOPNG\ModelsTree\World\KALIMDOR\MULGORE\PASSIVEDOODADS\RockArch,3,0,0,0,0,1,0,0,0,0,1,0,0,1,0,0,0,0,0,0,0,0,0,0,0,0
C:\Users\ehsra\Documents\GitHub\WMVxTOPNG\ModelsTree\World\KALIMDOR\MULGORE\PASSIVEDOODADS\Rocks,9,0,0,0,0,1,0,0,0,0,4,0,0,4,0,0,0,0,0,0,0,0,0,0,0,0
C:\Users\ehsra\Documents\GitHub\WMVxTOPNG\ModelsTree\World\KALIMDOR\MULGORE\PASSIVEDOODADS\Thorns,16,0,0,0,0,0,0,0,0,0,8,0,0,8,0,0,0,0,0,0,0,0,0,0,0,0
C:\Users\ehsra\Documents\GitHub\WMVxTOPNG\ModelsTree\World\KALIMDOR\MULGORE\PASSIVEDOODADS\ThunderbluffElevator,7,0,0,0,0,3,0,0,0,0,2,0,0,2,0,0,0,0,0,0,0,0,0,0,0,0
C:\Users\ehsra\Documents\GitHub\WMVxTOPNG\ModelsTree\World\KALIMDOR\MULGORE\PASSIVEDOODADS\Trees,9,0,0,0,0,3,0,0,0,0,3,0,0,3,0,0,0,0,0,0,0,0,0,0,0,0
C:\Users\ehsra\Documents\GitHub\WMVxTOPNG\ModelsTree\World\KALIMDOR\ONYXIASLAIR,0,3,0,0,0,0,0,0,0,0,0,0,0,0,0,0,0,0,0,0,0,0,0,0,0,0
C:\Users\ehsra\Documents\GitHub\WMVxTOPNG\ModelsTree\World\KALIMDOR\ONYXIASLAIR\Doors,2,0,0,0,0,0,0,0,0,0,1,0,0,1,0,0,0,0,0,0,0,0,0,0,0,0
C:\Users\ehsra\Documents\GitHub\WMVxTOPNG\ModelsTree\World\KALIMDOR\ONYXIASLAIR\FallingRocks,2,0,0,0,0,0,0,0,0,0,1,0,0,1,0,0,0,0,0,0,0,0,0,0,0,0
C:\Users\ehsra\Documents\GitHub\WMVxTOPNG\ModelsTree\World\KALIMDOR\ONYXIASLAIR\LAVATRAPS,13,0,0,0,0,5,0,0,0,0,4,0,0,4,0,0,0,0,0,0,0,0,0,0,0,0
C:\Users\ehsra\Documents\GitHub\WMVxTOPNG\ModelsTree\World\KALIMDOR\ORGRIMMAR,0,2,0,0,0,0,0,0,0,0,0,0,0,0,0,0,0,0,0,0,0,0,0,0,0,0
C:\Users\ehsra\Documents\GitHub\WMVxTOPNG\ModelsTree\World\KALIMDOR\ORGRIMMAR\ActiveDoodads,0,1,0,0,0,0,0,0,0,0,0,0,0,0,0,0,0,0,0,0,0,0,0,0,0,0
C:\Users\ehsra\Documents\GitHub\WMVxTOPNG\ModelsTree\World\KALIMDOR\ORGRIMMAR\ActiveDoodads\arena,11,0,0,0,0,1,0,0,0,0,5,0,0,5,0,0,0,0,0,0,0,0,0,0,0,0
C:\Users\ehsra\Documents\GitHub\WMVxTOPNG\ModelsTree\World\KALIMDOR\ORGRIMMAR\PASSIVEDOODADS,7,9,0,0,0,3,0,0,0,0,2,0,0,2,0,0,0,0,0,0,0,0,0,0,0,0
C:\Users\ehsra\Documents\GitHub\WMVxTOPNG\ModelsTree\World\KALIMDOR\ORGRIMMAR\PASSIVEDOODADS\AuctionHouse,2,0,0,0,0,0,0,0,0,0,1,0,0,1,0,0,0,0,0,0,0,0,0,0,0,0
C:\Users\ehsra\Documents\GitHub\WMVxTOPNG\ModelsTree\World\KALIMDOR\ORGRIMMAR\PASSIVEDOODADS\Doors,2,0,0,0,0,0,0,0,0,0,1,0,0,1,0,0,0,0,0,0,0,0,0,0,0,0
C:\Users\ehsra\Documents\GitHub\WMVxTOPNG\ModelsTree\World\KALIMDOR\ORGRIMMAR\PASSIVEDOODADS\MagtheridonTrophyPost,3,0,0,0,0,1,0,0,0,0,1,0,0,1,0,0,0,0,0,0,0,0,0,0,0,0
C:\Users\ehsra\Documents\GitHub\WMVxTOPNG\ModelsTree\World\KALIMDOR\ORGRIMMAR\PASSIVEDOODADS\ManarothTree,9,0,0,0,0,7,0,0,0,0,1,0,0,1,0,0,0,0,0,0,0,0,0,0,0,0
C:\Users\ehsra\Documents\GitHub\WMVxTOPNG\ModelsTree\World\KALIMDOR\ORGRIMMAR\PASSIVEDOODADS\MapTable,8,0,0,0,0,4,0,0,0,0,2,0,0,2,0,0,0,0,0,0,0,0,0,0,0,0
C:\Users\ehsra\Documents\GitHub\WMVxTOPNG\ModelsTree\World\KALIMDOR\ORGRIMMAR\PASSIVEDOODADS\OnyxiaTrophyPost,5,0,0,0,0,1,0,0,0,0,2,0,0,2,0,0,0,0,0,0,0,0,0,0,0,0
C:\Users\ehsra\Documents\GitHub\WMVxTOPNG\ModelsTree\World\KALIMDOR\ORGRIMMAR\PASSIVEDOODADS\ORGRIMMARBONFIRE,9,0,0,0,0,3,0,0,0,0,3,0,0,3,0,0,0,0,0,0,0,0,0,0,0,0
C:\Users\ehsra\Documents\GitHub\WMVxTOPNG\ModelsTree\World\KALIMDOR\ORGRIMMAR\PASSIVEDOODADS\Pentagram,4,0,0,0,0,2,0,0,0,0,1,0,0,1,0,0,0,0,0,0,0,0,0,0,0,0
C:\Users\ehsra\Documents\GitHub\WMVxTOPNG\ModelsTree\World\KALIMDOR\ORGRIMMAR\PASSIVEDOODADS\Waterfalls,2,0,0,0,0,0,0,0,0,0,1,0,0,1,0,0,0,0,0,0,0,0,0,0,0,0
C:\Users\ehsra\Documents\GitHub\WMVxTOPNG\ModelsTree\World\KALIMDOR\Razorfen,0,1,0,0,0,0,0,0,0,0,0,0,0,0,0,0,0,0,0,0,0,0,0,0,0,0
C:\Users\ehsra\Documents\GitHub\WMVxTOPNG\ModelsTree\World\KALIMDOR\Razorfen\ActiveDoodads,0,1,0,0,0,0,0,0,0,0,0,0,0,0,0,0,0,0,0,0,0,0,0,0,0,0
C:\Users\ehsra\Documents\GitHub\WMVxTOPNG\ModelsTree\World\KALIMDOR\Razorfen\ActiveDoodads\RazorfenDoors,10,0,0,0,0,0,0,0,0,0,5,0,0,5,0,0,0,0,0,0,0,0,0,0,0,0
C:\Users\ehsra\Documents\GitHub\WMVxTOPNG\ModelsTree\World\KALIMDOR\SILITHIDHIVE,0,1,0,0,0,0,0,0,0,0,0,0,0,0,0,0,0,0,0,0,0,0,0,0,0,0
C:\Users\ehsra\Documents\GitHub\WMVxTOPNG\ModelsTree\World\KALIMDOR\SILITHIDHIVE\PASSIVEDOODADS,0,4,0,0,0,0,0,0,0,0,0,0,0,0,0,0,0,0,0,0,0,0,0,0,0,0
C:\Users\ehsra\Documents\GitHub\WMVxTOPNG\ModelsTree\World\KALIMDOR\SILITHIDHIVE\PASSIVEDOODADS\Lights,3,0,0,0,0,1,0,0,0,0,1,0,0,1,0,0,0,0,0,0,0,0,0,0,0,0
C:\Users\ehsra\Documents\GitHub\WMVxTOPNG\ModelsTree\World\KALIMDOR\SILITHIDHIVE\PASSIVEDOODADS\Membranes,13,0,0,0,0,3,0,0,0,0,5,0,0,5,0,0,0,0,0,0,0,0,0,0,0,0
C:\Users\ehsra\Documents\GitHub\WMVxTOPNG\ModelsTree\World\KALIMDOR\SILITHIDHIVE\PASSIVEDOODADS\SILITHIDMODELS,11,0,0,0,0,5,0,0,0,0,3,0,0,3,0,0,0,0,0,0,0,0,0,0,0,0
C:\Users\ehsra\Documents\GitHub\WMVxTOPNG\ModelsTree\World\KALIMDOR\SILITHIDHIVE\PASSIVEDOODADS\Spikes,7,0,0,0,0,1,0,0,0,0,3,0,0,3,0,0,0,0,0,0,0,0,0,0,0,0
C:\Users\ehsra\Documents\GitHub\WMVxTOPNG\ModelsTree\World\KALIMDOR\SILITHUS,0,2,0,0,0,0,0,0,0,0,0,0,0,0,0,0,0,0,0,0,0,0,0,0,0,0
C:\Users\ehsra\Documents\GitHub\WMVxTOPNG\ModelsTree\World\KALIMDOR\SILITHUS\ACTIVEDOODADS,0,4,0,0,0,0,0,0,0,0,0,0,0,0,0,0,0,0,0,0,0,0,0,0,0,0
C:\Users\ehsra\Documents\GitHub\WMVxTOPNG\ModelsTree\World\KALIMDOR\SILITHUS\ACTIVEDOODADS\AHNQIRAJDOOR,21,0,0,0,0,8,0,0,0,0,6,0,0,7,0,0,0,0,0,0,0,0,0,0,0,0
C:\Users\ehsra\Documents\GitHub\WMVxTOPNG\ModelsTree\World\KALIMDOR\SILITHUS\ACTIVEDOODADS\Ahn_Quiraj_OssirianCrystal,4,0,0,0,0,2,0,0,0,0,1,0,0,1,0,0,0,0,0,0,0,0,0,0,0,0
C:\Users\ehsra\Documents\GitHub\WMVxTOPNG\ModelsTree\World\KALIMDOR\SILITHUS\ACTIVEDOODADS\EggLayer,6,0,0,0,0,3,0,0,0,0,1,0,0,2,0,0,0,0,0,0,0,0,0,0,0,0
C:\Users\ehsra\Documents\GitHub\WMVxTOPNG\ModelsTree\World\KALIMDOR\SILITHUS\ACTIVEDOODADS\SandWorm,2,0,0,0,0,0,0,0,0,0,1,0,0,1,0,0,0,0,0,0,0,0,0,0,0,0
C:\Users\ehsra\Documents\GitHub\WMVxTOPNG\ModelsTree\World\KALIMDOR\SILITHUS\PASSIVEDOODADS,0,29,0,0,0,0,0,0,0,0,0,0,0,0,0,0,0,0,0,0,0,0,0,0,0,0
C:\Users\ehsra\Documents\GitHub\WMVxTOPNG\ModelsTree\World\KALIMDOR\SILITHUS\PASSIVEDOODADS\AhnQiraCoffins,12,0,0,0,0,2,0,0,0,0,5,0,0,5,0,0,0,0,0,0,0,0,0,0,0,0
C:\Users\ehsra\Documents\GitHub\WMVxTOPNG\ModelsTree\World\KALIMDOR\SILITHUS\PASSIVEDOODADS\AHNQIRAJ,0,1,0,0,0,0,0,0,0,0,0,0,0,0,0,0,0,0,0,0,0,0,0,0,0,0
C:\Users\ehsra\Documents\GitHub\WMVxTOPNG\ModelsTree\World\KALIMDOR\SILITHUS\PASSIVEDOODADS\AHNQIRAJ\TORCH,4,0,0,0,0,2,0,0,0,0,1,0,0,1,0,0,0,0,0,0,0,0,0,0,0,0
C:\Users\ehsra\Documents\GitHub\WMVxTOPNG\ModelsTree\World\KALIMDOR\SILITHUS\PASSIVEDOODADS\AhnQirajAltar,3,0,0,0,0,1,0,0,0,0,1,0,0,1,0,0,0,0,0,0,0,0,0,0,0,0
C:\Users\ehsra\Documents\GitHub\WMVxTOPNG\ModelsTree\World\KALIMDOR\SILITHUS\PASSIVEDOODADS\AhnQirajGlow,3,0,0,0,0,1,0,0,0,0,1,0,0,1,0,0,0,0,0,0,0,0,0,0,0,0
C:\Users\ehsra\Documents\GitHub\WMVxTOPNG\ModelsTree\World\KALIMDOR\SILITHUS\PASSIVEDOODADS\AhnQirajSconces,9,0,0,0,0,1,0,0,0,0,4,0,0,4,0,0,0,0,0,0,0,0,0,0,0,0
C:\Users\ehsra\Documents\GitHub\WMVxTOPNG\ModelsTree\World\KALIMDOR\SILITHUS\PASSIVEDOODADS\AhnQirajStairs,6,0,0,0,0,0,0,0,0,0,3,0,0,3,0,0,0,0,0,0,0,0,0,0,0,0
C:\Users\ehsra\Documents\GitHub\WMVxTOPNG\ModelsTree\World\KALIMDOR\SILITHUS\PASSIVEDOODADS\AhnQirajStones,6,0,0,0,0,0,0,0,0,0,3,0,0,3,0,0,0,0,0,0,0,0,0,0,0,0
C:\Users\ehsra\Documents\GitHub\WMVxTOPNG\ModelsTree\World\KALIMDOR\SILITHUS\PASSIVEDOODADS\CRYSTALS,78,0,0,0,0,10,0,0,0,0,34,0,0,34,0,0,0,0,0,0,0,0,0,0,0,0
C:\Users\ehsra\Documents\GitHub\WMVxTOPNG\ModelsTree\World\KALIMDOR\SILITHUS\PASSIVEDOODADS\DUSTDEVIL,3,0,0,0,0,1,0,0,0,0,1,0,0,1,0,0,0,0,0,0,0,0,0,0,0,0
C:\Users\ehsra\Documents\GitHub\WMVxTOPNG\ModelsTree\World\KALIMDOR\SILITHUS\PASSIVEDOODADS\Eggs,4,0,0,0,0,2,0,0,0,0,1,0,0,1,0,0,0,0,0,0,0,0,0,0,0,0
C:\Users\ehsra\Documents\GitHub\WMVxTOPNG\ModelsTree\World\KALIMDOR\SILITHUS\PASSIVEDOODADS\Elven,25,0,0,0,0,3,0,0,0,0,11,0,0,11,0,0,0,0,0,0,0,0,0,0,0,0
C:\Users\ehsra\Documents\GitHub\WMVxTOPNG\ModelsTree\World\KALIMDOR\SILITHUS\PASSIVEDOODADS\GONG,6,0,0,0,0,2,0,0,0,0,2,0,0,2,0,0,0,0,0,0,0,0,0,0,0,0
C:\Users\ehsra\Documents\GitHub\WMVxTOPNG\ModelsTree\World\KALIMDOR\SILITHUS\PASSIVEDOODADS\Hives,12,0,0,0,0,4,0,0,0,0,4,0,0,4,0,0,0,0,0,0,0,0,0,0,0,0
C:\Users\ehsra\Documents\GitHub\WMVxTOPNG\ModelsTree\World\KALIMDOR\SILITHUS\PASSIVEDOODADS\InsectMound,7,0,0,0,0,1,0,0,0,0,3,0,0,3,0,0,0,0,0,0,0,0,0,0,0,0
C:\Users\ehsra\Documents\GitHub\WMVxTOPNG\ModelsTree\World\KALIMDOR\SILITHUS\PASSIVEDOODADS\MasterHiveSwarm,3,0,0,0,0,1,0,0,0,0,1,0,0,1,0,0,0,0,0,0,0,0,0,0,0,0
C:\Users\ehsra\Documents\GitHub\WMVxTOPNG\ModelsTree\World\KALIMDOR\SILITHUS\PASSIVEDOODADS\Mummies,9,0,0,0,0,3,0,0,0,0,3,0,0,3,0,0,0,0,0,0,0,0,0,0,0,0
C:\Users\ehsra\Documents\GitHub\WMVxTOPNG\ModelsTree\World\KALIMDOR\SILITHUS\PASSIVEDOODADS\Obsidianstatue,5,0,0,0,0,3,0,0,0,0,1,0,0,1,0,0,0,0,0,0,0,0,0,0,0,0
C:\Users\ehsra\Documents\GitHub\WMVxTOPNG\ModelsTree\World\KALIMDOR\SILITHUS\PASSIVEDOODADS\Pods,7,0,0,0,0,1,0,0,0,0,3,0,0,3,0,0,0,0,0,0,0,0,0,0,0,0
C:\Users\ehsra\Documents\GitHub\WMVxTOPNG\ModelsTree\World\KALIMDOR\SILITHUS\PASSIVEDOODADS\Pylons,5,0,0,0,0,1,0,0,0,0,2,0,0,2,0,0,0,0,0,0,0,0,0,0,0,0
C:\Users\ehsra\Documents\GitHub\WMVxTOPNG\ModelsTree\World\KALIMDOR\SILITHUS\PASSIVEDOODADS\Quirajbeeroomswarm,2,0,0,0,0,0,0,0,0,0,1,0,0,1,0,0,0,0,0,0,0,0,0,0,0,0
C:\Users\ehsra\Documents\GitHub\WMVxTOPNG\ModelsTree\World\KALIMDOR\SILITHUS\PASSIVEDOODADS\QuirajRuins,41,0,0,0,0,3,0,0,0,0,19,0,0,19,0,0,0,0,0,0,0,0,0,0,0,0
C:\Users\ehsra\Documents\GitHub\WMVxTOPNG\ModelsTree\World\KALIMDOR\SILITHUS\PASSIVEDOODADS\Quiraj_small_swarm,8,0,0,0,0,3,0,0,0,0,1,0,0,4,0,0,0,0,0,0,0,0,0,0,0,0
C:\Users\ehsra\Documents\GitHub\WMVxTOPNG\ModelsTree\World\KALIMDOR\SILITHUS\PASSIVEDOODADS\Ruins,24,0,0,0,0,0,0,0,0,0,12,0,0,12,0,0,0,0,0,0,0,0,0,0,0,0
C:\Users\ehsra\Documents\GitHub\WMVxTOPNG\ModelsTree\World\KALIMDOR\SILITHUS\PASSIVEDOODADS\SilithidTankHusks,11,0,0,0,0,1,0,0,0,0,5,0,0,5,0,0,0,0,0,0,0,0,0,0,0,0
C:\Users\ehsra\Documents\GitHub\WMVxTOPNG\ModelsTree\World\KALIMDOR\SILITHUS\PASSIVEDOODADS\SilithidWaspHusks,13,0,0,0,0,1,0,0,0,0,6,0,0,6,0,0,0,0,0,0,0,0,0,0,0,0
C:\Users\ehsra\Documents\GitHub\WMVxTOPNG\ModelsTree\World\KALIMDOR\SILITHUS\PASSIVEDOODADS\SilithusRuinsPillarTop,2,0,0,0,0,0,0,0,0,0,1,0,0,1,0,0,0,0,0,0,0,0,0,0,0,0
C:\Users\ehsra\Documents\GitHub\WMVxTOPNG\ModelsTree\World\KALIMDOR\SILITHUS\PASSIVEDOODADS\TwilightTablet,5,0,0,0,0,1,0,0,0,0,2,0,0,2,0,0,0,0,0,0,0,0,0,0,0,0
C:\Users\ehsra\Documents\GitHub\WMVxTOPNG\ModelsTree\World\KALIMDOR\SILITHUS\PASSIVEDOODADS\WaspSwarm,6,0,0,0,0,1,0,0,0,0,1,0,0,4,0,0,0,0,0,0,0,0,0,0,0,0
C:\Users\ehsra\Documents\GitHub\WMVxTOPNG\ModelsTree\World\KALIMDOR\SILITHUS\PASSIVEDOODADS\WATERFALLS,9,0,0,0,0,1,0,0,0,0,4,0,0,4,0,0,0,0,0,0,0,0,0,0,0,0
C:\Users\ehsra\Documents\GitHub\WMVxTOPNG\ModelsTree\World\KALIMDOR\STONETALON,0,2,0,0,0,0,0,0,0,0,0,0,0,0,0,0,0,0,0,0,0,0,0,0,0,0
C:\Users\ehsra\Documents\GitHub\WMVxTOPNG\ModelsTree\World\KALIMDOR\STONETALON\ActiveDoodads,0,1,0,0,0,0,0,0,0,0,0,0,0,0,0,0,0,0,0,0,0,0,0,0,0,0
C:\Users\ehsra\Documents\GitHub\WMVxTOPNG\ModelsTree\World\KALIMDOR\STONETALON\ActiveDoodads\Tree,10,0,0,0,0,2,0,0,0,0,4,0,0,4,0,0,0,0,0,0,0,0,0,0,0,0
C:\Users\ehsra\Documents\GitHub\WMVxTOPNG\ModelsTree\World\KALIMDOR\STONETALON\PASSIVEDOODADS,0,7,0,0,0,0,0,0,0,0,0,0,0,0,0,0,0,0,0,0,0,0,0,0,0,0
C:\Users\ehsra\Documents\GitHub\WMVxTOPNG\ModelsTree\World\KALIMDOR\STONETALON\PASSIVEDOODADS\HarpyNests,5,0,0,0,0,1,0,0,0,0,2,0,0,2,0,0,0,0,0,0,0,0,0,0,0,0
C:\Users\ehsra\Documents\GitHub\WMVxTOPNG\ModelsTree\World\KALIMDOR\STONETALON\PASSIVEDOODADS\Rock,3,0,0,0,0,1,0,0,0,0,1,0,0,1,0,0,0,0,0,0,0,0,0,0,0,0
C:\Users\ehsra\Documents\GitHub\WMVxTOPNG\ModelsTree\World\KALIMDOR\STONETALON\PASSIVEDOODADS\Tools,4,0,0,0,0,0,0,0,0,0,2,0,0,2,0,0,0,0,0,0,0,0,0,0,0,0
C:\Users\ehsra\Documents\GitHub\WMVxTOPNG\ModelsTree\World\KALIMDOR\STONETALON\PASSIVEDOODADS\TREES,36,0,0,0,0,8,0,0,0,0,14,0,0,14,0,0,0,0,0,0,0,0,0,0,0,0
C:\Users\ehsra\Documents\GitHub\WMVxTOPNG\ModelsTree\World\KALIMDOR\STONETALON\PASSIVEDOODADS\TreeStumps,13,0,0,0,0,1,0,0,0,0,6,0,0,6,0,0,0,0,0,0,0,0,0,0,0,0
C:\Users\ehsra\Documents\GitHub\WMVxTOPNG\ModelsTree\World\KALIMDOR\STONETALON\PASSIVEDOODADS\WATERWHEEL,4,0,0,0,0,2,0,0,0,0,1,0,0,1,0,0,0,0,0,0,0,0,0,0,0,0
C:\Users\ehsra\Documents\GitHub\WMVxTOPNG\ModelsTree\World\KALIMDOR\STONETALON\PASSIVEDOODADS\WebbedTrees,9,0,0,0,0,1,0,0,0,0,4,0,0,4,0,0,0,0,0,0,0,0,0,0,0,0
C:\Users\ehsra\Documents\GitHub\WMVxTOPNG\ModelsTree\World\KALIMDOR\Tanaris,0,2,0,0,0,0,0,0,0,0,0,0,0,0,0,0,0,0,0,0,0,0,0,0,0,0
C:\Users\ehsra\Documents\GitHub\WMVxTOPNG\ModelsTree\World\KALIMDOR\Tanaris\ActiveDoodads,0,1,0,0,0,0,0,0,0,0,0,0,0,0,0,0,0,0,0,0,0,0,0,0,0,0
C:\Users\ehsra\Documents\GitHub\WMVxTOPNG\ModelsTree\World\KALIMDOR\Tanaris\ActiveDoodads\TrollGate,4,0,0,0,0,2,0,0,0,0,1,0,0,1,0,0,0,0,0,0,0,0,0,0,0,0
C:\Users\ehsra\Documents\GitHub\WMVxTOPNG\ModelsTree\World\KALIMDOR\Tanaris\PassiveDoodads,0,5,0,0,0,0,0,0,0,0,0,0,0,0,0,0,0,0,0,0,0,0,0,0,0,0
C:\Users\ehsra\Documents\GitHub\WMVxTOPNG\ModelsTree\World\KALIMDOR\Tanaris\PassiveDoodads\Cacti,19,0,0,0,0,7,0,0,0,0,6,0,0,6,0,0,0,0,0,0,0,0,0,0,0,0
C:\Users\ehsra\Documents\GitHub\WMVxTOPNG\ModelsTree\World\KALIMDOR\Tanaris\PassiveDoodads\DesertHoldingPen,2,0,0,0,0,0,0,0,0,0,1,0,0,1,0,0,0,0,0,0,0,0,0,0,0,0
C:\Users\ehsra\Documents\GitHub\WMVxTOPNG\ModelsTree\World\KALIMDOR\Tanaris\PassiveDoodads\Goblin,45,0,0,0,0,8,0,0,0,0,18,0,0,18,0,0,0,1,0,0,0,0,0,0,0,0
C:\Users\ehsra\Documents\GitHub\WMVxTOPNG\ModelsTree\World\KALIMDOR\Tanaris\PassiveDoodads\Rocks,15,0,0,0,0,1,0,0,0,0,7,0,0,7,0,0,0,0,0,0,0,0,0,0,0,0
C:\Users\ehsra\Documents\GitHub\WMVxTOPNG\ModelsTree\World\KALIMDOR\Tanaris\PassiveDoodads\WaterTower,12,0,0,0,0,6,0,0,0,0,3,0,0,3,0,0,0,0,0,0,0,0,0,0,0,0
C:\Users\ehsra\Documents\GitHub\WMVxTOPNG\ModelsTree\World\KALIMDOR\ThousandNeedles,0,1,0,0,0,0,0,0,0,0,0,0,0,0,0,0,0,0,0,0,0,0,0,0,0,0
C:\Users\ehsra\Documents\GitHub\WMVxTOPNG\ModelsTree\World\KALIMDOR\ThousandNeedles\PassiveDoodads,0,7,0,0,0,0,0,0,0,0,0,0,0,0,0,0,0,0,0,0,0,0,0,0,0,0
C:\Users\ehsra\Documents\GitHub\WMVxTOPNG\ModelsTree\World\KALIMDOR\ThousandNeedles\PassiveDoodads\Bleachers,6,0,0,0,0,2,0,0,0,0,2,0,0,2,0,0,0,0,0,0,0,0,0,0,0,0
C:\Users\ehsra\Documents\GitHub\WMVxTOPNG\ModelsTree\World\KALIMDOR\ThousandNeedles\PassiveDoodads\Bridge,2,0,0,0,0,0,0,0,0,0,1,0,0,1,0,0,0,0,0,0,0,0,0,0,0,0
C:\Users\ehsra\Documents\GitHub\WMVxTOPNG\ModelsTree\World\KALIMDOR\ThousandNeedles\PassiveDoodads\HayBails,28,0,0,0,0,0,0,0,0,0,14,0,0,14,0,0,0,0,0,0,0,0,0,0,0,0
C:\Users\ehsra\Documents\GitHub\WMVxTOPNG\ModelsTree\World\KALIMDOR\ThousandNeedles\PassiveDoodads\RacingFlags,3,0,0,0,0,1,0,0,0,0,1,0,0,1,0,0,0,0,0,0,0,0,0,0,0,0
C:\Users\ehsra\Documents\GitHub\WMVxTOPNG\ModelsTree\World\KALIMDOR\ThousandNeedles\PassiveDoodads\Rocks,41,0,0,0,0,3,0,0,0,0,19,0,0,19,0,0,0,0,0,0,0,0,0,0,0,0
C:\Users\ehsra\Documents\GitHub\WMVxTOPNG\ModelsTree\World\KALIMDOR\ThousandNeedles\PassiveDoodads\SnakeNests,6,0,0,0,0,2,0,0,0,0,2,0,0,2,0,0,0,0,0,0,0,0,0,0,0,0
C:\Users\ehsra\Documents\GitHub\WMVxTOPNG\ModelsTree\World\KALIMDOR\ThousandNeedles\PassiveDoodads\WyvernEggs,5,0,0,0,0,1,0,0,0,0,2,0,0,2,0,0,0,0,0,0,0,0,0,0,0,0
C:\Users\ehsra\Documents\GitHub\WMVxTOPNG\ModelsTree\World\KALIMDOR\TIMBERMAW,0,2,0,0,0,0,0,0,0,0,0,0,0,0,0,0,0,0,0,0,0,0,0,0,0,0
C:\Users\ehsra\Documents\GitHub\WMVxTOPNG\ModelsTree\World\KALIMDOR\TIMBERMAW\ActiveDoodads,0,1,0,0,0,0,0,0,0,0,0,0,0,0,0,0,0,0,0,0,0,0,0,0,0,0
C:\Users\ehsra\Documents\GitHub\WMVxTOPNG\ModelsTree\World\KALIMDOR\TIMBERMAW\ActiveDoodads\WoodenDoor,3,0,0,0,0,1,0,0,0,0,1,0,0,1,0,0,0,0,0,0,0,0,0,0,0,0
C:\Users\ehsra\Documents\GitHub\WMVxTOPNG\ModelsTree\World\KALIMDOR\TIMBERMAW\PASSIVEDOODADS,0,1,0,0,0,0,0,0,0,0,0,0,0,0,0,0,0,0,0,0,0,0,0,0,0,0
C:\Users\ehsra\Documents\GitHub\WMVxTOPNG\ModelsTree\World\KALIMDOR\TIMBERMAW\PASSIVEDOODADS\TIMBERMAWFLOWERS,6,0,0,0,0,2,0,0,0,0,2,0,0,2,0,0,0,0,0,0,0,0,0,0,0,0
C:\Users\ehsra\Documents\GitHub\WMVxTOPNG\ModelsTree\World\KALIMDOR\UNGORO,0,1,0,0,0,0,0,0,0,0,0,0,0,0,0,0,0,0,0,0,0,0,0,0,0,0
C:\Users\ehsra\Documents\GitHub\WMVxTOPNG\ModelsTree\World\KALIMDOR\UNGORO\PASSIVEDOODADS,0,8,0,0,0,0,0,0,0,0,0,0,0,0,0,0,0,0,0,0,0,0,0,0,0,0
C:\Users\ehsra\Documents\GitHub\WMVxTOPNG\ModelsTree\World\KALIMDOR\UNGORO\PASSIVEDOODADS\Archway,4,0,0,0,0,2,0,0,0,0,1,0,0,1,0,0,0,0,0,0,0,0,0,0,0,0
C:\Users\ehsra\Documents\GitHub\WMVxTOPNG\ModelsTree\World\KALIMDOR\UNGORO\PASSIVEDOODADS\CRYSTALS,25,0,0,0,0,7,0,0,0,0,9,0,0,9,0,0,0,0,0,0,0,0,0,0,0,0
C:\Users\ehsra\Documents\GitHub\WMVxTOPNG\ModelsTree\World\KALIMDOR\UNGORO\PASSIVEDOODADS\Geyser,6,0,0,0,0,2,0,0,0,0,2,0,0,2,0,0,0,0,0,0,0,0,0,0,0,0
C:\Users\ehsra\Documents\GitHub\WMVxTOPNG\ModelsTree\World\KALIMDOR\UNGORO\PASSIVEDOODADS\Rocks,22,0,0,0,0,2,0,0,0,0,10,0,0,10,0,0,0,0,0,0,0,0,0,0,0,0
C:\Users\ehsra\Documents\GitHub\WMVxTOPNG\ModelsTree\World\KALIMDOR\UNGORO\PASSIVEDOODADS\ThreshadonCorpse,3,0,0,0,0,1,0,0,0,0,1,0,0,1,0,0,0,0,0,0,0,0,0,0,0,0
C:\Users\ehsra\Documents\GitHub\WMVxTOPNG\ModelsTree\World\KALIMDOR\UNGORO\PASSIVEDOODADS\Trees,7,0,0,0,0,1,0,0,0,0,3,0,0,3,0,0,0,0,0,0,0,0,0,0,0,0
C:\Users\ehsra\Documents\GitHub\WMVxTOPNG\ModelsTree\World\KALIMDOR\UNGORO\PASSIVEDOODADS\TrexFootprint,2,0,0,0,0,0,0,0,0,0,1,0,0,1,0,0,0,0,0,0,0,0,0,0,0,0
C:\Users\ehsra\Documents\GitHub\WMVxTOPNG\ModelsTree\World\KALIMDOR\UNGORO\PASSIVEDOODADS\UngoroBubbles,3,0,0,0,0,1,0,0,0,0,1,0,0,1,0,0,0,0,0,0,0,0,0,0,0,0
C:\Users\ehsra\Documents\GitHub\WMVxTOPNG\ModelsTree\World\KALIMDOR\WAILINGCAVERNS,0,1,0,0,0,0,0,0,0,0,0,0,0,0,0,0,0,0,0,0,0,0,0,0,0,0
C:\Users\ehsra\Documents\GitHub\WMVxTOPNG\ModelsTree\World\KALIMDOR\WAILINGCAVERNS\PASSIVEDOODADS,0,6,0,0,0,0,0,0,0,0,0,0,0,0,0,0,0,0,0,0,0,0,0,0,0,0
C:\Users\ehsra\Documents\GitHub\WMVxTOPNG\ModelsTree\World\KALIMDOR\WAILINGCAVERNS\PASSIVEDOODADS\Baskets,3,0,0,0,0,1,0,0,0,0,1,0,0,1,0,0,0,0,0,0,0,0,0,0,0,0
C:\Users\ehsra\Documents\GitHub\WMVxTOPNG\ModelsTree\World\KALIMDOR\WAILINGCAVERNS\PASSIVEDOODADS\Cages,3,0,0,0,0,1,0,0,0,0,1,0,0,1,0,0,0,0,0,0,0,0,0,0,0,0
C:\Users\ehsra\Documents\GitHub\WMVxTOPNG\ModelsTree\World\KALIMDOR\WAILINGCAVERNS\PASSIVEDOODADS\FANGDRUIDS,41,0,0,0,0,9,0,0,0,0,16,0,0,16,0,0,0,0,0,0,0,0,0,0,0,0
C:\Users\ehsra\Documents\GitHub\WMVxTOPNG\ModelsTree\World\KALIMDOR\WAILINGCAVERNS\PASSIVEDOODADS\HangingHeads,3,0,0,0,0,1,0,0,0,0,1,0,0,1,0,0,0,0,0,0,0,0,0,0,0,0
C:\Users\ehsra\Documents\GitHub\WMVxTOPNG\ModelsTree\World\KALIMDOR\WAILINGCAVERNS\PASSIVEDOODADS\StickBundles,7,0,0,0,0,1,0,0,0,0,3,0,0,3,0,0,0,0,0,0,0,0,0,0,0,0
C:\Users\ehsra\Documents\GitHub\WMVxTOPNG\ModelsTree\World\KALIMDOR\WAILINGCAVERNS\PASSIVEDOODADS\Waterfalls,3,0,0,0,0,1,0,0,0,0,1,0,0,1,0,0,0,0,0,0,0,0,0,0,0,0
C:\Users\ehsra\Documents\GitHub\WMVxTOPNG\ModelsTree\World\KALIMDOR\Winterspring,0,2,0,0,0,0,0,0,0,0,0,0,0,0,0,0,0,0,0,0,0,0,0,0,0,0
C:\Users\ehsra\Documents\GitHub\WMVxTOPNG\ModelsTree\World\KALIMDOR\Winterspring\ActiveDoodads,0,1,0,0,0,0,0,0,0,0,0,0,0,0,0,0,0,0,0,0,0,0,0,0,0,0
C:\Users\ehsra\Documents\GitHub\WMVxTOPNG\ModelsTree\World\KALIMDOR\Winterspring\ActiveDoodads\Altar,4,0,0,0,0,2,0,0,0,0,1,0,0,1,0,0,0,0,0,0,0,0,0,0,0,0
C:\Users\ehsra\Documents\GitHub\WMVxTOPNG\ModelsTree\World\KALIMDOR\Winterspring\PassiveDoodads,0,10,0,0,0,0,0,0,0,0,0,0,0,0,0,0,0,0,0,0,0,0,0,0,0,0
C:\Users\ehsra\Documents\GitHub\WMVxTOPNG\ModelsTree\World\KALIMDOR\Winterspring\PassiveDoodads\FrostSaberRock,5,0,0,0,0,3,0,0,0,0,1,0,0,1,0,0,0,0,0,0,0,0,0,0,0,0
C:\Users\ehsra\Documents\GitHub\WMVxTOPNG\ModelsTree\World\KALIMDOR\Winterspring\PassiveDoodads\FrozenWaterFalls,8,0,0,0,0,2,0,0,0,0,3,0,0,3,0,0,0,0,0,0,0,0,0,0,0,0
C:\Users\ehsra\Documents\GitHub\WMVxTOPNG\ModelsTree\World\KALIMDOR\Winterspring\PassiveDoodads\FurbolgTent,5,0,0,0,0,1,0,0,0,0,2,0,0,2,0,0,0,0,0,0,0,0,0,0,0,0
C:\Users\ehsra\Documents\GitHub\WMVxTOPNG\ModelsTree\World\KALIMDOR\Winterspring\PassiveDoodads\FurbolgTotems,5,0,0,0,0,1,0,0,0,0,2,0,0,2,0,0,0,0,0,0,0,0,0,0,0,0
C:\Users\ehsra\Documents\GitHub\WMVxTOPNG\ModelsTree\World\KALIMDOR\Winterspring\PassiveDoodads\Rocks,17,0,0,0,0,1,0,0,0,0,8,0,0,8,0,0,0,0,0,0,0,0,0,0,0,0
C:\Users\ehsra\Documents\GitHub\WMVxTOPNG\ModelsTree\World\KALIMDOR\Winterspring\PassiveDoodads\Trees,20,0,0,0,0,10,0,0,0,0,5,0,0,5,0,0,0,0,0,0,0,0,0,0,0,0
C:\Users\ehsra\Documents\GitHub\WMVxTOPNG\ModelsTree\World\KALIMDOR\Winterspring\PassiveDoodads\WinterspringBushes,3,0,0,0,0,1,0,0,0,0,1,0,0,1,0,0,0,0,0,0,0,0,0,0,0,0
C:\Users\ehsra\Documents\GitHub\WMVxTOPNG\ModelsTree\World\KALIMDOR\Winterspring\PassiveDoodads\WinterspringFallenTrees,8,0,0,0,0,2,0,0,0,0,3,0,0,3,0,0,0,0,0,0,0,0,0,0,0,0
C:\Users\ehsra\Documents\GitHub\WMVxTOPNG\ModelsTree\World\KALIMDOR\Winterspring\PassiveDoodads\WinterspringTrees,11,0,0,0,0,5,0,0,0,0,3,0,0,3,0,0,0,0,0,0,0,0,0,0,0,0
C:\Users\ehsra\Documents\GitHub\WMVxTOPNG\ModelsTree\World\KALIMDOR\Winterspring\PassiveDoodads\WorldTreeRoots,9,0,0,0,0,1,0,0,0,0,4,0,0,4,0,0,0,0,0,0,0,0,0,0,0,0
C:\Users\ehsra\Documents\GitHub\WMVxTOPNG\ModelsTree\World\KHAZMODAN,0,6,0,0,0,0,0,0,0,0,0,0,0,0,0,0,0,0,0,0,0,0,0,0,0,0
C:\Users\ehsra\Documents\GitHub\WMVxTOPNG\ModelsTree\World\KHAZMODAN\BADLANDS,0,1,0,0,0,0,0,0,0,0,0,0,0,0,0,0,0,0,0,0,0,0,0,0,0,0
C:\Users\ehsra\Documents\GitHub\WMVxTOPNG\ModelsTree\World\KHAZMODAN\BADLANDS\PASSIVEDOODADS,0,10,0,0,0,0,0,0,0,0,0,0,0,0,0,0,0,0,0,0,0,0,0,0,0,0
C:\Users\ehsra\Documents\GitHub\WMVxTOPNG\ModelsTree\World\KHAZMODAN\BADLANDS\PASSIVEDOODADS\Bones,11,0,0,0,0,5,0,0,0,0,3,0,0,3,0,0,0,0,0,0,0,0,0,0,0,0
C:\Users\ehsra\Documents\GitHub\WMVxTOPNG\ModelsTree\World\KHAZMODAN\BADLANDS\PASSIVEDOODADS\bushes,31,0,0,0,0,11,0,0,0,0,10,0,0,10,0,0,0,0,0,0,0,0,0,0,0,0
C:\Users\ehsra\Documents\GitHub\WMVxTOPNG\ModelsTree\World\KHAZMODAN\BADLANDS\PASSIVEDOODADS\Cactus,28,0,0,0,0,8,0,0,0,0,10,0,0,10,0,0,0,0,0,0,0,0,0,0,0,0
C:\Users\ehsra\Documents\GitHub\WMVxTOPNG\ModelsTree\World\KHAZMODAN\BADLANDS\PASSIVEDOODADS\QuestBlade,2,0,0,0,0,0,0,0,0,0,1,0,0,1,0,0,0,0,0,0,0,0,0,0,0,0
C:\Users\ehsra\Documents\GitHub\WMVxTOPNG\ModelsTree\World\KHAZMODAN\BADLANDS\PASSIVEDOODADS\Rocks,22,0,0,0,0,6,0,0,0,0,8,0,0,8,0,0,0,0,0,0,0,0,0,0,0,0
C:\Users\ehsra\Documents\GitHub\WMVxTOPNG\ModelsTree\World\KHAZMODAN\BADLANDS\PASSIVEDOODADS\RUNE,4,0,0,0,0,2,0,0,0,0,1,0,0,1,0,0,0,0,0,0,0,0,0,0,0,0
C:\Users\ehsra\Documents\GitHub\WMVxTOPNG\ModelsTree\World\KHAZMODAN\BADLANDS\PASSIVEDOODADS\SkeletalKing,3,0,0,0,0,1,0,0,0,0,1,0,0,1,0,0,0,0,0,0,0,0,0,0,0,0
C:\Users\ehsra\Documents\GitHub\WMVxTOPNG\ModelsTree\World\KHAZMODAN\BADLANDS\PASSIVEDOODADS\Statues,17,0,0,0,0,5,0,0,0,0,6,0,0,6,0,0,0,0,0,0,0,0,0,0,0,0
C:\Users\ehsra\Documents\GitHub\WMVxTOPNG\ModelsTree\World\KHAZMODAN\BADLANDS\PASSIVEDOODADS\Trees,53,0,0,0,0,23,0,0,0,0,15,0,0,15,0,0,0,0,0,0,0,0,0,0,0,0
C:\Users\ehsra\Documents\GitHub\WMVxTOPNG\ModelsTree\World\KHAZMODAN\BADLANDS\PASSIVEDOODADS\Wagon,2,0,0,0,0,0,0,0,0,0,1,0,0,1,0,0,0,0,0,0,0,0,0,0,0,0
C:\Users\ehsra\Documents\GitHub\WMVxTOPNG\ModelsTree\World\KHAZMODAN\BLACKROCK,0,2,0,0,0,0,0,0,0,0,0,0,0,0,0,0,0,0,0,0,0,0,0,0,0,0
C:\Users\ehsra\Documents\GitHub\WMVxTOPNG\ModelsTree\World\KHAZMODAN\BLACKROCK\ACTIVEDOODADS,0,10,0,0,0,0,0,0,0,0,0,0,0,0,0,0,0,0,0,0,0,0,0,0,0,0
C:\Users\ehsra\Documents\GitHub\WMVxTOPNG\ModelsTree\World\KHAZMODAN\BLACKROCK\ACTIVEDOODADS\AltarRitual,3,0,0,0,0,1,0,0,0,0,1,0,0,1,0,0,0,0,0,0,0,0,0,0,0,0
C:\Users\ehsra\Documents\GitHub\WMVxTOPNG\ModelsTree\World\KHAZMODAN\BLACKROCK\ACTIVEDOODADS\ANVIL,8,0,0,0,0,4,0,0,0,0,2,0,0,2,0,0,0,0,0,0,0,0,0,0,0,0
C:\Users\ehsra\Documents\GitHub\WMVxTOPNG\ModelsTree\World\KHAZMODAN\BLACKROCK\ACTIVEDOODADS\ArenaFlag,4,0,0,0,0,1,0,0,0,0,1,0,0,2,0,0,0,0,0,0,0,0,0,0,0,0
C:\Users\ehsra\Documents\GitHub\WMVxTOPNG\ModelsTree\World\KHAZMODAN\BLACKROCK\ACTIVEDOODADS\Chalice,3,0,0,0,0,1,0,0,0,0,1,0,0,1,0,0,0,0,0,0,0,0,0,0,0,0
C:\Users\ehsra\Documents\GitHub\WMVxTOPNG\ModelsTree\World\KHAZMODAN\BLACKROCK\ACTIVEDOODADS\DarkIronBrazier,3,0,0,0,0,1,0,0,0,0,1,0,0,1,0,0,0,0,0,0,0,0,0,0,0,0
C:\Users\ehsra\Documents\GitHub\WMVxTOPNG\ModelsTree\World\KHAZMODAN\BLACKROCK\ACTIVEDOODADS\Safe,3,0,0,0,0,1,0,0,0,0,1,0,0,1,0,0,0,0,0,0,0,0,0,0,0,0
C:\Users\ehsra\Documents\GitHub\WMVxTOPNG\ModelsTree\World\KHAZMODAN\BLACKROCK\ACTIVEDOODADS\Seal,4,0,0,0,0,2,0,0,0,0,1,0,0,1,0,0,0,0,0,0,0,0,0,0,0,0
C:\Users\ehsra\Documents\GitHub\WMVxTOPNG\ModelsTree\World\KHAZMODAN\BLACKROCK\ACTIVEDOODADS\StatueThaurissan,4,0,0,0,0,0,0,0,0,0,2,0,0,2,0,0,0,0,0,0,0,0,0,0,0,0
C:\Users\ehsra\Documents\GitHub\WMVxTOPNG\ModelsTree\World\KHAZMODAN\BLACKROCK\ACTIVEDOODADS\SuppressionTrap,3,0,0,0,0,1,0,0,0,0,1,0,0,1,0,0,0,0,0,0,0,0,0,0,0,0
C:\Users\ehsra\Documents\GitHub\WMVxTOPNG\ModelsTree\World\KHAZMODAN\BLACKROCK\ACTIVEDOODADS\Vault,9,0,0,0,0,1,0,0,0,0,4,0,0,4,0,0,0,0,0,0,0,0,0,0,0,0
C:\Users\ehsra\Documents\GitHub\WMVxTOPNG\ModelsTree\World\KHAZMODAN\BLACKROCK\PASSIVEDOODADS,3,13,0,0,0,1,0,0,0,0,1,0,0,1,0,0,0,0,0,0,0,0,0,0,0,0
C:\Users\ehsra\Documents\GitHub\WMVxTOPNG\ModelsTree\World\KHAZMODAN\BLACKROCK\PASSIVEDOODADS\Blackrockdirectionalsign,3,0,0,0,0,1,0,0,0,0,1,0,0,1,0,0,0,0,0,0,0,0,0,0,0,0
C:\Users\ehsra\Documents\GitHub\WMVxTOPNG\ModelsTree\World\KHAZMODAN\BLACKROCK\PASSIVEDOODADS\BlackrockLavaBubbles,8,0,0,0,0,2,0,0,0,0,3,0,0,3,0,0,0,0,0,0,0,0,0,0,0,0
C:\Users\ehsra\Documents\GitHub\WMVxTOPNG\ModelsTree\World\KHAZMODAN\BLACKROCK\PASSIVEDOODADS\BlackrockLavaFlow,16,0,0,0,0,4,0,0,0,0,6,0,0,6,0,0,0,0,0,0,0,0,0,0,0,0
C:\Users\ehsra\Documents\GitHub\WMVxTOPNG\ModelsTree\World\KHAZMODAN\BLACKROCK\PASSIVEDOODADS\BlackrockPortraits,5,0,0,0,0,1,0,0,0,0,2,0,0,2,0,0,0,0,0,0,0,0,0,0,0,0
C:\Users\ehsra\Documents\GitHub\WMVxTOPNG\ModelsTree\World\KHAZMODAN\BLACKROCK\PASSIVEDOODADS\BlackwingThrone,3,0,0,0,0,1,0,0,0,0,1,0,0,1,0,0,0,0,0,0,0,0,0,0,0,0
C:\Users\ehsra\Documents\GitHub\WMVxTOPNG\ModelsTree\World\KHAZMODAN\BLACKROCK\PASSIVEDOODADS\DEATHWINGEXPERIMENTS,26,0,0,0,0,8,0,0,0,0,9,0,0,9,0,0,0,0,0,0,0,0,0,0,0,0
C:\Users\ehsra\Documents\GitHub\WMVxTOPNG\ModelsTree\World\KHAZMODAN\BLACKROCK\PASSIVEDOODADS\Doors,25,0,0,0,0,5,0,0,0,0,10,0,0,10,0,0,0,0,0,0,0,0,0,0,0,0
C:\Users\ehsra\Documents\GitHub\WMVxTOPNG\ModelsTree\World\KHAZMODAN\BLACKROCK\PASSIVEDOODADS\DragonKinEggs,4,0,0,0,0,0,0,0,0,0,2,0,0,2,0,0,0,0,0,0,0,0,0,0,0,0
C:\Users\ehsra\Documents\GitHub\WMVxTOPNG\ModelsTree\World\KHAZMODAN\BLACKROCK\PASSIVEDOODADS\DragonKinNests,9,0,0,0,0,1,0,0,0,0,4,0,0,4,0,0,0,0,0,0,0,0,0,0,0,0
C:\Users\ehsra\Documents\GitHub\WMVxTOPNG\ModelsTree\World\KHAZMODAN\BLACKROCK\PASSIVEDOODADS\GolemParts,15,0,0,0,0,1,0,0,0,0,7,0,0,7,0,0,0,0,0,0,0,0,0,0,0,0
C:\Users\ehsra\Documents\GitHub\WMVxTOPNG\ModelsTree\World\KHAZMODAN\BLACKROCK\PASSIVEDOODADS\Hooks,13,0,0,0,0,1,0,0,0,0,6,0,0,6,0,0,0,0,0,0,0,0,0,0,0,0
C:\Users\ehsra\Documents\GitHub\WMVxTOPNG\ModelsTree\World\KHAZMODAN\BLACKROCK\PASSIVEDOODADS\MuseumGem,3,0,0,0,0,1,0,0,0,0,1,0,0,1,0,0,0,0,0,0,0,0,0,0,0,0
C:\Users\ehsra\Documents\GitHub\WMVxTOPNG\ModelsTree\World\KHAZMODAN\BLACKROCK\PASSIVEDOODADS\WarchiefsHead,3,0,0,0,0,1,0,0,0,0,1,0,0,1,0,0,0,0,0,0,0,0,0,0,0,0
C:\Users\ehsra\Documents\GitHub\WMVxTOPNG\ModelsTree\World\KHAZMODAN\IRONFORGE,0,2,0,0,0,0,0,0,0,0,0,0,0,0,0,0,0,0,0,0,0,0,0,0,0,0
C:\Users\ehsra\Documents\GitHub\WMVxTOPNG\ModelsTree\World\KHAZMODAN\IRONFORGE\BUILDINGS,0,17,0,0,0,0,0,0,0,0,0,0,0,0,0,0,0,0,0,0,0,0,0,0,0,0
C:\Users\ehsra\Documents\GitHub\WMVxTOPNG\ModelsTree\World\KHAZMODAN\IRONFORGE\BUILDINGS\FORTRESS01_06,6,0,0,0,0,4,0,0,0,0,1,0,0,1,0,0,0,0,0,0,0,0,0,0,0,0
C:\Users\ehsra\Documents\GitHub\WMVxTOPNG\ModelsTree\World\KHAZMODAN\IRONFORGE\BUILDINGS\Fortress01_08,2,0,0,0,0,0,0,0,0,0,1,0,0,1,0,0,0,0,0,0,0,0,0,0,0,0
C:\Users\ehsra\Documents\GitHub\WMVxTOPNG\ModelsTree\World\KHAZMODAN\IRONFORGE\BUILDINGS\FORTRESS01_09,3,0,0,0,0,1,0,0,0,0,1,0,0,1,0,0,0,0,0,0,0,0,0,0,0,0
C:\Users\ehsra\Documents\GitHub\WMVxTOPNG\ModelsTree\World\KHAZMODAN\IRONFORGE\BUILDINGS\Fortress02_04,2,0,0,0,0,0,0,0,0,0,1,0,0,1,0,0,0,0,0,0,0,0,0,0,0,0
C:\Users\ehsra\Documents\GitHub\WMVxTOPNG\ModelsTree\World\KHAZMODAN\IRONFORGE\BUILDINGS\Fortress02_06,2,0,0,0,0,0,0,0,0,0,1,0,0,1,0,0,0,0,0,0,0,0,0,0,0,0
C:\Users\ehsra\Documents\GitHub\WMVxTOPNG\ModelsTree\World\KHAZMODAN\IRONFORGE\BUILDINGS\Fortress02_07,2,0,0,0,0,0,0,0,0,0,1,0,0,1,0,0,0,0,0,0,0,0,0,0,0,0
C:\Users\ehsra\Documents\GitHub\WMVxTOPNG\ModelsTree\World\KHAZMODAN\IRONFORGE\BUILDINGS\Fortress03_03,2,0,0,0,0,0,0,0,0,0,1,0,0,1,0,0,0,0,0,0,0,0,0,0,0,0
C:\Users\ehsra\Documents\GitHub\WMVxTOPNG\ModelsTree\World\KHAZMODAN\IRONFORGE\BUILDINGS\Fortress03_04a,2,0,0,0,0,0,0,0,0,0,1,0,0,1,0,0,0,0,0,0,0,0,0,0,0,0
C:\Users\ehsra\Documents\GitHub\WMVxTOPNG\ModelsTree\World\KHAZMODAN\IRONFORGE\BUILDINGS\Fortress03_04b,2,0,0,0,0,0,0,0,0,0,1,0,0,1,0,0,0,0,0,0,0,0,0,0,0,0
C:\Users\ehsra\Documents\GitHub\WMVxTOPNG\ModelsTree\World\KHAZMODAN\IRONFORGE\BUILDINGS\Fortress03_05,2,0,0,0,0,0,0,0,0,0,1,0,0,1,0,0,0,0,0,0,0,0,0,0,0,0
C:\Users\ehsra\Documents\GitHub\WMVxTOPNG\ModelsTree\World\KHAZMODAN\IRONFORGE\BUILDINGS\Fortress03_05b,2,0,0,0,0,0,0,0,0,0,1,0,0,1,0,0,0,0,0,0,0,0,0,0,0,0
C:\Users\ehsra\Documents\GitHub\WMVxTOPNG\ModelsTree\World\KHAZMODAN\IRONFORGE\BUILDINGS\Fortress04_03,2,0,0,0,0,0,0,0,0,0,1,0,0,1,0,0,0,0,0,0,0,0,0,0,0,0
C:\Users\ehsra\Documents\GitHub\WMVxTOPNG\ModelsTree\World\KHAZMODAN\IRONFORGE\BUILDINGS\Fortress04_05,2,0,0,0,0,0,0,0,0,0,1,0,0,1,0,0,0,0,0,0,0,0,0,0,0,0
C:\Users\ehsra\Documents\GitHub\WMVxTOPNG\ModelsTree\World\KHAZMODAN\IRONFORGE\BUILDINGS\Fortress04_06,2,0,0,0,0,0,0,0,0,0,1,0,0,1,0,0,0,0,0,0,0,0,0,0,0,0
C:\Users\ehsra\Documents\GitHub\WMVxTOPNG\ModelsTree\World\KHAZMODAN\IRONFORGE\BUILDINGS\Fortress05_03,2,0,0,0,0,0,0,0,0,0,1,0,0,1,0,0,0,0,0,0,0,0,0,0,0,0
C:\Users\ehsra\Documents\GitHub\WMVxTOPNG\ModelsTree\World\KHAZMODAN\IRONFORGE\BUILDINGS\Fortress05_05,2,0,0,0,0,0,0,0,0,0,1,0,0,1,0,0,0,0,0,0,0,0,0,0,0,0
C:\Users\ehsra\Documents\GitHub\WMVxTOPNG\ModelsTree\World\KHAZMODAN\IRONFORGE\BUILDINGS\RuneStoneSnow_01,3,0,0,0,0,1,0,0,0,0,1,0,0,1,0,0,0,0,0,0,0,0,0,0,0,0
C:\Users\ehsra\Documents\GitHub\WMVxTOPNG\ModelsTree\World\KHAZMODAN\IRONFORGE\PASSIVEDOODADS,0,22,0,0,0,0,0,0,0,0,0,0,0,0,0,0,0,0,0,0,0,0,0,0,0,0
C:\Users\ehsra\Documents\GitHub\WMVxTOPNG\ModelsTree\World\KHAZMODAN\IRONFORGE\PASSIVEDOODADS\AuctionHouse,2,0,0,0,0,0,0,0,0,0,1,0,0,1,0,0,0,0,0,0,0,0,0,0,0,0
C:\Users\ehsra\Documents\GitHub\WMVxTOPNG\ModelsTree\World\KHAZMODAN\IRONFORGE\PASSIVEDOODADS\Banners,12,0,0,0,0,4,0,0,0,0,4,0,0,4,0,0,0,0,0,0,0,0,0,0,0,0
C:\Users\ehsra\Documents\GitHub\WMVxTOPNG\ModelsTree\World\KHAZMODAN\IRONFORGE\PASSIVEDOODADS\Bush,8,0,0,0,0,2,0,0,0,0,3,0,0,3,0,0,0,0,0,0,0,0,0,0,0,0
C:\Users\ehsra\Documents\GitHub\WMVxTOPNG\ModelsTree\World\KHAZMODAN\IRONFORGE\PASSIVEDOODADS\Elevators,8,0,0,0,0,2,0,0,0,0,3,0,0,3,0,0,0,0,0,0,0,0,0,0,0,0
C:\Users\ehsra\Documents\GitHub\WMVxTOPNG\ModelsTree\World\KHAZMODAN\IRONFORGE\PASSIVEDOODADS\Fences,9,0,0,0,0,1,0,0,0,0,4,0,0,4,0,0,0,0,0,0,0,0,0,0,0,0
C:\Users\ehsra\Documents\GitHub\WMVxTOPNG\ModelsTree\World\KHAZMODAN\IRONFORGE\PASSIVEDOODADS\GarageMachine,5,0,0,0,0,0,0,0,0,0,1,0,0,4,0,0,0,0,0,0,0,0,0,0,0,0
C:\Users\ehsra\Documents\GitHub\WMVxTOPNG\ModelsTree\World\KHAZMODAN\IRONFORGE\PASSIVEDOODADS\GnomeArea,13,1,0,0,0,3,0,0,0,0,5,0,0,5,0,0,0,0,0,0,0,0,0,0,0,0
C:\Users\ehsra\Documents\GitHub\WMVxTOPNG\ModelsTree\World\KHAZMODAN\IRONFORGE\PASSIVEDOODADS\GnomeArea\Vent,3,0,0,0,0,1,0,0,0,0,1,0,0,1,0,0,0,0,0,0,0,0,0,0,0,0
C:\Users\ehsra\Documents\GitHub\WMVxTOPNG\ModelsTree\World\KHAZMODAN\IRONFORGE\PASSIVEDOODADS\GreatForge,5,0,0,0,0,3,0,0,0,0,1,0,0,1,0,0,0,0,0,0,0,0,0,0,0,0
C:\Users\ehsra\Documents\GitHub\WMVxTOPNG\ModelsTree\World\KHAZMODAN\IRONFORGE\PASSIVEDOODADS\HammerQuest01,2,0,0,0,0,0,0,0,0,0,1,0,0,1,0,0,0,0,0,0,0,0,0,0,0,0
C:\Users\ehsra\Documents\GitHub\WMVxTOPNG\ModelsTree\World\KHAZMODAN\IRONFORGE\PASSIVEDOODADS\HotCoals,2,0,0,0,0,0,0,0,0,0,1,0,0,1,0,0,0,0,0,0,0,0,0,0,0,0
C:\Users\ehsra\Documents\GitHub\WMVxTOPNG\ModelsTree\World\KHAZMODAN\IRONFORGE\PASSIVEDOODADS\LavaSteam,17,0,0,0,0,3,0,0,0,0,7,0,0,7,0,0,0,0,0,0,0,0,0,0,0,0
C:\Users\ehsra\Documents\GitHub\WMVxTOPNG\ModelsTree\World\KHAZMODAN\IRONFORGE\PASSIVEDOODADS\MargolReaverHorn,3,0,0,0,0,1,0,0,0,0,1,0,0,1,0,0,0,0,0,0,0,0,0,0,0,0
C:\Users\ehsra\Documents\GitHub\WMVxTOPNG\ModelsTree\World\KHAZMODAN\IRONFORGE\PASSIVEDOODADS\MUSEUMEXHIBITS,10,0,0,0,0,4,0,0,0,0,3,0,0,3,0,0,0,0,0,0,0,0,0,0,0,0
C:\Users\ehsra\Documents\GitHub\WMVxTOPNG\ModelsTree\World\KHAZMODAN\IRONFORGE\PASSIVEDOODADS\Plaques,3,0,0,0,0,1,0,0,0,0,1,0,0,1,0,0,0,0,0,0,0,0,0,0,0,0
C:\Users\ehsra\Documents\GitHub\WMVxTOPNG\ModelsTree\World\KHAZMODAN\IRONFORGE\PASSIVEDOODADS\ROCKS,18,0,0,0,0,4,0,0,0,0,7,0,0,7,0,0,0,0,0,0,0,0,0,0,0,0
C:\Users\ehsra\Documents\GitHub\WMVxTOPNG\ModelsTree\World\KHAZMODAN\IRONFORGE\PASSIVEDOODADS\SignPosts,6,0,0,0,0,2,0,0,0,0,2,0,0,2,0,0,0,0,0,0,0,0,0,0,0,0
C:\Users\ehsra\Documents\GitHub\WMVxTOPNG\ModelsTree\World\KHAZMODAN\IRONFORGE\PASSIVEDOODADS\SLIMEJARS,9,0,0,0,0,3,0,0,0,0,3,0,0,3,0,0,0,0,0,0,0,0,0,0,0,0
C:\Users\ehsra\Documents\GitHub\WMVxTOPNG\ModelsTree\World\KHAZMODAN\IRONFORGE\PASSIVEDOODADS\STATUES,5,0,0,0,0,3,0,0,0,0,1,0,0,1,0,0,0,0,0,0,0,0,0,0,0,0
C:\Users\ehsra\Documents\GitHub\WMVxTOPNG\ModelsTree\World\KHAZMODAN\IRONFORGE\PASSIVEDOODADS\SteamTank,24,0,0,0,0,8,0,0,0,0,8,0,0,8,0,0,0,0,0,0,0,0,0,0,0,0
C:\Users\ehsra\Documents\GitHub\WMVxTOPNG\ModelsTree\World\KHAZMODAN\IRONFORGE\PASSIVEDOODADS\THRONE,5,0,0,0,0,3,0,0,0,0,1,0,0,1,0,0,0,0,0,0,0,0,0,0,0,0
C:\Users\ehsra\Documents\GitHub\WMVxTOPNG\ModelsTree\World\KHAZMODAN\IRONFORGE\PASSIVEDOODADS\ThroneRoom,4,0,0,0,0,2,0,0,0,0,1,0,0,1,0,0,0,0,0,0,0,0,0,0,0,0
C:\Users\ehsra\Documents\GitHub\WMVxTOPNG\ModelsTree\World\KHAZMODAN\IRONFORGE\PASSIVEDOODADS\Trees,68,0,0,0,0,24,0,0,0,0,22,0,0,22,0,0,0,0,0,0,0,0,0,0,0,0
C:\Users\ehsra\Documents\GitHub\WMVxTOPNG\ModelsTree\World\KHAZMODAN\LOCHMODAN,0,1,0,0,0,0,0,0,0,0,0,0,0,0,0,0,0,0,0,0,0,0,0,0,0,0
C:\Users\ehsra\Documents\GitHub\WMVxTOPNG\ModelsTree\World\KHAZMODAN\LOCHMODAN\PASSIVEDOODADS,0,7,0,0,0,0,0,0,0,0,0,0,0,0,0,0,0,0,0,0,0,0,0,0,0,0
C:\Users\ehsra\Documents\GitHub\WMVxTOPNG\ModelsTree\World\KHAZMODAN\LOCHMODAN\PASSIVEDOODADS\Bushes,16,0,0,0,0,4,0,0,0,0,6,0,0,6,0,0,0,0,0,0,0,0,0,0,0,0
C:\Users\ehsra\Documents\GitHub\WMVxTOPNG\ModelsTree\World\KHAZMODAN\LOCHMODAN\PASSIVEDOODADS\DAM,3,0,0,0,0,1,0,0,0,0,1,0,0,1,0,0,0,0,0,0,0,0,0,0,0,0
C:\Users\ehsra\Documents\GitHub\WMVxTOPNG\ModelsTree\World\KHAZMODAN\LOCHMODAN\PASSIVEDOODADS\Fences,17,0,0,0,0,1,0,0,0,0,8,0,0,8,0,0,0,0,0,0,0,0,0,0,0,0
C:\Users\ehsra\Documents\GitHub\WMVxTOPNG\ModelsTree\World\KHAZMODAN\LOCHMODAN\PASSIVEDOODADS\Grass,9,0,0,0,0,1,0,0,0,0,4,0,0,4,0,0,0,0,0,0,0,0,0,0,0,0
C:\Users\ehsra\Documents\GitHub\WMVxTOPNG\ModelsTree\World\KHAZMODAN\LOCHMODAN\PASSIVEDOODADS\Logs,2,0,0,0,0,0,0,0,0,0,1,0,0,1,0,0,0,0,0,0,0,0,0,0,0,0
C:\Users\ehsra\Documents\GitHub\WMVxTOPNG\ModelsTree\World\KHAZMODAN\LOCHMODAN\PASSIVEDOODADS\TitanRuins,33,0,0,0,0,3,0,0,0,0,15,0,0,15,0,0,0,0,0,0,0,0,0,0,0,0
C:\Users\ehsra\Documents\GitHub\WMVxTOPNG\ModelsTree\World\KHAZMODAN\LOCHMODAN\PASSIVEDOODADS\Trees,44,0,0,0,0,12,0,0,0,0,16,0,0,16,0,0,0,0,0,0,0,0,0,0,0,0
C:\Users\ehsra\Documents\GitHub\WMVxTOPNG\ModelsTree\World\KHAZMODAN\ULDAMAN,0,2,0,0,0,0,0,0,0,0,0,0,0,0,0,0,0,0,0,0,0,0,0,0,0,0
C:\Users\ehsra\Documents\GitHub\WMVxTOPNG\ModelsTree\World\KHAZMODAN\ULDAMAN\ActiveDoodads,0,1,0,0,0,0,0,0,0,0,0,0,0,0,0,0,0,0,0,0,0,0,0,0,0,0
C:\Users\ehsra\Documents\GitHub\WMVxTOPNG\ModelsTree\World\KHAZMODAN\ULDAMAN\ActiveDoodads\Altar,3,0,0,0,0,1,0,0,0,0,1,0,0,1,0,0,0,0,0,0,0,0,0,0,0,0
C:\Users\ehsra\Documents\GitHub\WMVxTOPNG\ModelsTree\World\KHAZMODAN\ULDAMAN\PASSIVEDOODADS,0,17,0,0,0,0,0,0,0,0,0,0,0,0,0,0,0,0,0,0,0,0,0,0,0,0
C:\Users\ehsra\Documents\GitHub\WMVxTOPNG\ModelsTree\World\KHAZMODAN\ULDAMAN\PASSIVEDOODADS\Banners,10,0,0,0,0,2,0,0,0,0,4,0,0,4,0,0,0,0,0,0,0,0,0,0,0,0
C:\Users\ehsra\Documents\GitHub\WMVxTOPNG\ModelsTree\World\KHAZMODAN\ULDAMAN\PASSIVEDOODADS\Benches,14,0,0,0,0,4,0,0,0,0,5,0,0,5,0,0,0,0,0,0,0,0,0,0,0,0
C:\Users\ehsra\Documents\GitHub\WMVxTOPNG\ModelsTree\World\KHAZMODAN\ULDAMAN\PASSIVEDOODADS\BOOKS,12,0,0,0,0,2,0,0,0,0,5,0,0,5,0,0,0,0,0,0,0,0,0,0,0,0
C:\Users\ehsra\Documents\GitHub\WMVxTOPNG\ModelsTree\World\KHAZMODAN\ULDAMAN\PASSIVEDOODADS\Bookshelves,10,0,0,0,0,2,0,0,0,0,4,0,0,4,0,0,0,0,0,0,0,0,0,0,0,0
C:\Users\ehsra\Documents\GitHub\WMVxTOPNG\ModelsTree\World\KHAZMODAN\ULDAMAN\PASSIVEDOODADS\Braziers,5,0,0,0,0,1,0,0,0,0,2,0,0,2,0,0,0,0,0,0,0,0,0,0,0,0
C:\Users\ehsra\Documents\GitHub\WMVxTOPNG\ModelsTree\World\KHAZMODAN\ULDAMAN\PASSIVEDOODADS\Debris,6,0,0,0,0,0,0,0,0,0,3,0,0,3,0,0,0,0,0,0,0,0,0,0,0,0
C:\Users\ehsra\Documents\GitHub\WMVxTOPNG\ModelsTree\World\KHAZMODAN\ULDAMAN\PASSIVEDOODADS\Lamps,20,0,0,0,0,2,0,0,0,0,9,0,0,9,0,0,0,0,0,0,0,0,0,0,0,0
C:\Users\ehsra\Documents\GitHub\WMVxTOPNG\ModelsTree\World\KHAZMODAN\ULDAMAN\PASSIVEDOODADS\Paintings,10,0,0,0,0,2,0,0,0,0,4,0,0,4,0,0,0,0,0,0,0,0,0,0,0,0
C:\Users\ehsra\Documents\GitHub\WMVxTOPNG\ModelsTree\World\KHAZMODAN\ULDAMAN\PASSIVEDOODADS\PlatinumDisk,3,0,0,0,0,1,0,0,0,0,1,0,0,1,0,0,0,0,0,0,0,0,0,0,0,0
C:\Users\ehsra\Documents\GitHub\WMVxTOPNG\ModelsTree\World\KHAZMODAN\ULDAMAN\PASSIVEDOODADS\Pots,13,0,0,0,0,1,0,0,0,0,6,0,0,6,0,0,0,0,0,0,0,0,0,0,0,0
C:\Users\ehsra\Documents\GitHub\WMVxTOPNG\ModelsTree\World\KHAZMODAN\ULDAMAN\PASSIVEDOODADS\Scrolls,8,0,0,0,0,0,0,0,0,0,4,0,0,4,0,0,0,0,0,0,0,0,0,0,0,0
C:\Users\ehsra\Documents\GitHub\WMVxTOPNG\ModelsTree\World\KHAZMODAN\ULDAMAN\PASSIVEDOODADS\Signs,5,0,0,0,0,1,0,0,0,0,2,0,0,2,0,0,0,0,0,0,0,0,0,0,0,0
C:\Users\ehsra\Documents\GitHub\WMVxTOPNG\ModelsTree\World\KHAZMODAN\ULDAMAN\PASSIVEDOODADS\Statues,19,0,0,0,0,5,0,0,0,0,7,0,0,7,0,0,0,0,0,0,0,0,0,0,0,0
C:\Users\ehsra\Documents\GitHub\WMVxTOPNG\ModelsTree\World\KHAZMODAN\ULDAMAN\PASSIVEDOODADS\StoneKeeper,4,0,0,0,0,2,0,0,0,0,1,0,0,1,0,0,0,0,0,0,0,0,0,0,0,0
C:\Users\ehsra\Documents\GitHub\WMVxTOPNG\ModelsTree\World\KHAZMODAN\ULDAMAN\PASSIVEDOODADS\Tables,10,0,0,0,0,2,0,0,0,0,4,0,0,4,0,0,0,0,0,0,0,0,0,0,0,0
C:\Users\ehsra\Documents\GitHub\WMVxTOPNG\ModelsTree\World\KHAZMODAN\ULDAMAN\PASSIVEDOODADS\Tapestries,12,0,0,0,0,4,0,0,0,0,4,0,0,4,0,0,0,0,0,0,0,0,0,0,0,0
C:\Users\ehsra\Documents\GitHub\WMVxTOPNG\ModelsTree\World\KHAZMODAN\ULDAMAN\PASSIVEDOODADS\TitanStatues,11,0,0,0,0,5,0,0,0,0,3,0,0,3,0,0,0,0,0,0,0,0,0,0,0,0
C:\Users\ehsra\Documents\GitHub\WMVxTOPNG\ModelsTree\World\KHAZMODAN\WETLANDS,0,1,0,0,0,0,0,0,0,0,0,0,0,0,0,0,0,0,0,0,0,0,0,0,0,0
C:\Users\ehsra\Documents\GitHub\WMVxTOPNG\ModelsTree\World\KHAZMODAN\WETLANDS\PASSIVEDOODADS,0,10,0,0,0,0,0,0,0,0,0,0,0,0,0,0,0,0,0,0,0,0,0,0,0,0
C:\Users\ehsra\Documents\GitHub\WMVxTOPNG\ModelsTree\World\KHAZMODAN\WETLANDS\PASSIVEDOODADS\BLACKROCKBANNERS,4,0,0,0,0,2,0,0,0,0,1,0,0,1,0,0,0,0,0,0,0,0,0,0,0,0
C:\Users\ehsra\Documents\GitHub\WMVxTOPNG\ModelsTree\World\KHAZMODAN\WETLANDS\PASSIVEDOODADS\BUSHES,48,0,0,0,0,8,0,0,0,0,20,0,0,20,0,0,0,0,0,0,0,0,0,0,0,0
C:\Users\ehsra\Documents\GitHub\WMVxTOPNG\ModelsTree\World\KHAZMODAN\WETLANDS\PASSIVEDOODADS\DragonBones,16,0,0,0,0,0,0,0,0,0,8,0,0,8,0,0,0,0,0,0,0,0,0,0,0,0
C:\Users\ehsra\Documents\GitHub\WMVxTOPNG\ModelsTree\World\KHAZMODAN\WETLANDS\PASSIVEDOODADS\DragonEggs,6,0,0,0,0,2,0,0,0,0,2,0,0,2,0,0,0,0,0,0,0,0,0,0,0,0
C:\Users\ehsra\Documents\GitHub\WMVxTOPNG\ModelsTree\World\KHAZMODAN\WETLANDS\PASSIVEDOODADS\DragonMawGates,11,0,0,0,0,5,0,0,0,0,3,0,0,3,0,0,0,0,0,0,0,0,0,0,0,0
C:\Users\ehsra\Documents\GitHub\WMVxTOPNG\ModelsTree\World\KHAZMODAN\WETLANDS\PASSIVEDOODADS\DwarfBones,4,0,0,0,0,0,0,0,0,0,2,0,0,2,0,0,0,0,0,0,0,0,0,0,0,0
C:\Users\ehsra\Documents\GitHub\WMVxTOPNG\ModelsTree\World\KHAZMODAN\WETLANDS\PASSIVEDOODADS\RaptorBones,2,0,0,0,0,0,0,0,0,0,1,0,0,1,0,0,0,0,0,0,0,0,0,0,0,0
C:\Users\ehsra\Documents\GitHub\WMVxTOPNG\ModelsTree\World\KHAZMODAN\WETLANDS\PASSIVEDOODADS\Totem,6,0,0,0,0,2,0,0,0,0,2,0,0,2,0,0,0,0,0,0,0,0,0,0,0,0
C:\Users\ehsra\Documents\GitHub\WMVxTOPNG\ModelsTree\World\KHAZMODAN\WETLANDS\PASSIVEDOODADS\Trees,35,0,0,0,0,11,0,0,0,0,12,0,0,12,0,0,0,0,0,0,0,0,0,0,0,0
C:\Users\ehsra\Documents\GitHub\WMVxTOPNG\ModelsTree\World\KHAZMODAN\WETLANDS\PASSIVEDOODADS\WETLANDSWAGONS,11,0,0,0,0,3,0,0,0,0,4,0,0,4,0,0,0,0,0,0,0,0,0,0,0,0
C:\Users\ehsra\Documents\GitHub\WMVxTOPNG\ModelsTree\World\LORDAERON,0,9,0,0,0,0,0,0,0,0,0,0,0,0,0,0,0,0,0,0,0,0,0,0,0,0
C:\Users\ehsra\Documents\GitHub\WMVxTOPNG\ModelsTree\World\LORDAERON\AeriePeaks,0,1,0,0,0,0,0,0,0,0,0,0,0,0,0,0,0,0,0,0,0,0,0,0,0,0
C:\Users\ehsra\Documents\GitHub\WMVxTOPNG\ModelsTree\World\LORDAERON\AeriePeaks\PassiveDoodads,0,5,0,0,0,0,0,0,0,0,0,0,0,0,0,0,0,0,0,0,0,0,0,0,0,0
C:\Users\ehsra\Documents\GitHub\WMVxTOPNG\ModelsTree\World\LORDAERON\AeriePeaks\PassiveDoodads\Boulders,11,0,0,0,0,3,0,0,0,0,4,0,0,4,0,0,0,0,0,0,0,0,0,0,0,0
C:\Users\ehsra\Documents\GitHub\WMVxTOPNG\ModelsTree\World\LORDAERON\AeriePeaks\PassiveDoodads\Bushes,6,0,0,0,0,2,0,0,0,0,2,0,0,2,0,0,0,0,0,0,0,0,0,0,0,0
C:\Users\ehsra\Documents\GitHub\WMVxTOPNG\ModelsTree\World\LORDAERON\AeriePeaks\PassiveDoodads\Cliff,3,0,0,0,0,1,0,0,0,0,1,0,0,1,0,0,0,0,0,0,0,0,0,0,0,0
C:\Users\ehsra\Documents\GitHub\WMVxTOPNG\ModelsTree\World\LORDAERON\AeriePeaks\PassiveDoodads\GriffonDoodads,16,0,0,0,0,2,0,0,0,0,7,0,0,7,0,0,0,0,0,0,0,0,0,0,0,0
C:\Users\ehsra\Documents\GitHub\WMVxTOPNG\ModelsTree\World\LORDAERON\AeriePeaks\PassiveDoodads\Trees,20,0,0,0,0,4,0,0,0,0,8,0,0,8,0,0,0,0,0,0,0,0,0,0,0,0
C:\Users\ehsra\Documents\GitHub\WMVxTOPNG\ModelsTree\World\LORDAERON\ALTERACMOUNTAINS,0,1,0,0,0,0,0,0,0,0,0,0,0,0,0,0,0,0,0,0,0,0,0,0,0,0
C:\Users\ehsra\Documents\GitHub\WMVxTOPNG\ModelsTree\World\LORDAERON\ALTERACMOUNTAINS\PASSIVEDOODADS,0,8,0,0,0,0,0,0,0,0,0,0,0,0,0,0,0,0,0,0,0,0,0,0,0,0
C:\Users\ehsra\Documents\GitHub\WMVxTOPNG\ModelsTree\World\LORDAERON\ALTERACMOUNTAINS\PASSIVEDOODADS\Bushes,9,0,0,0,0,3,0,0,0,0,3,0,0,3,0,0,0,0,0,0,0,0,0,0,0,0
C:\Users\ehsra\Documents\GitHub\WMVxTOPNG\ModelsTree\World\LORDAERON\ALTERACMOUNTAINS\PASSIVEDOODADS\DALARAN,5,0,0,0,0,3,0,0,0,0,1,0,0,1,0,0,0,0,0,0,0,0,0,0,0,0
C:\Users\ehsra\Documents\GitHub\WMVxTOPNG\ModelsTree\World\LORDAERON\ALTERACMOUNTAINS\PASSIVEDOODADS\FRUITBUCKETS,9,0,0,0,0,1,0,0,0,0,4,0,0,4,0,0,0,0,0,0,0,0,0,0,0,0
C:\Users\ehsra\Documents\GitHub\WMVxTOPNG\ModelsTree\World\LORDAERON\ALTERACMOUNTAINS\PASSIVEDOODADS\Ladders,2,0,0,0,0,0,0,0,0,0,1,0,0,1,0,0,0,0,0,0,0,0,0,0,0,0
C:\Users\ehsra\Documents\GitHub\WMVxTOPNG\ModelsTree\World\LORDAERON\ALTERACMOUNTAINS\PASSIVEDOODADS\OpenGraves,3,0,0,0,0,1,0,0,0,0,1,0,0,1,0,0,0,0,0,0,0,0,0,0,0,0
C:\Users\ehsra\Documents\GitHub\WMVxTOPNG\ModelsTree\World\LORDAERON\ALTERACMOUNTAINS\PASSIVEDOODADS\Rocks,11,0,0,0,0,1,0,0,0,0,5,0,0,5,0,0,0,0,0,0,0,0,0,0,0,0
C:\Users\ehsra\Documents\GitHub\WMVxTOPNG\ModelsTree\World\LORDAERON\ALTERACMOUNTAINS\PASSIVEDOODADS\Trees,26,0,0,0,0,10,0,0,0,0,8,0,0,8,0,0,0,0,0,0,0,0,0,0,0,0
C:\Users\ehsra\Documents\GitHub\WMVxTOPNG\ModelsTree\World\LORDAERON\ALTERACMOUNTAINS\PASSIVEDOODADS\WaterTower,2,0,0,0,0,0,0,0,0,0,1,0,0,1,0,0,0,0,0,0,0,0,0,0,0,0
C:\Users\ehsra\Documents\GitHub\WMVxTOPNG\ModelsTree\World\LORDAERON\Arathi,0,2,0,0,0,0,0,0,0,0,0,0,0,0,0,0,0,0,0,0,0,0,0,0,0,0
C:\Users\ehsra\Documents\GitHub\WMVxTOPNG\ModelsTree\World\LORDAERON\Arathi\ActiveDoodads,0,1,0,0,0,0,0,0,0,0,0,0,0,0,0,0,0,0,0,0,0,0,0,0,0,0
C:\Users\ehsra\Documents\GitHub\WMVxTOPNG\ModelsTree\World\LORDAERON\Arathi\ActiveDoodads\BrambleStaff,5,0,0,0,0,3,0,0,0,0,1,0,0,1,0,0,0,0,0,0,0,0,0,0,0,0
C:\Users\ehsra\Documents\GitHub\WMVxTOPNG\ModelsTree\World\LORDAERON\Arathi\PassiveDoodads,0,7,0,0,0,0,0,0,0,0,0,0,0,0,0,0,0,0,0,0,0,0,0,0,0,0
C:\Users\ehsra\Documents\GitHub\WMVxTOPNG\ModelsTree\World\LORDAERON\Arathi\PassiveDoodads\Boardwalk,8,0,0,0,0,0,0,0,0,0,4,0,0,4,0,0,0,0,0,0,0,0,0,0,0,0
C:\Users\ehsra\Documents\GitHub\WMVxTOPNG\ModelsTree\World\LORDAERON\Arathi\PassiveDoodads\bushes,19,0,0,0,0,7,0,0,0,0,6,0,0,6,0,0,0,0,0,0,0,0,0,0,0,0
C:\Users\ehsra\Documents\GitHub\WMVxTOPNG\ModelsTree\World\LORDAERON\Arathi\PassiveDoodads\FarmHouses,5,0,0,0,0,1,0,0,0,0,2,0,0,2,0,0,0,0,0,0,0,0,0,0,0,0
C:\Users\ehsra\Documents\GitHub\WMVxTOPNG\ModelsTree\World\LORDAERON\Arathi\PassiveDoodads\ImpalingStoneCorpses,5,0,0,0,0,1,0,0,0,0,2,0,0,2,0,0,0,0,0,0,0,0,0,0,0,0
C:\Users\ehsra\Documents\GitHub\WMVxTOPNG\ModelsTree\World\LORDAERON\Arathi\PassiveDoodads\ImpalingStones,3,0,0,0,0,1,0,0,0,0,1,0,0,1,0,0,0,0,0,0,0,0,0,0,0,0
C:\Users\ehsra\Documents\GitHub\WMVxTOPNG\ModelsTree\World\LORDAERON\Arathi\PassiveDoodads\Rocks,34,0,0,0,0,4,0,0,0,0,15,0,0,15,0,0,0,0,0,0,0,0,0,0,0,0
C:\Users\ehsra\Documents\GitHub\WMVxTOPNG\ModelsTree\World\LORDAERON\Arathi\PassiveDoodads\Trees,38,0,0,0,0,14,0,0,0,0,12,0,0,12,0,0,0,0,0,0,0,0,0,0,0,0
C:\Users\ehsra\Documents\GitHub\WMVxTOPNG\ModelsTree\World\LORDAERON\PLAGUELAND,0,2,0,0,0,0,0,0,0,0,0,0,0,0,0,0,0,0,0,0,0,0,0,0,0,0
C:\Users\ehsra\Documents\GitHub\WMVxTOPNG\ModelsTree\World\LORDAERON\PLAGUELAND\ActiveDoodads,0,3,0,0,0,0,0,0,0,0,0,0,0,0,0,0,0,0,0,0,0,0,0,0,0,0
C:\Users\ehsra\Documents\GitHub\WMVxTOPNG\ModelsTree\World\LORDAERON\PLAGUELAND\ActiveDoodads\Dolly,10,0,0,0,0,2,0,0,0,0,4,0,0,4,0,0,0,0,0,0,0,0,0,0,0,0
C:\Users\ehsra\Documents\GitHub\WMVxTOPNG\ModelsTree\World\LORDAERON\PLAGUELAND\ActiveDoodads\Outhouse,2,0,0,0,0,0,0,0,0,0,1,0,0,1,0,0,0,0,0,0,0,0,0,0,0,0
C:\Users\ehsra\Documents\GitHub\WMVxTOPNG\ModelsTree\World\LORDAERON\PLAGUELAND\ActiveDoodads\PVPFlags,2,0,0,0,0,0,0,0,0,0,1,0,0,1,0,0,0,0,0,0,0,0,0,0,0,0
C:\Users\ehsra\Documents\GitHub\WMVxTOPNG\ModelsTree\World\LORDAERON\PLAGUELAND\PASSIVEDOODADS,0,18,0,0,0,0,0,0,0,0,0,0,0,0,0,0,0,0,0,0,0,0,0,0,0,0
C:\Users\ehsra\Documents\GitHub\WMVxTOPNG\ModelsTree\World\LORDAERON\PLAGUELAND\PASSIVEDOODADS\ArcOfTriumph,3,0,0,0,0,1,0,0,0,0,1,0,0,1,0,0,0,0,0,0,0,0,0,0,0,0
C:\Users\ehsra\Documents\GitHub\WMVxTOPNG\ModelsTree\World\LORDAERON\PLAGUELAND\PASSIVEDOODADS\BANNERS,4,0,0,0,0,2,0,0,0,0,1,0,0,1,0,0,0,0,0,0,0,0,0,0,0,0
C:\Users\ehsra\Documents\GitHub\WMVxTOPNG\ModelsTree\World\LORDAERON\PLAGUELAND\PASSIVEDOODADS\BloodOfHeroes,3,0,0,0,0,1,0,0,0,0,1,0,0,1,0,0,0,0,0,0,0,0,0,0,0,0
C:\Users\ehsra\Documents\GitHub\WMVxTOPNG\ModelsTree\World\LORDAERON\PLAGUELAND\PASSIVEDOODADS\BoneSpikes,6,0,0,0,0,0,0,0,0,0,3,0,0,3,0,0,0,0,0,0,0,0,0,0,0,0
C:\Users\ehsra\Documents\GitHub\WMVxTOPNG\ModelsTree\World\LORDAERON\PLAGUELAND\PASSIVEDOODADS\BoneWalls,2,0,0,0,0,0,0,0,0,0,1,0,0,1,0,0,0,0,0,0,0,0,0,0,0,0
C:\Users\ehsra\Documents\GitHub\WMVxTOPNG\ModelsTree\World\LORDAERON\PLAGUELAND\PASSIVEDOODADS\Bushes,12,0,0,0,0,4,0,0,0,0,4,0,0,4,0,0,0,0,0,0,0,0,0,0,0,0
C:\Users\ehsra\Documents\GitHub\WMVxTOPNG\ModelsTree\World\LORDAERON\PLAGUELAND\PASSIVEDOODADS\CAGES,9,0,0,0,0,3,0,0,0,0,3,0,0,3,0,0,0,0,0,0,0,0,0,0,0,0
C:\Users\ehsra\Documents\GitHub\WMVxTOPNG\ModelsTree\World\LORDAERON\PLAGUELAND\PASSIVEDOODADS\ForsakenBanner,3,0,0,0,0,1,0,0,0,0,1,0,0,1,0,0,0,0,0,0,0,0,0,0,0,0
C:\Users\ehsra\Documents\GitHub\WMVxTOPNG\ModelsTree\World\LORDAERON\PLAGUELAND\PASSIVEDOODADS\HangingScourge,6,0,0,0,0,2,0,0,0,0,2,0,0,2,0,0,0,0,0,0,0,0,0,0,0,0
C:\Users\ehsra\Documents\GitHub\WMVxTOPNG\ModelsTree\World\LORDAERON\PLAGUELAND\PASSIVEDOODADS\HAYSTACKS,3,0,0,0,0,1,0,0,0,0,1,0,0,1,0,0,0,0,0,0,0,0,0,0,0,0
C:\Users\ehsra\Documents\GitHub\WMVxTOPNG\ModelsTree\World\LORDAERON\PLAGUELAND\PASSIVEDOODADS\PLAGUECAULDRON,4,0,0,0,0,2,0,0,0,0,1,0,0,1,0,0,0,0,0,0,0,0,0,0,0,0
C:\Users\ehsra\Documents\GitHub\WMVxTOPNG\ModelsTree\World\LORDAERON\PLAGUELAND\PASSIVEDOODADS\PlaguedChariot,3,0,0,0,0,1,0,0,0,0,1,0,0,1,0,0,0,0,0,0,0,0,0,0,0,0
C:\Users\ehsra\Documents\GitHub\WMVxTOPNG\ModelsTree\World\LORDAERON\PLAGUELAND\PASSIVEDOODADS\PlaguedWagons,4,0,0,0,0,0,0,0,0,0,2,0,0,2,0,0,0,0,0,0,0,0,0,0,0,0
C:\Users\ehsra\Documents\GitHub\WMVxTOPNG\ModelsTree\World\LORDAERON\PLAGUELAND\PASSIVEDOODADS\plants,22,0,0,0,0,6,0,0,0,0,8,0,0,8,0,0,0,0,0,0,0,0,0,0,0,0
C:\Users\ehsra\Documents\GitHub\WMVxTOPNG\ModelsTree\World\LORDAERON\PLAGUELAND\PASSIVEDOODADS\rocks,19,0,0,0,0,3,0,0,0,0,8,0,0,8,0,0,0,0,0,0,0,0,0,0,0,0
C:\Users\ehsra\Documents\GitHub\WMVxTOPNG\ModelsTree\World\LORDAERON\PLAGUELAND\PASSIVEDOODADS\TreeBarrier,2,0,0,0,0,0,0,0,0,0,1,0,0,1,0,0,0,0,0,0,0,0,0,0,0,0
C:\Users\ehsra\Documents\GitHub\WMVxTOPNG\ModelsTree\World\LORDAERON\PLAGUELAND\PASSIVEDOODADS\TREES,70,0,0,0,0,26,0,0,0,0,22,0,0,22,0,0,0,0,0,0,0,0,0,0,0,0
C:\Users\ehsra\Documents\GitHub\WMVxTOPNG\ModelsTree\World\LORDAERON\PLAGUELAND\PASSIVEDOODADS\Walls,3,0,0,0,0,1,0,0,0,0,1,0,0,1,0,0,0,0,0,0,0,0,0,0,0,0
C:\Users\ehsra\Documents\GitHub\WMVxTOPNG\ModelsTree\World\LORDAERON\SCHOLOMANCE,0,1,0,0,0,0,0,0,0,0,0,0,0,0,0,0,0,0,0,0,0,0,0,0,0,0
C:\Users\ehsra\Documents\GitHub\WMVxTOPNG\ModelsTree\World\LORDAERON\SCHOLOMANCE\PASSIVEDOODADS,0,13,0,0,0,0,0,0,0,0,0,0,0,0,0,0,0,0,0,0,0,0,0,0,0,0
C:\Users\ehsra\Documents\GitHub\WMVxTOPNG\ModelsTree\World\LORDAERON\SCHOLOMANCE\PASSIVEDOODADS\BOOKSHELVES,10,0,0,0,0,4,0,0,0,0,3,0,0,3,0,0,0,0,0,0,0,0,0,0,0,0
C:\Users\ehsra\Documents\GitHub\WMVxTOPNG\ModelsTree\World\LORDAERON\SCHOLOMANCE\PASSIVEDOODADS\BRAZIER,10,0,0,0,0,4,0,0,0,0,3,0,0,3,0,0,0,0,0,0,0,0,0,0,0,0
C:\Users\ehsra\Documents\GitHub\WMVxTOPNG\ModelsTree\World\LORDAERON\SCHOLOMANCE\PASSIVEDOODADS\CANDLES,87,0,0,0,0,14,0,0,0,0,20,0,0,53,0,0,0,0,0,0,0,0,0,0,0,0
C:\Users\ehsra\Documents\GitHub\WMVxTOPNG\ModelsTree\World\LORDAERON\SCHOLOMANCE\PASSIVEDOODADS\CAULDRONS,10,0,0,0,0,4,0,0,0,0,3,0,0,3,0,0,0,0,0,0,0,0,0,0,0,0
C:\Users\ehsra\Documents\GitHub\WMVxTOPNG\ModelsTree\World\LORDAERON\SCHOLOMANCE\PASSIVEDOODADS\Chandelier,4,0,0,0,0,2,0,0,0,0,1,0,0,1,0,0,0,0,0,0,0,0,0,0,0,0
C:\Users\ehsra\Documents\GitHub\WMVxTOPNG\ModelsTree\World\LORDAERON\SCHOLOMANCE\PASSIVEDOODADS\CRYSTALBALL,4,0,0,0,0,2,0,0,0,0,1,0,0,1,0,0,0,0,0,0,0,0,0,0,0,0
C:\Users\ehsra\Documents\GitHub\WMVxTOPNG\ModelsTree\World\LORDAERON\SCHOLOMANCE\PASSIVEDOODADS\diseasedpumpkin,3,0,0,0,0,1,0,0,0,0,1,0,0,1,0,0,0,0,0,0,0,0,0,0,0,0
C:\Users\ehsra\Documents\GitHub\WMVxTOPNG\ModelsTree\World\LORDAERON\SCHOLOMANCE\PASSIVEDOODADS\OperationTables,3,0,0,0,0,1,0,0,0,0,1,0,0,1,0,0,0,0,0,0,0,0,0,0,0,0
C:\Users\ehsra\Documents\GitHub\WMVxTOPNG\ModelsTree\World\LORDAERON\SCHOLOMANCE\PASSIVEDOODADS\Rugs,3,0,0,0,0,1,0,0,0,0,1,0,0,1,0,0,0,0,0,0,0,0,0,0,0,0
C:\Users\ehsra\Documents\GitHub\WMVxTOPNG\ModelsTree\World\LORDAERON\SCHOLOMANCE\PASSIVEDOODADS\Smoke,2,0,0,0,0,0,0,0,0,0,1,0,0,1,0,0,0,0,0,0,0,0,0,0,0,0
C:\Users\ehsra\Documents\GitHub\WMVxTOPNG\ModelsTree\World\LORDAERON\SCHOLOMANCE\PASSIVEDOODADS\StoneLogo,3,0,0,0,0,1,0,0,0,0,1,0,0,1,0,0,0,0,0,0,0,0,0,0,0,0
C:\Users\ehsra\Documents\GitHub\WMVxTOPNG\ModelsTree\World\LORDAERON\SCHOLOMANCE\PASSIVEDOODADS\Tapestries,14,0,0,0,0,4,0,0,0,0,5,0,0,5,0,0,0,0,0,0,0,0,0,0,0,0
C:\Users\ehsra\Documents\GitHub\WMVxTOPNG\ModelsTree\World\LORDAERON\SCHOLOMANCE\PASSIVEDOODADS\TestingTubes,8,0,0,0,0,2,0,0,0,0,3,0,0,3,0,0,0,0,0,0,0,0,0,0,0,0
C:\Users\ehsra\Documents\GitHub\WMVxTOPNG\ModelsTree\World\LORDAERON\SILVERMOON,0,1,0,0,0,0,0,0,0,0,0,0,0,0,0,0,0,0,0,0,0,0,0,0,0,0
C:\Users\ehsra\Documents\GitHub\WMVxTOPNG\ModelsTree\World\LORDAERON\SILVERMOON\PASSIVEDOODADS,0,1,0,0,0,0,0,0,0,0,0,0,0,0,0,0,0,0,0,0,0,0,0,0,0,0
C:\Users\ehsra\Documents\GitHub\WMVxTOPNG\ModelsTree\World\LORDAERON\SILVERMOON\PASSIVEDOODADS\TREES,86,0,0,0,0,12,0,0,0,0,37,0,0,37,0,0,0,0,0,0,0,0,0,0,0,0
C:\Users\ehsra\Documents\GitHub\WMVxTOPNG\ModelsTree\World\LORDAERON\SilverPine,0,1,0,0,0,0,0,0,0,0,0,0,0,0,0,0,0,0,0,0,0,0,0,0,0,0
C:\Users\ehsra\Documents\GitHub\WMVxTOPNG\ModelsTree\World\LORDAERON\SilverPine\PassiveDoodads,0,6,0,0,0,0,0,0,0,0,0,0,0,0,0,0,0,0,0,0,0,0,0,0,0,0
C:\Users\ehsra\Documents\GitHub\WMVxTOPNG\ModelsTree\World\LORDAERON\SilverPine\PassiveDoodads\Boardwalks,3,0,0,0,0,1,0,0,0,0,1,0,0,1,0,0,0,0,0,0,0,0,0,0,0,0
C:\Users\ehsra\Documents\GitHub\WMVxTOPNG\ModelsTree\World\LORDAERON\SilverPine\PassiveDoodads\bushes,9,0,0,0,0,3,0,0,0,0,3,0,0,3,0,0,0,0,0,0,0,0,0,0,0,0
C:\Users\ehsra\Documents\GitHub\WMVxTOPNG\ModelsTree\World\LORDAERON\SilverPine\PassiveDoodads\Docks,4,0,0,0,0,0,0,0,0,0,2,0,0,2,0,0,0,0,0,0,0,0,0,0,0,0
C:\Users\ehsra\Documents\GitHub\WMVxTOPNG\ModelsTree\World\LORDAERON\SilverPine\PassiveDoodads\ShadowfangGates,4,0,0,0,0,0,0,0,0,0,2,0,0,2,0,0,0,0,0,0,0,0,0,0,0,0
C:\Users\ehsra\Documents\GitHub\WMVxTOPNG\ModelsTree\World\LORDAERON\SilverPine\PassiveDoodads\Trees,14,0,0,0,0,2,0,0,0,0,6,0,0,6,0,0,0,0,0,0,0,0,0,0,0,0
C:\Users\ehsra\Documents\GitHub\WMVxTOPNG\ModelsTree\World\LORDAERON\SilverPine\PassiveDoodads\TreeStumps,4,0,0,0,0,0,0,0,0,0,2,0,0,2,0,0,0,0,0,0,0,0,0,0,0,0
C:\Users\ehsra\Documents\GitHub\WMVxTOPNG\ModelsTree\World\LORDAERON\STRATHOLME,0,2,0,0,0,0,0,0,0,0,0,0,0,0,0,0,0,0,0,0,0,0,0,0,0,0
C:\Users\ehsra\Documents\GitHub\WMVxTOPNG\ModelsTree\World\LORDAERON\STRATHOLME\ACTIVEDOODADS,0,6,0,0,0,0,0,0,0,0,0,0,0,0,0,0,0,0,0,0,0,0,0,0,0,0
C:\Users\ehsra\Documents\GitHub\WMVxTOPNG\ModelsTree\World\LORDAERON\STRATHOLME\ACTIVEDOODADS\DOORS,33,0,0,0,0,6,0,0,0,0,13,0,0,14,0,0,0,0,0,0,0,0,0,0,0,0
C:\Users\ehsra\Documents\GitHub\WMVxTOPNG\ModelsTree\World\LORDAERON\STRATHOLME\ACTIVEDOODADS\Furnace,2,0,0,0,0,0,0,0,0,0,1,0,0,1,0,0,0,0,0,0,0,0,0,0,0,0
C:\Users\ehsra\Documents\GitHub\WMVxTOPNG\ModelsTree\World\LORDAERON\STRATHOLME\ACTIVEDOODADS\Gates,3,0,0,0,0,1,0,0,0,0,1,0,0,1,0,0,0,0,0,0,0,0,0,0,0,0
C:\Users\ehsra\Documents\GitHub\WMVxTOPNG\ModelsTree\World\LORDAERON\STRATHOLME\ACTIVEDOODADS\PostboxDestroyed,4,0,0,0,0,2,0,0,0,0,1,0,0,1,0,0,0,0,0,0,0,0,0,0,0,0
C:\Users\ehsra\Documents\GitHub\WMVxTOPNG\ModelsTree\World\LORDAERON\STRATHOLME\ACTIVEDOODADS\SporeTrap,8,0,0,0,0,6,0,0,0,0,1,0,0,1,0,0,0,0,0,0,0,0,0,0,0,0
C:\Users\ehsra\Documents\GitHub\WMVxTOPNG\ModelsTree\World\LORDAERON\STRATHOLME\ACTIVEDOODADS\tesla,6,0,0,0,0,4,0,0,0,0,1,0,0,1,0,0,0,0,0,0,0,0,0,0,0,0
C:\Users\ehsra\Documents\GitHub\WMVxTOPNG\ModelsTree\World\LORDAERON\STRATHOLME\PASSIVEDOODADS,0,7,0,0,0,0,0,0,0,0,0,0,0,0,0,0,0,0,0,0,0,0,0,0,0,0
C:\Users\ehsra\Documents\GitHub\WMVxTOPNG\ModelsTree\World\LORDAERON\STRATHOLME\PASSIVEDOODADS\Anvil,3,0,0,0,0,1,0,0,0,0,1,0,0,1,0,0,0,0,0,0,0,0,0,0,0,0
C:\Users\ehsra\Documents\GitHub\WMVxTOPNG\ModelsTree\World\LORDAERON\STRATHOLME\PASSIVEDOODADS\FX,64,0,0,0,0,11,0,0,0,0,25,0,0,28,0,0,0,0,0,0,0,0,0,0,0,0
C:\Users\ehsra\Documents\GitHub\WMVxTOPNG\ModelsTree\World\LORDAERON\STRATHOLME\PASSIVEDOODADS\NaxxramasSlimeFalls,2,0,0,0,0,0,0,0,0,0,1,0,0,1,0,0,0,0,0,0,0,0,0,0,0,0
C:\Users\ehsra\Documents\GitHub\WMVxTOPNG\ModelsTree\World\LORDAERON\STRATHOLME\PASSIVEDOODADS\signs,8,0,0,0,0,2,0,0,0,0,3,0,0,3,0,0,0,0,0,0,0,0,0,0,0,0
C:\Users\ehsra\Documents\GitHub\WMVxTOPNG\ModelsTree\World\LORDAERON\STRATHOLME\PASSIVEDOODADS\throne,3,0,0,0,0,1,0,0,0,0,1,0,0,1,0,0,0,0,0,0,0,0,0,0,0,0
C:\Users\ehsra\Documents\GitHub\WMVxTOPNG\ModelsTree\World\LORDAERON\STRATHOLME\PASSIVEDOODADS\WEBS,13,0,0,0,0,1,0,0,0,0,6,0,0,6,0,0,0,0,0,0,0,0,0,0,0,0
C:\Users\ehsra\Documents\GitHub\WMVxTOPNG\ModelsTree\World\LORDAERON\STRATHOLME\PASSIVEDOODADS\Window,3,0,0,0,0,1,0,0,0,0,1,0,0,1,0,0,0,0,0,0,0,0,0,0,0,0
C:\Users\ehsra\Documents\GitHub\WMVxTOPNG\ModelsTree\World\LORDAERON\TIRISFALGLADE,0,1,0,0,0,0,0,0,0,0,0,0,0,0,0,0,0,0,0,0,0,0,0,0,0,0
C:\Users\ehsra\Documents\GitHub\WMVxTOPNG\ModelsTree\World\LORDAERON\TIRISFALGLADE\PASSIVEDOODADS,0,12,0,0,0,0,0,0,0,0,0,0,0,0,0,0,0,0,0,0,0,0,0,0,0,0
C:\Users\ehsra\Documents\GitHub\WMVxTOPNG\ModelsTree\World\LORDAERON\TIRISFALGLADE\PASSIVEDOODADS\ArcOfTriumph,3,0,0,0,0,1,0,0,0,0,1,0,0,1,0,0,0,0,0,0,0,0,0,0,0,0
C:\Users\ehsra\Documents\GitHub\WMVxTOPNG\ModelsTree\World\LORDAERON\TIRISFALGLADE\PASSIVEDOODADS\BARRICADE,7,0,0,0,0,5,0,0,0,0,1,0,0,1,0,0,0,0,0,0,0,0,0,0,0,0
C:\Users\ehsra\Documents\GitHub\WMVxTOPNG\ModelsTree\World\LORDAERON\TIRISFALGLADE\PASSIVEDOODADS\Boardwalk,4,0,0,0,0,0,0,0,0,0,2,0,0,2,0,0,0,0,0,0,0,0,0,0,0,0
C:\Users\ehsra\Documents\GitHub\WMVxTOPNG\ModelsTree\World\LORDAERON\TIRISFALGLADE\PASSIVEDOODADS\Bodies,14,0,0,0,0,4,0,0,0,0,5,0,0,5,0,0,0,0,0,0,0,0,0,0,0,0
C:\Users\ehsra\Documents\GitHub\WMVxTOPNG\ModelsTree\World\LORDAERON\TIRISFALGLADE\PASSIVEDOODADS\Bushes,8,0,0,0,0,2,0,0,0,0,3,0,0,3,0,0,0,0,0,0,0,0,0,0,0,0
C:\Users\ehsra\Documents\GitHub\WMVxTOPNG\ModelsTree\World\LORDAERON\TIRISFALGLADE\PASSIVEDOODADS\Doomweed,3,0,0,0,0,1,0,0,0,0,1,0,0,1,0,0,0,0,0,0,0,0,0,0,0,0
C:\Users\ehsra\Documents\GitHub\WMVxTOPNG\ModelsTree\World\LORDAERON\TIRISFALGLADE\PASSIVEDOODADS\Gloomweed,3,0,0,0,0,1,0,0,0,0,1,0,0,1,0,0,0,0,0,0,0,0,0,0,0,0
C:\Users\ehsra\Documents\GitHub\WMVxTOPNG\ModelsTree\World\LORDAERON\TIRISFALGLADE\PASSIVEDOODADS\GRAVES,19,0,0,0,0,3,0,0,0,0,8,0,0,8,0,0,0,0,0,0,0,0,0,0,0,0
C:\Users\ehsra\Documents\GitHub\WMVxTOPNG\ModelsTree\World\LORDAERON\TIRISFALGLADE\PASSIVEDOODADS\Outposts,15,0,0,0,0,1,0,0,0,0,7,0,0,7,0,0,0,0,0,0,0,0,0,0,0,0
C:\Users\ehsra\Documents\GitHub\WMVxTOPNG\ModelsTree\World\LORDAERON\TIRISFALGLADE\PASSIVEDOODADS\Trees,29,0,0,0,0,3,0,0,0,0,13,0,0,13,0,0,0,0,0,0,0,0,0,0,0,0
C:\Users\ehsra\Documents\GitHub\WMVxTOPNG\ModelsTree\World\LORDAERON\TIRISFALGLADE\PASSIVEDOODADS\UTHERSHRINE,6,0,0,0,0,4,0,0,0,0,1,0,0,1,0,0,0,0,0,0,0,0,0,0,0,0
C:\Users\ehsra\Documents\GitHub\WMVxTOPNG\ModelsTree\World\LORDAERON\TIRISFALGLADE\PASSIVEDOODADS\WINDMILL,7,0,0,0,0,5,0,0,0,0,1,0,0,1,0,0,0,0,0,0,0,0,0,0,0,0
C:\Users\ehsra\Documents\GitHub\WMVxTOPNG\ModelsTree\World\Maps,0,107,0,0,0,0,0,0,0,0,0,0,0,0,0,0,0,0,0,0,0,0,0,0,0,0
C:\Users\ehsra\Documents\GitHub\WMVxTOPNG\ModelsTree\World\Maps\AhnQiraj,42,0,40,0,0,0,0,0,0,0,0,0,0,0,0,0,0,0,0,1,1,0,0,0,0,0
C:\Users\ehsra\Documents\GitHub\WMVxTOPNG\ModelsTree\World\Maps\AhnQirajTemple,27,0,25,0,0,0,0,0,0,0,0,0,0,0,0,0,0,0,0,1,1,0,0,0,0,0
C:\Users\ehsra\Documents\GitHub\WMVxTOPNG\ModelsTree\World\Maps\AlliancePVPBarracks,2,0,0,0,0,0,0,0,0,0,0,0,0,0,0,0,0,0,0,1,1,0,0,0,0,0
C:\Users\ehsra\Documents\GitHub\WMVxTOPNG\ModelsTree\World\Maps\ArgentTournamentDungeon,18,0,16,0,0,0,0,0,0,0,0,0,0,0,0,0,0,0,0,1,1,0,0,0,0,0
C:\Users\ehsra\Documents\GitHub\WMVxTOPNG\ModelsTree\World\Maps\ArgentTournamentRaid,27,0,25,0,0,0,0,0,0,0,0,0,0,0,0,0,0,0,0,1,1,0,0,0,0,0
C:\Users\ehsra\Documents\GitHub\WMVxTOPNG\ModelsTree\World\Maps\AuchindounDemon,2,0,0,0,0,0,0,0,0,0,0,0,0,0,0,0,0,0,0,1,1,0,0,0,0,0
C:\Users\ehsra\Documents\GitHub\WMVxTOPNG\ModelsTree\World\Maps\AuchindounDraenei,2,0,0,0,0,0,0,0,0,0,0,0,0,0,0,0,0,0,0,1,1,0,0,0,0,0
C:\Users\ehsra\Documents\GitHub\WMVxTOPNG\ModelsTree\World\Maps\AuchindounEthereal,2,0,0,0,0,0,0,0,0,0,0,0,0,0,0,0,0,0,0,1,1,0,0,0,0,0
C:\Users\ehsra\Documents\GitHub\WMVxTOPNG\ModelsTree\World\Maps\AuchindounShadow,2,0,0,0,0,0,0,0,0,0,0,0,0,0,0,0,0,0,0,1,1,0,0,0,0,0
C:\Users\ehsra\Documents\GitHub\WMVxTOPNG\ModelsTree\World\Maps\Azeroth,690,0,687,0,0,0,0,0,0,0,0,0,1,0,0,0,0,0,0,1,1,0,0,0,0,0
C:\Users\ehsra\Documents\GitHub\WMVxTOPNG\ModelsTree\World\Maps\Azjol_LowerCity,51,0,49,0,0,0,0,0,0,0,0,0,0,0,0,0,0,0,0,1,1,0,0,0,0,0
C:\Users\ehsra\Documents\GitHub\WMVxTOPNG\ModelsTree\World\Maps\Azjol_Uppercity,18,0,16,0,0,0,0,0,0,0,0,0,0,0,0,0,0,0,0,1,1,0,0,0,0,0
C:\Users\ehsra\Documents\GitHub\WMVxTOPNG\ModelsTree\World\Maps\Blackfathom,2,0,0,0,0,0,0,0,0,0,0,0,0,0,0,0,0,0,0,1,1,0,0,0,0,0
C:\Users\ehsra\Documents\GitHub\WMVxTOPNG\ModelsTree\World\Maps\BlackrockDepths,2,0,0,0,0,0,0,0,0,0,0,0,0,0,0,0,0,0,0,1,1,0,0,0,0,0
C:\Users\ehsra\Documents\GitHub\WMVxTOPNG\ModelsTree\World\Maps\BlackRockSpire,2,0,0,0,0,0,0,0,0,0,0,0,0,0,0,0,0,0,0,1,1,0,0,0,0,0
C:\Users\ehsra\Documents\GitHub\WMVxTOPNG\ModelsTree\World\Maps\BlackTemple,32,0,30,0,0,0,0,0,0,0,0,0,0,0,0,0,0,0,0,1,1,0,0,0,0,0
C:\Users\ehsra\Documents\GitHub\WMVxTOPNG\ModelsTree\World\Maps\BlackwingLair,18,0,16,0,0,0,0,0,0,0,0,0,0,0,0,0,0,0,0,1,1,0,0,0,0,0
C:\Users\ehsra\Documents\GitHub\WMVxTOPNG\ModelsTree\World\Maps\bladesedgearena,11,0,9,0,0,0,0,0,0,0,0,0,0,0,0,0,0,0,0,1,1,0,0,0,0,0
C:\Users\ehsra\Documents\GitHub\WMVxTOPNG\ModelsTree\World\Maps\CavernsOfTime,41,0,39,0,0,0,0,0,0,0,0,0,0,0,0,0,0,0,0,1,1,0,0,0,0,0
C:\Users\ehsra\Documents\GitHub\WMVxTOPNG\ModelsTree\World\Maps\ChamberOfAspectsBlack,18,0,16,0,0,0,0,0,0,0,0,0,0,0,0,0,0,0,0,1,1,0,0,0,0,0
C:\Users\ehsra\Documents\GitHub\WMVxTOPNG\ModelsTree\World\Maps\ChamberofAspectsRed,18,0,16,0,0,0,0,0,0,0,0,0,0,0,0,0,0,0,0,1,1,0,0,0,0,0
C:\Users\ehsra\Documents\GitHub\WMVxTOPNG\ModelsTree\World\Maps\CoilfangDraenei,2,0,0,0,0,0,0,0,0,0,0,0,0,0,0,0,0,0,0,1,1,0,0,0,0,0
C:\Users\ehsra\Documents\GitHub\WMVxTOPNG\ModelsTree\World\Maps\CoilfangMarsh,2,0,0,0,0,0,0,0,0,0,0,0,0,0,0,0,0,0,0,1,1,0,0,0,0,0
C:\Users\ehsra\Documents\GitHub\WMVxTOPNG\ModelsTree\World\Maps\CoilfangPumping,2,0,0,0,0,0,0,0,0,0,0,0,0,0,0,0,0,0,0,1,1,0,0,0,0,0
C:\Users\ehsra\Documents\GitHub\WMVxTOPNG\ModelsTree\World\Maps\CoilfangRaid,2,0,0,0,0,0,0,0,0,0,0,0,0,0,0,0,0,0,0,1,1,0,0,0,0,0
C:\Users\ehsra\Documents\GitHub\WMVxTOPNG\ModelsTree\World\Maps\Collin,2,0,0,0,0,0,0,0,0,0,0,0,0,0,0,0,0,0,0,1,1,0,0,0,0,0
C:\Users\ehsra\Documents\GitHub\WMVxTOPNG\ModelsTree\World\Maps\CraigTest,2,0,0,0,0,0,0,0,0,0,0,0,0,0,0,0,0,0,0,1,1,0,0,0,0,0
C:\Users\ehsra\Documents\GitHub\WMVxTOPNG\ModelsTree\World\Maps\DalaranArena,11,0,9,0,0,0,0,0,0,0,0,0,0,0,0,0,0,0,0,1,1,0,0,0,0,0
C:\Users\ehsra\Documents\GitHub\WMVxTOPNG\ModelsTree\World\Maps\DalaranPrison,27,0,25,0,0,0,0,0,0,0,0,0,0,0,0,0,0,0,0,1,1,0,0,0,0,0
C:\Users\ehsra\Documents\GitHub\WMVxTOPNG\ModelsTree\World\Maps\DeadminesInstance,38,0,36,0,0,0,0,0,0,0,0,0,0,0,0,0,0,0,0,1,1,0,0,0,0,0
C:\Users\ehsra\Documents\GitHub\WMVxTOPNG\ModelsTree\World\Maps\DeathKnightStart,44,0,42,0,0,0,0,0,0,0,0,0,0,0,0,0,0,0,0,1,1,0,0,0,0,0
C:\Users\ehsra\Documents\GitHub\WMVxTOPNG\ModelsTree\World\Maps\DeeprunTram,2,0,0,0,0,0,0,0,0,0,0,0,0,0,0,0,0,0,0,1,1,0,0,0,0,0
C:\Users\ehsra\Documents\GitHub\WMVxTOPNG\ModelsTree\World\Maps\development,2,0,0,0,0,0,0,0,0,2,0,0,0,0,0,0,0,0,0,0,0,0,0,0,0,0
C:\Users\ehsra\Documents\GitHub\WMVxTOPNG\ModelsTree\World\Maps\development_nonweighted,11,0,9,0,0,0,0,0,0,0,0,0,0,0,0,0,0,0,0,1,1,0,0,0,0,0
C:\Users\ehsra\Documents\GitHub\WMVxTOPNG\ModelsTree\World\Maps\DireMaul,2,0,0,0,0,0,0,0,0,0,0,0,0,0,0,0,0,0,0,1,1,0,0,0,0,0
C:\Users\ehsra\Documents\GitHub\WMVxTOPNG\ModelsTree\World\Maps\DrakTheronKeep,27,0,25,0,0,0,0,0,0,0,0,0,0,0,0,0,0,0,0,1,1,0,0,0,0,0
C:\Users\ehsra\Documents\GitHub\WMVxTOPNG\ModelsTree\World\Maps\EmeraldDream,258,0,256,0,0,0,0,0,0,0,0,0,0,0,0,0,0,0,0,1,1,0,0,0,0,0
C:\Users\ehsra\Documents\GitHub\WMVxTOPNG\ModelsTree\World\Maps\Expansion01,806,0,800,0,0,0,0,0,0,0,0,0,0,0,4,0,0,0,0,1,1,0,0,0,0,0
C:\Users\ehsra\Documents\GitHub\WMVxTOPNG\ModelsTree\World\Maps\ExteriorTest,31,0,29,0,0,0,0,0,0,0,0,0,0,0,0,0,0,0,0,1,1,0,0,0,0,0
C:\Users\ehsra\Documents\GitHub\WMVxTOPNG\ModelsTree\World\Maps\GnomeragonInstance,2,0,0,0,0,0,0,0,0,0,0,0,0,0,0,0,0,0,0,1,1,0,0,0,0,0
C:\Users\ehsra\Documents\GitHub\WMVxTOPNG\ModelsTree\World\Maps\GruulsLair,2,0,0,0,0,0,0,0,0,0,0,0,0,0,0,0,0,0,0,1,1,0,0,0,0,0
C:\Users\ehsra\Documents\GitHub\WMVxTOPNG\ModelsTree\World\Maps\GunDrak,27,0,25,0,0,0,0,0,0,0,0,0,0,0,0,0,0,0,0,1,1,0,0,0,0,0
C:\Users\ehsra\Documents\GitHub\WMVxTOPNG\ModelsTree\World\Maps\HallsOfReflection,22,0,20,0,0,0,0,0,0,0,0,0,0,0,0,0,0,0,0,1,1,0,0,0,0,0
C:\Users\ehsra\Documents\GitHub\WMVxTOPNG\ModelsTree\World\Maps\HellfireDemon,2,0,0,0,0,0,0,0,0,0,0,0,0,0,0,0,0,0,0,1,1,0,0,0,0,0
C:\Users\ehsra\Documents\GitHub\WMVxTOPNG\ModelsTree\World\Maps\HellfireMilitary,2,0,0,0,0,0,0,0,0,0,0,0,0,0,0,0,0,0,0,1,1,0,0,0,0,0
C:\Users\ehsra\Documents\GitHub\WMVxTOPNG\ModelsTree\World\Maps\HellfireRaid,2,0,0,0,0,0,0,0,0,0,0,0,0,0,0,0,0,0,0,1,1,0,0,0,0,0
C:\Users\ehsra\Documents\GitHub\WMVxTOPNG\ModelsTree\World\Maps\HellfireRampart,74,0,72,0,0,0,0,0,0,0,0,0,0,0,0,0,0,0,0,1,1,0,0,0,0,0
C:\Users\ehsra\Documents\GitHub\WMVxTOPNG\ModelsTree\World\Maps\HillsbradPast,38,0,36,0,0,0,0,0,0,0,0,0,0,0,0,0,0,0,0,1,1,0,0,0,0,0
C:\Users\ehsra\Documents\GitHub\WMVxTOPNG\ModelsTree\World\Maps\HordePVPBarracks,2,0,0,0,0,0,0,0,0,0,0,0,0,0,0,0,0,0,0,1,1,0,0,0,0,0
C:\Users\ehsra\Documents\GitHub\WMVxTOPNG\ModelsTree\World\Maps\HyjalPast,32,0,30,0,0,0,0,0,0,0,0,0,0,0,0,0,0,0,0,1,1,0,0,0,0,0
C:\Users\ehsra\Documents\GitHub\WMVxTOPNG\ModelsTree\World\Maps\IcecrownCitadel,94,0,89,0,0,0,0,0,0,0,0,0,0,0,0,0,0,0,0,1,1,0,3,0,0,0
C:\Users\ehsra\Documents\GitHub\WMVxTOPNG\ModelsTree\World\Maps\IcecrownCitadel5Man,8,0,6,0,0,0,0,0,0,0,0,0,0,0,0,0,0,0,0,1,1,0,0,0,0,0
C:\Users\ehsra\Documents\GitHub\WMVxTOPNG\ModelsTree\World\Maps\IsleofConquest,85,0,83,0,0,0,0,0,0,0,0,0,0,0,0,0,0,0,0,1,1,0,0,0,0,0
C:\Users\ehsra\Documents\GitHub\WMVxTOPNG\ModelsTree\World\Maps\Kalimdor,1020,0,1018,0,0,0,0,0,0,0,0,0,0,0,0,0,0,0,0,1,1,0,0,0,0,0
C:\Users\ehsra\Documents\GitHub\WMVxTOPNG\ModelsTree\World\Maps\Karazahn,11,0,9,0,0,0,0,0,0,0,0,0,0,0,0,0,0,0,0,1,1,0,0,0,0,0
C:\Users\ehsra\Documents\GitHub\WMVxTOPNG\ModelsTree\World\Maps\Mauradon,2,0,0,0,0,0,0,0,0,0,0,0,0,0,0,0,0,0,0,1,1,0,0,0,0,0
C:\Users\ehsra\Documents\GitHub\WMVxTOPNG\ModelsTree\World\Maps\MoltenCore,2,0,0,0,0,0,0,0,0,0,0,0,0,0,0,0,0,0,0,1,1,0,0,0,0,0
C:\Users\ehsra\Documents\GitHub\WMVxTOPNG\ModelsTree\World\Maps\Monastery,2,0,0,0,0,0,0,0,0,0,0,0,0,0,0,0,0,0,0,1,1,0,0,0,0,0
C:\Users\ehsra\Documents\GitHub\WMVxTOPNG\ModelsTree\World\Maps\MonasteryInstances,38,0,36,0,0,0,0,0,0,0,0,0,0,0,0,0,0,0,0,1,1,0,0,0,0,0
C:\Users\ehsra\Documents\GitHub\WMVxTOPNG\ModelsTree\World\Maps\NetherstormBG,38,0,36,0,0,0,0,0,0,0,0,0,0,0,0,0,0,0,0,1,1,0,0,0,0,0
C:\Users\ehsra\Documents\GitHub\WMVxTOPNG\ModelsTree\World\Maps\Nexus70,2,0,0,0,0,0,0,0,0,0,0,0,0,0,0,0,0,0,0,1,1,0,0,0,0,0
C:\Users\ehsra\Documents\GitHub\WMVxTOPNG\ModelsTree\World\Maps\Nexus80,66,0,64,0,0,0,0,0,0,0,0,0,0,0,0,0,0,0,0,1,1,0,0,0,0,0
C:\Users\ehsra\Documents\GitHub\WMVxTOPNG\ModelsTree\World\Maps\NexusRaid,27,0,25,0,0,0,0,0,0,0,0,0,0,0,0,0,0,0,0,1,1,0,0,0,0,0
C:\Users\ehsra\Documents\GitHub\WMVxTOPNG\ModelsTree\World\Maps\Northrend,1133,0,1131,0,0,0,0,0,0,0,0,0,0,0,0,0,0,0,0,1,1,0,0,0,0,0
C:\Users\ehsra\Documents\GitHub\WMVxTOPNG\ModelsTree\World\Maps\NorthrendBG,70,0,68,0,0,0,0,0,0,0,0,0,0,0,0,0,0,0,0,1,1,0,0,0,0,0
C:\Users\ehsra\Documents\GitHub\WMVxTOPNG\ModelsTree\World\Maps\OnyxiaLairInstance,2,0,0,0,0,0,0,0,0,0,0,0,0,0,0,0,0,0,0,1,1,0,0,0,0,0
C:\Users\ehsra\Documents\GitHub\WMVxTOPNG\ModelsTree\World\Maps\OrgrimmarArena,11,0,9,0,0,0,0,0,0,0,0,0,0,0,0,0,0,0,0,1,1,0,0,0,0,0
C:\Users\ehsra\Documents\GitHub\WMVxTOPNG\ModelsTree\World\Maps\OrgrimmarInstance,2,0,0,0,0,0,0,0,0,0,0,0,0,0,0,0,0,0,0,1,1,0,0,0,0,0
C:\Users\ehsra\Documents\GitHub\WMVxTOPNG\ModelsTree\World\Maps\PVPLordaeron,27,0,25,0,0,0,0,0,0,0,0,0,0,0,0,0,0,0,0,1,1,0,0,0,0,0
C:\Users\ehsra\Documents\GitHub\WMVxTOPNG\ModelsTree\World\Maps\PVPZone01,37,0,35,0,0,0,0,0,0,0,0,0,0,0,0,0,0,0,0,1,1,0,0,0,0,0
C:\Users\ehsra\Documents\GitHub\WMVxTOPNG\ModelsTree\World\Maps\PVPZone02,32,0,30,0,0,0,0,0,0,0,0,0,0,0,0,0,0,0,0,1,1,0,0,0,0,0
C:\Users\ehsra\Documents\GitHub\WMVxTOPNG\ModelsTree\World\Maps\PVPZone03,18,0,16,0,0,0,0,0,0,0,0,0,0,0,0,0,0,0,0,1,1,0,0,0,0,0
C:\Users\ehsra\Documents\GitHub\WMVxTOPNG\ModelsTree\World\Maps\PVPZone04,18,0,16,0,0,0,0,0,0,0,0,0,0,0,0,0,0,0,0,1,1,0,0,0,0,0
C:\Users\ehsra\Documents\GitHub\WMVxTOPNG\ModelsTree\World\Maps\PVPZone05,11,0,9,0,0,0,0,0,0,0,0,0,0,0,0,0,0,0,0,1,1,0,0,0,0,0
C:\Users\ehsra\Documents\GitHub\WMVxTOPNG\ModelsTree\World\Maps\QA_DVD,4,0,2,0,0,0,0,0,0,0,0,0,0,0,0,0,0,0,0,1,1,0,0,0,0,0
C:\Users\ehsra\Documents\GitHub\WMVxTOPNG\ModelsTree\World\Maps\QuarryofTears,11,0,9,0,0,0,0,0,0,0,0,0,0,0,0,0,0,0,0,1,1,0,0,0,0,0
C:\Users\ehsra\Documents\GitHub\WMVxTOPNG\ModelsTree\World\Maps\RazorfenDowns,26,0,24,0,0,0,0,0,0,0,0,0,0,0,0,0,0,0,0,1,1,0,0,0,0,0
C:\Users\ehsra\Documents\GitHub\WMVxTOPNG\ModelsTree\World\Maps\RazorfenKraulInstance,8,0,6,0,0,0,0,0,0,0,0,0,0,0,0,0,0,0,0,1,1,0,0,0,0,0
C:\Users\ehsra\Documents\GitHub\WMVxTOPNG\ModelsTree\World\Maps\SchoolofNecromancy,18,0,16,0,0,0,0,0,0,0,0,0,0,0,0,0,0,0,0,1,1,0,0,0,0,0
C:\Users\ehsra\Documents\GitHub\WMVxTOPNG\ModelsTree\World\Maps\ScottTest,2,0,0,0,0,0,0,0,0,0,0,0,0,0,0,0,0,0,0,1,1,0,0,0,0,0
C:\Users\ehsra\Documents\GitHub\WMVxTOPNG\ModelsTree\World\Maps\Shadowfang,27,0,25,0,0,0,0,0,0,0,0,0,0,0,0,0,0,0,0,1,1,0,0,0,0,0
C:\Users\ehsra\Documents\GitHub\WMVxTOPNG\ModelsTree\World\Maps\Stormwind,27,0,25,0,0,0,0,0,0,0,0,0,0,0,0,0,0,0,0,1,1,0,0,0,0,0
C:\Users\ehsra\Documents\GitHub\WMVxTOPNG\ModelsTree\World\Maps\StormwindJail,2,0,0,0,0,0,0,0,0,0,0,0,0,0,0,0,0,0,0,1,1,0,0,0,0,0
C:\Users\ehsra\Documents\GitHub\WMVxTOPNG\ModelsTree\World\Maps\StormwindPrison,2,0,0,0,0,0,0,0,0,0,0,0,0,0,0,0,0,0,0,1,1,0,0,0,0,0
C:\Users\ehsra\Documents\GitHub\WMVxTOPNG\ModelsTree\World\Maps\Stratholme,22,0,20,0,0,0,0,0,0,0,0,0,0,0,0,0,0,0,0,1,1,0,0,0,0,0
C:\Users\ehsra\Documents\GitHub\WMVxTOPNG\ModelsTree\World\Maps\Stratholme Raid,26,0,24,0,0,0,0,0,0,0,0,0,0,0,0,0,0,0,0,1,1,0,0,0,0,0
C:\Users\ehsra\Documents\GitHub\WMVxTOPNG\ModelsTree\World\Maps\StratholmeCOT,38,0,36,0,0,0,0,0,0,0,0,0,0,0,0,0,0,0,0,1,1,0,0,0,0,0
C:\Users\ehsra\Documents\GitHub\WMVxTOPNG\ModelsTree\World\Maps\SunkenTemple,2,0,0,0,0,0,0,0,0,0,0,0,0,0,0,0,0,0,0,1,1,0,0,0,0,0
C:\Users\ehsra\Documents\GitHub\WMVxTOPNG\ModelsTree\World\Maps\Sunwell5Man,2,0,0,0,0,0,0,0,0,0,0,0,0,0,0,0,0,0,0,1,1,0,0,0,0,0
C:\Users\ehsra\Documents\GitHub\WMVxTOPNG\ModelsTree\World\Maps\Sunwell5ManFix,92,0,90,0,0,0,0,0,0,0,0,0,0,0,0,0,0,0,0,1,1,0,0,0,0,0
C:\Users\ehsra\Documents\GitHub\WMVxTOPNG\ModelsTree\World\Maps\SunwellPlateau,32,0,30,0,0,0,0,0,0,0,0,0,0,0,0,0,0,0,0,1,1,0,0,0,0,0
C:\Users\ehsra\Documents\GitHub\WMVxTOPNG\ModelsTree\World\Maps\TanarisInstance,23,0,21,0,0,0,0,0,0,0,0,0,0,0,0,0,0,0,0,1,1,0,0,0,0,0
C:\Users\ehsra\Documents\GitHub\WMVxTOPNG\ModelsTree\World\Maps\TempestKeepArcane,2,0,0,0,0,0,0,0,0,0,0,0,0,0,0,0,0,0,0,1,1,0,0,0,0,0
C:\Users\ehsra\Documents\GitHub\WMVxTOPNG\ModelsTree\World\Maps\TempestKeepAtrium,2,0,0,0,0,0,0,0,0,0,0,0,0,0,0,0,0,0,0,1,1,0,0,0,0,0
C:\Users\ehsra\Documents\GitHub\WMVxTOPNG\ModelsTree\World\Maps\TempestKeepFactory,2,0,0,0,0,0,0,0,0,0,0,0,0,0,0,0,0,0,0,1,1,0,0,0,0,0
C:\Users\ehsra\Documents\GitHub\WMVxTOPNG\ModelsTree\World\Maps\TempestKeepRaid,2,0,0,0,0,0,0,0,0,0,0,0,0,0,0,0,0,0,0,1,1,0,0,0,0,0
C:\Users\ehsra\Documents\GitHub\WMVxTOPNG\ModelsTree\World\Maps\test,3,0,0,0,0,0,0,0,0,0,0,0,1,0,0,0,0,0,0,1,1,0,0,0,0,0
C:\Users\ehsra\Documents\GitHub\WMVxTOPNG\ModelsTree\World\Maps\Uldaman,2,0,0,0,0,0,0,0,0,0,0,0,0,0,0,0,0,0,0,1,1,0,0,0,0,0
C:\Users\ehsra\Documents\GitHub\WMVxTOPNG\ModelsTree\World\Maps\Ulduar70,27,0,25,0,0,0,0,0,0,0,0,0,0,0,0,0,0,0,0,1,1,0,0,0,0,0
C:\Users\ehsra\Documents\GitHub\WMVxTOPNG\ModelsTree\World\Maps\Ulduar80,51,0,49,0,0,0,0,0,0,0,0,0,0,0,0,0,0,0,0,1,1,0,0,0,0,0
C:\Users\ehsra\Documents\GitHub\WMVxTOPNG\ModelsTree\World\Maps\UlduarRaid,84,0,82,0,0,0,0,0,0,0,0,0,0,0,0,0,0,0,0,1,1,0,0,0,0,0
C:\Users\ehsra\Documents\GitHub\WMVxTOPNG\ModelsTree\World\Maps\UtgardePinnacle,66,0,64,0,0,0,0,0,0,0,0,0,0,0,0,0,0,0,0,1,1,0,0,0,0,0
C:\Users\ehsra\Documents\GitHub\WMVxTOPNG\ModelsTree\World\Maps\Valgarde70,66,0,64,0,0,0,0,0,0,0,0,0,0,0,0,0,0,0,0,1,1,0,0,0,0,0
C:\Users\ehsra\Documents\GitHub\WMVxTOPNG\ModelsTree\World\Maps\WailingCaverns,2,0,0,0,0,0,0,0,0,0,0,0,0,0,0,0,0,0,0,1,1,0,0,0,0,0
C:\Users\ehsra\Documents\GitHub\WMVxTOPNG\ModelsTree\World\Maps\WintergraspRaid,11,0,9,0,0,0,0,0,0,0,0,0,0,0,0,0,0,0,0,1,1,0,0,0,0,0
C:\Users\ehsra\Documents\GitHub\WMVxTOPNG\ModelsTree\World\Maps\Zul'gurub,27,0,25,0,0,0,0,0,0,0,0,0,0,0,0,0,0,0,0,1,1,0,0,0,0,0
C:\Users\ehsra\Documents\GitHub\WMVxTOPNG\ModelsTree\World\Maps\ZulAman,27,0,25,0,0,0,0,0,0,0,0,0,0,0,0,0,0,0,0,1,1,0,0,0,0,0
C:\Users\ehsra\Documents\GitHub\WMVxTOPNG\ModelsTree\World\NoDXT,0,2,0,0,0,0,0,0,0,0,0,0,0,0,0,0,0,0,0,0,0,0,0,0,0,0
C:\Users\ehsra\Documents\GitHub\WMVxTOPNG\ModelsTree\World\NoDXT\Detail,1258,0,0,0,0,64,0,0,0,0,597,0,0,597,0,0,0,0,0,0,0,0,0,0,0,0
C:\Users\ehsra\Documents\GitHub\WMVxTOPNG\ModelsTree\World\NoDXT\GENERIC,0,1,0,0,0,0,0,0,0,0,0,0,0,0,0,0,0,0,0,0,0,0,0,0,0,0
C:\Users\ehsra\Documents\GitHub\WMVxTOPNG\ModelsTree\World\NoDXT\GENERIC\PASSIVEDOODADS,0,1,0,0,0,0,0,0,0,0,0,0,0,0,0,0,0,0,0,0,0,0,0,0,0,0
C:\Users\ehsra\Documents\GitHub\WMVxTOPNG\ModelsTree\World\NoDXT\GENERIC\PASSIVEDOODADS\VOLUMETRICLIGHTS,41,0,0,0,0,15,0,0,0,0,13,0,0,13,0,0,0,0,0,0,0,0,0,0,0,0
C:\Users\ehsra\Documents\GitHub\WMVxTOPNG\ModelsTree\World\OUTLAND,0,1,0,0,0,0,0,0,0,0,0,0,0,0,0,0,0,0,0,0,0,0,0,0,0,0
C:\Users\ehsra\Documents\GitHub\WMVxTOPNG\ModelsTree\World\OUTLAND\PASSIVEDOODADS,3,16,0,0,0,1,0,0,0,0,1,0,0,1,0,0,0,0,0,0,0,0,0,0,0,0
C:\Users\ehsra\Documents\GitHub\WMVxTOPNG\ModelsTree\World\OUTLAND\PASSIVEDOODADS\BLADETHROWER,11,0,0,0,0,5,0,0,0,0,3,0,0,3,0,0,0,0,0,0,0,0,0,0,0,0
C:\Users\ehsra\Documents\GitHub\WMVxTOPNG\ModelsTree\World\OUTLAND\PASSIVEDOODADS\CAMPFIRE,3,0,0,0,0,1,0,0,0,0,1,0,0,1,0,0,0,0,0,0,0,0,0,0,0,0
C:\Users\ehsra\Documents\GitHub\WMVxTOPNG\ModelsTree\World\OUTLAND\PASSIVEDOODADS\Dam,3,0,0,0,0,1,0,0,0,0,1,0,0,1,0,0,0,0,0,0,0,0,0,0,0,0
C:\Users\ehsra\Documents\GitHub\WMVxTOPNG\ModelsTree\World\OUTLAND\PASSIVEDOODADS\DEADDEMON,5,0,0,0,0,3,0,0,0,0,1,0,0,1,0,0,0,0,0,0,0,0,0,0,0,0
C:\Users\ehsra\Documents\GitHub\WMVxTOPNG\ModelsTree\World\OUTLAND\PASSIVEDOODADS\FloatingRubble,2,0,0,0,0,0,0,0,0,0,1,0,0,1,0,0,0,0,0,0,0,0,0,0,0,0
C:\Users\ehsra\Documents\GitHub\WMVxTOPNG\ModelsTree\World\OUTLAND\PASSIVEDOODADS\HANGINGCRYSTALS,4,0,0,0,0,2,0,0,0,0,1,0,0,1,0,0,0,0,0,0,0,0,0,0,0,0
C:\Users\ehsra\Documents\GitHub\WMVxTOPNG\ModelsTree\World\OUTLAND\PASSIVEDOODADS\MONUMENT,5,0,0,0,0,3,0,0,0,0,1,0,0,1,0,0,0,0,0,0,0,0,0,0,0,0
C:\Users\ehsra\Documents\GitHub\WMVxTOPNG\ModelsTree\World\OUTLAND\PASSIVEDOODADS\Mushrooms,11,0,0,0,0,3,0,0,0,0,4,0,0,4,0,0,0,0,0,0,0,0,0,0,0,0
C:\Users\ehsra\Documents\GitHub\WMVxTOPNG\ModelsTree\World\OUTLAND\PASSIVEDOODADS\Plants,17,0,0,0,0,5,0,0,0,0,6,0,0,6,0,0,0,0,0,0,0,0,0,0,0,0
C:\Users\ehsra\Documents\GitHub\WMVxTOPNG\ModelsTree\World\OUTLAND\PASSIVEDOODADS\Rocks,46,0,0,0,0,10,0,0,0,0,18,0,0,18,0,0,0,0,0,0,0,0,0,0,0,0
C:\Users\ehsra\Documents\GitHub\WMVxTOPNG\ModelsTree\World\OUTLAND\PASSIVEDOODADS\Roots,7,0,0,0,0,1,0,0,0,0,3,0,0,3,0,0,0,0,0,0,0,0,0,0,0,0
C:\Users\ehsra\Documents\GitHub\WMVxTOPNG\ModelsTree\World\OUTLAND\PASSIVEDOODADS\Rubble,10,0,0,0,0,0,0,0,0,0,5,0,0,5,0,0,0,0,0,0,0,0,0,0,0,0
C:\Users\ehsra\Documents\GitHub\WMVxTOPNG\ModelsTree\World\OUTLAND\PASSIVEDOODADS\SkyBox,6,0,0,0,0,4,0,0,0,0,1,0,0,1,0,0,0,0,0,0,0,0,0,0,0,0
C:\Users\ehsra\Documents\GitHub\WMVxTOPNG\ModelsTree\World\OUTLAND\PASSIVEDOODADS\TankParts,7,0,0,0,0,1,0,0,0,0,3,0,0,3,0,0,0,0,0,0,0,0,0,0,0,0
C:\Users\ehsra\Documents\GitHub\WMVxTOPNG\ModelsTree\World\OUTLAND\PASSIVEDOODADS\Thorns,15,0,0,0,0,1,0,0,0,0,7,0,0,7,0,0,0,0,0,0,0,0,0,0,0,0
C:\Users\ehsra\Documents\GitHub\WMVxTOPNG\ModelsTree\World\OUTLAND\PASSIVEDOODADS\TREES,54,0,0,0,0,8,0,0,0,0,23,0,0,23,0,0,0,0,0,0,0,0,0,0,0,0
C:\Users\ehsra\Documents\GitHub\WMVxTOPNG\ModelsTree\World\Scale,26,0,0,0,0,2,0,0,0,0,12,0,0,12,0,0,0,0,0,0,0,0,0,0,0,0
C:\Users\ehsra\Documents\GitHub\WMVxTOPNG\ModelsTree\World\SKILLACTIVATED,0,3,0,0,0,0,0,0,0,0,0,0,0,0,0,0,0,0,0,0,0,0,0,0,0,0
C:\Users\ehsra\Documents\GitHub\WMVxTOPNG\ModelsTree\World\SKILLACTIVATED\CONTAINERS,4,0,0,0,0,2,0,0,0,0,1,0,0,1,0,0,0,0,0,0,0,0,0,0,0,0
C:\Users\ehsra\Documents\GitHub\WMVxTOPNG\ModelsTree\World\SKILLACTIVATED\TRADESKILLENABLERS,86,0,0,0,0,25,0,0,0,0,26,0,0,35,0,0,0,0,0,0,0,0,0,0,0,0
C:\Users\ehsra\Documents\GitHub\WMVxTOPNG\ModelsTree\World\SKILLACTIVATED\TradeskillNodes,231,0,0,0,0,85,0,0,0,0,73,0,0,73,0,0,0,0,0,0,0,0,0,0,0,0
C:\Users\ehsra\Documents\GitHub\WMVxTOPNG\ModelsTree\World\wmo,2,16,0,0,0,0,0,0,0,0,0,0,0,0,0,0,0,0,0,0,0,0,0,2,0,0
C:\Users\ehsra\Documents\GitHub\WMVxTOPNG\ModelsTree\World\wmo\Azeroth,0,2,0,0,0,0,0,0,0,0,0,0,0,0,0,0,0,0,0,0,0,0,0,0,0,0
C:\Users\ehsra\Documents\GitHub\WMVxTOPNG\ModelsTree\World\wmo\Azeroth\Buildings,0,85,0,0,0,0,0,0,0,0,0,0,0,0,0,0,0,0,0,0,0,0,0,0,0,0
C:\Users\ehsra\Documents\GitHub\WMVxTOPNG\ModelsTree\World\wmo\Azeroth\Buildings\AltarOfStorms,2,0,0,0,0,0,0,0,0,0,0,0,0,0,0,0,0,0,0,0,0,0,0,2,0,0
C:\Users\ehsra\Documents\GitHub\WMVxTOPNG\ModelsTree\World\wmo\Azeroth\Buildings\Big_Keep,4,0,0,0,0,0,0,0,0,0,0,0,0,0,0,0,0,0,0,0,0,0,0,4,0,0
C:\Users\ehsra\Documents\GitHub\WMVxTOPNG\ModelsTree\World\wmo\Azeroth\Buildings\Castle,7,0,0,0,0,0,0,0,0,0,0,0,0,0,0,0,0,0,0,0,0,0,0,7,0,0
C:\Users\ehsra\Documents\GitHub\WMVxTOPNG\ModelsTree\World\wmo\Azeroth\Buildings\Chapel,9,0,0,0,0,0,0,0,0,0,0,0,0,0,0,0,0,0,0,0,0,0,0,9,0,0
C:\Users\ehsra\Documents\GitHub\WMVxTOPNG\ModelsTree\World\wmo\Azeroth\Buildings\DuskwoodAbandoned_Barn,4,0,0,0,0,0,0,0,0,0,0,0,0,0,0,0,0,0,0,0,0,0,0,4,0,0
C:\Users\ehsra\Documents\GitHub\WMVxTOPNG\ModelsTree\World\wmo\Azeroth\Buildings\DuskwoodAbandoned_Blacksmith,3,0,0,0,0,0,0,0,0,0,0,0,0,0,0,0,0,0,0,0,0,0,0,3,0,0
C:\Users\ehsra\Documents\GitHub\WMVxTOPNG\ModelsTree\World\wmo\Azeroth\Buildings\DuskwoodAbandoned_HumanTwoStory,7,0,0,0,0,0,0,0,0,0,0,0,0,0,0,0,0,0,0,0,0,0,0,7,0,0
C:\Users\ehsra\Documents\GitHub\WMVxTOPNG\ModelsTree\World\wmo\Azeroth\Buildings\DuskwoodAbandoned_human_farm,3,0,0,0,0,0,0,0,0,0,0,0,0,0,0,0,0,0,0,0,0,0,0,3,0,0
C:\Users\ehsra\Documents\GitHub\WMVxTOPNG\ModelsTree\World\wmo\Azeroth\Buildings\DuskwoodAbandoned_Inn,24,0,0,0,0,0,0,0,0,0,0,0,0,0,0,0,0,0,0,0,0,0,0,24,0,0
C:\Users\ehsra\Documents\GitHub\WMVxTOPNG\ModelsTree\World\wmo\Azeroth\Buildings\DuskwoodAbandoned_Lumbermill,2,0,0,0,0,0,0,0,0,0,0,0,0,0,0,0,0,0,0,0,0,0,0,2,0,0
C:\Users\ehsra\Documents\GitHub\WMVxTOPNG\ModelsTree\World\wmo\Azeroth\Buildings\DuskwoodAbandoned_TownHall_NoWall,6,0,0,0,0,0,0,0,0,0,0,0,0,0,0,0,0,0,0,0,0,0,0,6,0,0
C:\Users\ehsra\Documents\GitHub\WMVxTOPNG\ModelsTree\World\wmo\Azeroth\Buildings\Duskwood_Barn,6,0,0,0,0,0,0,0,0,0,0,0,0,0,0,0,0,0,0,0,0,0,0,6,0,0
C:\Users\ehsra\Documents\GitHub\WMVxTOPNG\ModelsTree\World\wmo\Azeroth\Buildings\Duskwood_Barracks,27,0,0,0,0,0,0,0,0,0,0,0,0,0,0,0,0,0,0,0,0,0,0,27,0,0
C:\Users\ehsra\Documents\GitHub\WMVxTOPNG\ModelsTree\World\wmo\Azeroth\Buildings\Duskwood_Blacksmith,6,0,0,0,0,0,0,0,0,0,0,0,0,0,0,0,0,0,0,0,0,0,0,6,0,0
C:\Users\ehsra\Documents\GitHub\WMVxTOPNG\ModelsTree\World\wmo\Azeroth\Buildings\Duskwood_HumanTwoStory,7,0,0,0,0,0,0,0,0,0,0,0,0,0,0,0,0,0,0,0,0,0,0,7,0,0
C:\Users\ehsra\Documents\GitHub\WMVxTOPNG\ModelsTree\World\wmo\Azeroth\Buildings\Duskwood_human_farm,8,0,0,0,0,0,0,0,0,0,0,0,0,0,0,0,0,0,0,0,0,0,0,8,0,0
C:\Users\ehsra\Documents\GitHub\WMVxTOPNG\ModelsTree\World\wmo\Azeroth\Buildings\Duskwood_Human_Farm_Burnt,2,0,0,0,0,0,0,0,0,0,0,0,0,0,0,0,0,0,0,0,0,0,0,2,0,0
C:\Users\ehsra\Documents\GitHub\WMVxTOPNG\ModelsTree\World\wmo\Azeroth\Buildings\Duskwood_Inn,12,0,0,0,0,0,0,0,0,0,0,0,0,0,0,0,0,0,0,0,0,0,0,12,0,0
C:\Users\ehsra\Documents\GitHub\WMVxTOPNG\ModelsTree\World\wmo\Azeroth\Buildings\Duskwood_Lumbermill,2,0,0,0,0,0,0,0,0,0,0,0,0,0,0,0,0,0,0,0,0,0,0,2,0,0
C:\Users\ehsra\Documents\GitHub\WMVxTOPNG\ModelsTree\World\wmo\Azeroth\Buildings\Duskwood_MageTower,18,0,0,0,0,0,0,0,0,0,0,0,0,0,0,0,0,0,0,0,0,0,0,18,0,0
C:\Users\ehsra\Documents\GitHub\WMVxTOPNG\ModelsTree\World\wmo\Azeroth\Buildings\Duskwood_Stable,4,0,0,0,0,0,0,0,0,0,0,0,0,0,0,0,0,0,0,0,0,0,0,4,0,0
C:\Users\ehsra\Documents\GitHub\WMVxTOPNG\ModelsTree\World\wmo\Azeroth\Buildings\Duskwood_TownHall,6,0,0,0,0,0,0,0,0,0,0,0,0,0,0,0,0,0,0,0,0,0,0,6,0,0
C:\Users\ehsra\Documents\GitHub\WMVxTOPNG\ModelsTree\World\wmo\Azeroth\Buildings\Duskwood_TownHall_NoWall,6,0,0,0,0,0,0,0,0,0,0,0,0,0,0,0,0,0,0,0,0,0,0,6,0,0
C:\Users\ehsra\Documents\GitHub\WMVxTOPNG\ModelsTree\World\wmo\Azeroth\Buildings\GnomeHut,6,0,0,0,0,0,0,0,0,0,0,0,0,0,0,0,0,0,0,0,0,0,0,6,0,0
C:\Users\ehsra\Documents\GitHub\WMVxTOPNG\ModelsTree\World\wmo\Azeroth\Buildings\GoldshireBlacksmith,3,0,0,0,0,0,0,0,0,0,0,0,0,0,0,0,0,0,0,0,0,0,0,3,0,0
C:\Users\ehsra\Documents\GitHub\WMVxTOPNG\ModelsTree\World\wmo\Azeroth\Buildings\GoldshireInn,16,0,0,0,0,0,0,0,0,0,0,0,0,0,0,0,0,0,0,0,0,0,0,16,0,0
C:\Users\ehsra\Documents\GitHub\WMVxTOPNG\ModelsTree\World\wmo\Azeroth\Buildings\GriffonAviary,2,0,0,0,0,0,0,0,0,0,0,0,0,0,0,0,0,0,0,0,0,0,0,2,0,0
C:\Users\ehsra\Documents\GitHub\WMVxTOPNG\ModelsTree\World\wmo\Azeroth\Buildings\GuardTower,16,0,0,0,0,0,0,0,0,0,0,0,0,0,0,0,0,0,0,0,0,0,0,16,0,0
C:\Users\ehsra\Documents\GitHub\WMVxTOPNG\ModelsTree\World\wmo\Azeroth\Buildings\GuardTower_Ruined,2,0,0,0,0,0,0,0,0,0,0,0,0,0,0,0,0,0,0,0,0,0,0,2,0,0
C:\Users\ehsra\Documents\GitHub\WMVxTOPNG\ModelsTree\World\wmo\Azeroth\Buildings\GuildHouses,10,0,0,0,0,0,0,0,0,0,0,0,0,0,0,0,0,0,0,0,0,0,0,10,0,0
C:\Users\ehsra\Documents\GitHub\WMVxTOPNG\ModelsTree\World\wmo\Azeroth\Buildings\HillsbradTerraceWall,2,0,0,0,0,0,0,0,0,0,0,0,0,0,0,0,0,0,0,0,0,0,0,2,0,0
C:\Users\ehsra\Documents\GitHub\WMVxTOPNG\ModelsTree\World\wmo\Azeroth\Buildings\HumanTwoStory,9,0,0,0,0,0,0,0,0,0,0,0,0,0,0,0,0,0,0,0,0,0,0,9,0,0
C:\Users\ehsra\Documents\GitHub\WMVxTOPNG\ModelsTree\World\wmo\Azeroth\Buildings\Human_Barn_Silo,8,0,0,0,0,0,0,0,0,0,0,0,0,0,0,0,0,0,0,0,0,0,0,8,0,0
C:\Users\ehsra\Documents\GitHub\WMVxTOPNG\ModelsTree\World\wmo\Azeroth\Buildings\Human_Barracks,58,0,0,0,0,0,0,0,0,0,0,0,0,0,0,0,0,0,0,0,0,0,0,58,0,0
C:\Users\ehsra\Documents\GitHub\WMVxTOPNG\ModelsTree\World\wmo\Azeroth\Buildings\human_farm,5,0,0,0,0,0,0,0,0,0,0,0,0,0,0,0,0,0,0,0,0,0,0,5,0,0
C:\Users\ehsra\Documents\GitHub\WMVxTOPNG\ModelsTree\World\wmo\Azeroth\Buildings\Human_farm_test,3,0,0,0,0,0,0,0,0,0,0,0,0,0,0,0,0,0,0,0,0,0,0,3,0,0
C:\Users\ehsra\Documents\GitHub\WMVxTOPNG\ModelsTree\World\wmo\Azeroth\Buildings\IntactPrisonTower,2,0,0,0,0,0,0,0,0,0,0,0,0,0,0,0,0,0,0,0,0,0,0,2,0,0
C:\Users\ehsra\Documents\GitHub\WMVxTOPNG\ModelsTree\World\wmo\Azeroth\Buildings\KeepWall,45,0,0,0,0,0,0,0,0,0,0,0,0,0,0,0,0,0,0,0,0,0,0,45,0,0
C:\Users\ehsra\Documents\GitHub\WMVxTOPNG\ModelsTree\World\wmo\Azeroth\Buildings\LumberMill,2,0,0,0,0,0,0,0,0,0,0,0,0,0,0,0,0,0,0,0,0,0,0,2,0,0
C:\Users\ehsra\Documents\GitHub\WMVxTOPNG\ModelsTree\World\wmo\Azeroth\Buildings\Magetower,12,0,0,0,0,0,0,0,0,0,0,0,0,0,0,0,0,0,0,0,0,0,0,12,0,0
C:\Users\ehsra\Documents\GitHub\WMVxTOPNG\ModelsTree\World\wmo\Azeroth\Buildings\Moonbrook_Blacksmith,3,0,0,0,0,0,0,0,0,0,0,0,0,0,0,0,0,0,0,0,0,0,0,3,0,0
C:\Users\ehsra\Documents\GitHub\WMVxTOPNG\ModelsTree\World\wmo\Azeroth\Buildings\Moonbrook_HumanTwoStory,7,0,0,0,0,0,0,0,0,0,0,0,0,0,0,0,0,0,0,0,0,0,0,7,0,0
C:\Users\ehsra\Documents\GitHub\WMVxTOPNG\ModelsTree\World\wmo\Azeroth\Buildings\Moonbrook_human_farm,3,0,0,0,0,0,0,0,0,0,0,0,0,0,0,0,0,0,0,0,0,0,0,3,0,0
C:\Users\ehsra\Documents\GitHub\WMVxTOPNG\ModelsTree\World\wmo\Azeroth\Buildings\Moonbrook_Inn,12,0,0,0,0,0,0,0,0,0,0,0,0,0,0,0,0,0,0,0,0,0,0,12,0,0
C:\Users\ehsra\Documents\GitHub\WMVxTOPNG\ModelsTree\World\wmo\Azeroth\Buildings\Moonbrook_TownHall_NoWall,6,0,0,0,0,0,0,0,0,0,0,0,0,0,0,0,0,0,0,0,0,0,0,6,0,0
C:\Users\ehsra\Documents\GitHub\WMVxTOPNG\ModelsTree\World\wmo\Azeroth\Buildings\NSabbey,15,0,0,0,0,0,0,0,0,0,0,0,0,0,0,0,0,0,0,0,0,0,0,15,0,0
C:\Users\ehsra\Documents\GitHub\WMVxTOPNG\ModelsTree\World\wmo\Azeroth\Buildings\OilPlatform,8,0,0,0,0,0,0,0,0,0,0,0,0,0,0,0,0,0,0,0,0,0,0,8,0,0
C:\Users\ehsra\Documents\GitHub\WMVxTOPNG\ModelsTree\World\wmo\Azeroth\Buildings\Oil_Platform,2,0,0,0,0,0,0,0,0,0,0,0,0,0,0,0,0,0,0,0,0,0,0,2,0,0
C:\Users\ehsra\Documents\GitHub\WMVxTOPNG\ModelsTree\World\wmo\Azeroth\Buildings\Prison_Camp,43,0,0,0,0,0,0,0,0,0,0,0,0,0,0,0,0,0,0,0,0,0,0,43,0,0
C:\Users\ehsra\Documents\GitHub\WMVxTOPNG\ModelsTree\World\wmo\Azeroth\Buildings\RedRidge_Barn,6,0,0,0,0,0,0,0,0,0,0,0,0,0,0,0,0,0,0,0,0,0,0,6,0,0
C:\Users\ehsra\Documents\GitHub\WMVxTOPNG\ModelsTree\World\wmo\Azeroth\Buildings\RedRidge_Barracks,27,0,0,0,0,0,0,0,0,0,0,0,0,0,0,0,0,0,0,0,0,0,0,27,0,0
C:\Users\ehsra\Documents\GitHub\WMVxTOPNG\ModelsTree\World\wmo\Azeroth\Buildings\RedRidge_Blacksmith,3,0,0,0,0,0,0,0,0,0,0,0,0,0,0,0,0,0,0,0,0,0,0,3,0,0
C:\Users\ehsra\Documents\GitHub\WMVxTOPNG\ModelsTree\World\wmo\Azeroth\Buildings\RedRidge_HumanTwoStory,7,0,0,0,0,0,0,0,0,0,0,0,0,0,0,0,0,0,0,0,0,0,0,7,0,0
C:\Users\ehsra\Documents\GitHub\WMVxTOPNG\ModelsTree\World\wmo\Azeroth\Buildings\RedRidge_human_farm,5,0,0,0,0,0,0,0,0,0,0,0,0,0,0,0,0,0,0,0,0,0,0,5,0,0
C:\Users\ehsra\Documents\GitHub\WMVxTOPNG\ModelsTree\World\wmo\Azeroth\Buildings\RedRidge_Inn,12,0,0,0,0,0,0,0,0,0,0,0,0,0,0,0,0,0,0,0,0,0,0,12,0,0
C:\Users\ehsra\Documents\GitHub\WMVxTOPNG\ModelsTree\World\wmo\Azeroth\Buildings\RedRidge_Lumbermill,2,0,0,0,0,0,0,0,0,0,0,0,0,0,0,0,0,0,0,0,0,0,0,2,0,0
C:\Users\ehsra\Documents\GitHub\WMVxTOPNG\ModelsTree\World\wmo\Azeroth\Buildings\RedRidge_MageTower,6,0,0,0,0,0,0,0,0,0,0,0,0,0,0,0,0,0,0,0,0,0,0,6,0,0
C:\Users\ehsra\Documents\GitHub\WMVxTOPNG\ModelsTree\World\wmo\Azeroth\Buildings\RedRidge_Stable,2,0,0,0,0,0,0,0,0,0,0,0,0,0,0,0,0,0,0,0,0,0,0,2,0,0
C:\Users\ehsra\Documents\GitHub\WMVxTOPNG\ModelsTree\World\wmo\Azeroth\Buildings\RedRidge_TownHall,6,0,0,0,0,0,0,0,0,0,0,0,0,0,0,0,0,0,0,0,0,0,0,6,0,0
C:\Users\ehsra\Documents\GitHub\WMVxTOPNG\ModelsTree\World\wmo\Azeroth\Buildings\RedRidge_TownHall_NoWall,6,0,0,0,0,0,0,0,0,0,0,0,0,0,0,0,0,0,0,0,0,0,0,6,0,0
C:\Users\ehsra\Documents\GitHub\WMVxTOPNG\ModelsTree\World\wmo\Azeroth\Buildings\RuinedCathedral,2,0,0,0,0,0,0,0,0,0,0,0,0,0,0,0,0,0,0,0,0,0,0,2,0,0
C:\Users\ehsra\Documents\GitHub\WMVxTOPNG\ModelsTree\World\wmo\Azeroth\Buildings\Scarlet_Monestary,14,0,0,0,0,0,0,0,0,0,0,0,0,0,0,0,0,0,0,0,0,0,0,14,0,0
C:\Users\ehsra\Documents\GitHub\WMVxTOPNG\ModelsTree\World\wmo\Azeroth\Buildings\Stable,2,0,0,0,0,0,0,0,0,0,0,0,0,0,0,0,0,0,0,0,0,0,0,2,0,0
C:\Users\ehsra\Documents\GitHub\WMVxTOPNG\ModelsTree\World\wmo\Azeroth\Buildings\Stormwind,630,0,0,0,0,0,0,0,0,0,0,0,0,0,0,0,0,0,0,0,0,0,0,630,0,0
C:\Users\ehsra\Documents\GitHub\WMVxTOPNG\ModelsTree\World\wmo\Azeroth\Buildings\Stranglethorn_BootyBay,71,0,0,0,0,0,0,0,0,0,0,0,0,0,0,0,0,0,0,0,0,0,0,71,0,0
C:\Users\ehsra\Documents\GitHub\WMVxTOPNG\ModelsTree\World\wmo\Azeroth\Buildings\Stranglethorn_ruins,39,0,0,0,0,0,0,0,0,0,0,0,0,0,0,0,0,0,0,0,0,0,0,39,0,0
C:\Users\ehsra\Documents\GitHub\WMVxTOPNG\ModelsTree\World\wmo\Azeroth\Buildings\TownHall,6,0,0,0,0,0,0,0,0,0,0,0,0,0,0,0,0,0,0,0,0,0,0,6,0,0
C:\Users\ehsra\Documents\GitHub\WMVxTOPNG\ModelsTree\World\wmo\Azeroth\Buildings\TownHall_NoWall,6,0,0,0,0,0,0,0,0,0,0,0,0,0,0,0,0,0,0,0,0,0,0,6,0,0
C:\Users\ehsra\Documents\GitHub\WMVxTOPNG\ModelsTree\World\wmo\Azeroth\Buildings\Westfall_Barn,4,0,0,0,0,0,0,0,0,0,0,0,0,0,0,0,0,0,0,0,0,0,0,4,0,0
C:\Users\ehsra\Documents\GitHub\WMVxTOPNG\ModelsTree\World\wmo\Azeroth\Buildings\Westfall_Barracks,27,0,0,0,0,0,0,0,0,0,0,0,0,0,0,0,0,0,0,0,0,0,0,27,0,0
C:\Users\ehsra\Documents\GitHub\WMVxTOPNG\ModelsTree\World\wmo\Azeroth\Buildings\Westfall_Blacksmith,3,0,0,0,0,0,0,0,0,0,0,0,0,0,0,0,0,0,0,0,0,0,0,3,0,0
C:\Users\ehsra\Documents\GitHub\WMVxTOPNG\ModelsTree\World\wmo\Azeroth\Buildings\Westfall_GuardTower,3,0,0,0,0,0,0,0,0,0,0,0,0,0,0,0,0,0,0,0,0,0,0,3,0,0
C:\Users\ehsra\Documents\GitHub\WMVxTOPNG\ModelsTree\World\wmo\Azeroth\Buildings\Westfall_HumanTwoStory,7,0,0,0,0,0,0,0,0,0,0,0,0,0,0,0,0,0,0,0,0,0,0,7,0,0
C:\Users\ehsra\Documents\GitHub\WMVxTOPNG\ModelsTree\World\wmo\Azeroth\Buildings\Westfall_human_farm,6,0,0,0,0,0,0,0,0,0,0,0,0,0,0,0,0,0,0,0,0,0,0,6,0,0
C:\Users\ehsra\Documents\GitHub\WMVxTOPNG\ModelsTree\World\wmo\Azeroth\Buildings\Westfall_human_farm_Burnt,2,0,0,0,0,0,0,0,0,0,0,0,0,0,0,0,0,0,0,0,0,0,0,2,0,0
C:\Users\ehsra\Documents\GitHub\WMVxTOPNG\ModelsTree\World\wmo\Azeroth\Buildings\Westfall_Inn,12,0,0,0,0,0,0,0,0,0,0,0,0,0,0,0,0,0,0,0,0,0,0,12,0,0
C:\Users\ehsra\Documents\GitHub\WMVxTOPNG\ModelsTree\World\wmo\Azeroth\Buildings\Westfall_Lumbermill,2,0,0,0,0,0,0,0,0,0,0,0,0,0,0,0,0,0,0,0,0,0,0,2,0,0
C:\Users\ehsra\Documents\GitHub\WMVxTOPNG\ModelsTree\World\wmo\Azeroth\Buildings\Westfall_MageTower,6,0,0,0,0,0,0,0,0,0,0,0,0,0,0,0,0,0,0,0,0,0,0,6,0,0
C:\Users\ehsra\Documents\GitHub\WMVxTOPNG\ModelsTree\World\wmo\Azeroth\Buildings\Westfall_Stable,6,0,0,0,0,0,0,0,0,0,0,0,0,0,0,0,0,0,0,0,0,0,0,6,0,0
C:\Users\ehsra\Documents\GitHub\WMVxTOPNG\ModelsTree\World\wmo\Azeroth\Buildings\Westfall_TownHall,6,0,0,0,0,0,0,0,0,0,0,0,0,0,0,0,0,0,0,0,0,0,0,6,0,0
C:\Users\ehsra\Documents\GitHub\WMVxTOPNG\ModelsTree\World\wmo\Azeroth\Buildings\Westfall_TownHall_NoWall,6,0,0,0,0,0,0,0,0,0,0,0,0,0,0,0,0,0,0,0,0,0,0,6,0,0
C:\Users\ehsra\Documents\GitHub\WMVxTOPNG\ModelsTree\World\wmo\Azeroth\Buildings\WorldTree,4,0,0,0,0,0,0,0,0,0,0,0,0,0,0,0,0,0,0,0,0,0,0,4,0,0
C:\Users\ehsra\Documents\GitHub\WMVxTOPNG\ModelsTree\World\wmo\Azeroth\Buildings\Ziggurat,2,0,0,0,0,0,0,0,0,0,0,0,0,0,0,0,0,0,0,0,0,0,0,2,0,0
C:\Users\ehsra\Documents\GitHub\WMVxTOPNG\ModelsTree\World\wmo\Azeroth\Buildings\ZulGurub,16,0,0,0,0,0,0,0,0,0,0,0,0,0,0,0,0,0,0,0,0,0,0,16,0,0
C:\Users\ehsra\Documents\GitHub\WMVxTOPNG\ModelsTree\World\wmo\Azeroth\Buildings\zulgurub_ziggurat,3,0,0,0,0,0,0,0,0,0,0,0,0,0,0,0,0,0,0,0,0,0,0,3,0,0
C:\Users\ehsra\Documents\GitHub\WMVxTOPNG\ModelsTree\World\wmo\Azeroth\Collidable Doodads,0,11,0,0,0,0,0,0,0,0,0,0,0,0,0,0,0,0,0,0,0,0,0,0,0,0
C:\Users\ehsra\Documents\GitHub\WMVxTOPNG\ModelsTree\World\wmo\Azeroth\Collidable Doodads\AllianceShrine,2,0,0,0,0,0,0,0,0,0,0,0,0,0,0,0,0,0,0,0,0,0,0,2,0,0
C:\Users\ehsra\Documents\GitHub\WMVxTOPNG\ModelsTree\World\wmo\Azeroth\Collidable Doodads\Duskwood,0,3,0,0,0,0,0,0,0,0,0,0,0,0,0,0,0,0,0,0,0,0,0,0,0,0
C:\Users\ehsra\Documents\GitHub\WMVxTOPNG\ModelsTree\World\wmo\Azeroth\Collidable Doodads\Duskwood\ChasmBridge,4,0,0,0,0,0,0,0,0,0,0,0,0,0,0,0,0,0,0,0,0,0,0,4,0,0
C:\Users\ehsra\Documents\GitHub\WMVxTOPNG\ModelsTree\World\wmo\Azeroth\Collidable Doodads\Duskwood\CoveredBridge,2,0,0,0,0,0,0,0,0,0,0,0,0,0,0,0,0,0,0,0,0,0,0,2,0,0
C:\Users\ehsra\Documents\GitHub\WMVxTOPNG\ModelsTree\World\wmo\Azeroth\Collidable Doodads\Duskwood\OpenGrave,2,0,0,0,0,0,0,0,0,0,0,0,0,0,0,0,0,0,0,0,0,0,0,2,0,0
C:\Users\ehsra\Documents\GitHub\WMVxTOPNG\ModelsTree\World\wmo\Azeroth\Collidable Doodads\Elwynn,0,9,0,0,0,0,0,0,0,0,0,0,0,0,0,0,0,0,0,0,0,0,0,0,0,0
C:\Users\ehsra\Documents\GitHub\WMVxTOPNG\ModelsTree\World\wmo\Azeroth\Collidable Doodads\Elwynn\AbbeyGate,2,0,0,0,0,0,0,0,0,0,0,0,0,0,0,0,0,0,0,0,0,0,0,2,0,0
C:\Users\ehsra\Documents\GitHub\WMVxTOPNG\ModelsTree\World\wmo\Azeroth\Collidable Doodads\Elwynn\AbbeyGate02,2,0,0,0,0,0,0,0,0,0,0,0,0,0,0,0,0,0,0,0,0,0,0,2,0,0
C:\Users\ehsra\Documents\GitHub\WMVxTOPNG\ModelsTree\World\wmo\Azeroth\Collidable Doodads\Elwynn\Bleachers,2,0,0,0,0,0,0,0,0,0,0,0,0,0,0,0,0,0,0,0,0,0,0,2,0,0
C:\Users\ehsra\Documents\GitHub\WMVxTOPNG\ModelsTree\World\wmo\Azeroth\Collidable Doodads\Elwynn\ElwynnLakeBridge,2,0,0,0,0,0,0,0,0,0,0,0,0,0,0,0,0,0,0,0,0,0,0,2,0,0
C:\Users\ehsra\Documents\GitHub\WMVxTOPNG\ModelsTree\World\wmo\Azeroth\Collidable Doodads\Elwynn\FootBridge,2,0,0,0,0,0,0,0,0,0,0,0,0,0,0,0,0,0,0,0,0,0,0,2,0,0
C:\Users\ehsra\Documents\GitHub\WMVxTOPNG\ModelsTree\World\wmo\Azeroth\Collidable Doodads\Elwynn\LionBridge,2,0,0,0,0,0,0,0,0,0,0,0,0,0,0,0,0,0,0,0,0,0,0,2,0,0
C:\Users\ehsra\Documents\GitHub\WMVxTOPNG\ModelsTree\World\wmo\Azeroth\Collidable Doodads\Elwynn\ValleyOfHeroesBridge,2,0,0,0,0,0,0,0,0,0,0,0,0,0,0,0,0,0,0,0,0,0,0,2,0,0
C:\Users\ehsra\Documents\GitHub\WMVxTOPNG\ModelsTree\World\wmo\Azeroth\Collidable Doodads\Elwynn\ValleyOfHeroesGate,3,0,0,0,0,0,0,0,0,0,0,0,0,0,0,0,0,0,0,0,0,0,0,3,0,0
C:\Users\ehsra\Documents\GitHub\WMVxTOPNG\ModelsTree\World\wmo\Azeroth\Collidable Doodads\Elwynn\WideBridge,2,0,0,0,0,0,0,0,0,0,0,0,0,0,0,0,0,0,0,0,0,0,0,2,0,0
C:\Users\ehsra\Documents\GitHub\WMVxTOPNG\ModelsTree\World\wmo\Azeroth\Collidable Doodads\HordeShrine,2,0,0,0,0,0,0,0,0,0,0,0,0,0,0,0,0,0,0,0,0,0,0,2,0,0
C:\Users\ehsra\Documents\GitHub\WMVxTOPNG\ModelsTree\World\wmo\Azeroth\Collidable Doodads\IronForge,0,3,0,0,0,0,0,0,0,0,0,0,0,0,0,0,0,0,0,0,0,0,0,0,0,0
C:\Users\ehsra\Documents\GitHub\WMVxTOPNG\ModelsTree\World\wmo\Azeroth\Collidable Doodads\IronForge\Footbridge,2,0,0,0,0,0,0,0,0,0,0,0,0,0,0,0,0,0,0,0,0,0,0,2,0,0
C:\Users\ehsra\Documents\GitHub\WMVxTOPNG\ModelsTree\World\wmo\Azeroth\Collidable Doodads\IronForge\IronforgeRopeBridge01,2,0,0,0,0,0,0,0,0,0,0,0,0,0,0,0,0,0,0,0,0,0,0,2,0,0
C:\Users\ehsra\Documents\GitHub\WMVxTOPNG\ModelsTree\World\wmo\Azeroth\Collidable Doodads\IronForge\StoneBridge,2,0,0,0,0,0,0,0,0,0,0,0,0,0,0,0,0,0,0,0,0,0,0,2,0,0
C:\Users\ehsra\Documents\GitHub\WMVxTOPNG\ModelsTree\World\wmo\Azeroth\Collidable Doodads\PVP,0,1,0,0,0,0,0,0,0,0,0,0,0,0,0,0,0,0,0,0,0,0,0,0,0,0
C:\Users\ehsra\Documents\GitHub\WMVxTOPNG\ModelsTree\World\wmo\Azeroth\Collidable Doodads\PVP\Bridges,4,0,0,0,0,0,0,0,0,0,0,0,0,0,0,0,0,0,0,0,0,0,0,4,0,0
C:\Users\ehsra\Documents\GitHub\WMVxTOPNG\ModelsTree\World\wmo\Azeroth\Collidable Doodads\Redridge,0,6,0,0,0,0,0,0,0,0,0,0,0,0,0,0,0,0,0,0,0,0,0,0,0,0
C:\Users\ehsra\Documents\GitHub\WMVxTOPNG\ModelsTree\World\wmo\Azeroth\Collidable Doodads\Redridge\RedRidgeDamagedBridge,2,0,0,0,0,0,0,0,0,0,0,0,0,0,0,0,0,0,0,0,0,0,0,2,0,0
C:\Users\ehsra\Documents\GitHub\WMVxTOPNG\ModelsTree\World\wmo\Azeroth\Collidable Doodads\Redridge\RedridgeDocks,4,0,0,0,0,0,0,0,0,0,0,0,0,0,0,0,0,0,0,0,0,0,0,4,0,0
C:\Users\ehsra\Documents\GitHub\WMVxTOPNG\ModelsTree\World\wmo\Azeroth\Collidable Doodads\Redridge\RedRidgeDocks01,2,0,0,0,0,0,0,0,0,0,0,0,0,0,0,0,0,0,0,0,0,0,0,2,0,0
C:\Users\ehsra\Documents\GitHub\WMVxTOPNG\ModelsTree\World\wmo\Azeroth\Collidable Doodads\Redridge\RedRidgeDocks02,2,0,0,0,0,0,0,0,0,0,0,0,0,0,0,0,0,0,0,0,0,0,0,2,0,0
C:\Users\ehsra\Documents\GitHub\WMVxTOPNG\ModelsTree\World\wmo\Azeroth\Collidable Doodads\Redridge\RedRidgeDocks03,2,0,0,0,0,0,0,0,0,0,0,0,0,0,0,0,0,0,0,0,0,0,0,2,0,0
C:\Users\ehsra\Documents\GitHub\WMVxTOPNG\ModelsTree\World\wmo\Azeroth\Collidable Doodads\Redridge\RedRidgeFootbridge,2,0,0,0,0,0,0,0,0,0,0,0,0,0,0,0,0,0,0,0,0,0,0,2,0,0
C:\Users\ehsra\Documents\GitHub\WMVxTOPNG\ModelsTree\World\wmo\Azeroth\Collidable Doodads\Stranglethorn,0,13,0,0,0,0,0,0,0,0,0,0,0,0,0,0,0,0,0,0,0,0,0,0,0,0
C:\Users\ehsra\Documents\GitHub\WMVxTOPNG\ModelsTree\World\wmo\Azeroth\Collidable Doodads\Stranglethorn\HoldingPen,2,0,0,0,0,0,0,0,0,0,0,0,0,0,0,0,0,0,0,0,0,0,0,2,0,0
C:\Users\ehsra\Documents\GitHub\WMVxTOPNG\ModelsTree\World\wmo\Azeroth\Collidable Doodads\Stranglethorn\OilRefinery,2,0,0,0,0,0,0,0,0,0,0,0,0,0,0,0,0,0,0,0,0,0,0,2,0,0
C:\Users\ehsra\Documents\GitHub\WMVxTOPNG\ModelsTree\World\wmo\Azeroth\Collidable Doodads\Stranglethorn\RopeBridge,6,0,0,0,0,0,0,0,0,0,0,0,0,0,0,0,0,0,0,0,0,0,0,6,0,0
C:\Users\ehsra\Documents\GitHub\WMVxTOPNG\ModelsTree\World\wmo\Azeroth\Collidable Doodads\Stranglethorn\StrangleRuinStair,4,0,0,0,0,0,0,0,0,0,0,0,0,0,0,0,0,0,0,0,0,0,0,4,0,0
C:\Users\ehsra\Documents\GitHub\WMVxTOPNG\ModelsTree\World\wmo\Azeroth\Collidable Doodads\Stranglethorn\StranglethornArena,2,0,0,0,0,0,0,0,0,0,0,0,0,0,0,0,0,0,0,0,0,0,0,2,0,0
C:\Users\ehsra\Documents\GitHub\WMVxTOPNG\ModelsTree\World\wmo\Azeroth\Collidable Doodads\Stranglethorn\StranglethornArenaGate,2,0,0,0,0,0,0,0,0,0,0,0,0,0,0,0,0,0,0,0,0,0,0,2,0,0
C:\Users\ehsra\Documents\GitHub\WMVxTOPNG\ModelsTree\World\wmo\Azeroth\Collidable Doodads\Stranglethorn\StranglethornRuins01,2,0,0,0,0,0,0,0,0,0,0,0,0,0,0,0,0,0,0,0,0,0,0,2,0,0
C:\Users\ehsra\Documents\GitHub\WMVxTOPNG\ModelsTree\World\wmo\Azeroth\Collidable Doodads\Stranglethorn\StranglethornRuins02,2,0,0,0,0,0,0,0,0,0,0,0,0,0,0,0,0,0,0,0,0,0,0,2,0,0
C:\Users\ehsra\Documents\GitHub\WMVxTOPNG\ModelsTree\World\wmo\Azeroth\Collidable Doodads\Stranglethorn\StranglethornRuins04,2,0,0,0,0,0,0,0,0,0,0,0,0,0,0,0,0,0,0,0,0,0,0,2,0,0
C:\Users\ehsra\Documents\GitHub\WMVxTOPNG\ModelsTree\World\wmo\Azeroth\Collidable Doodads\Stranglethorn\StranglethornRuins11,2,0,0,0,0,0,0,0,0,0,0,0,0,0,0,0,0,0,0,0,0,0,0,2,0,0
C:\Users\ehsra\Documents\GitHub\WMVxTOPNG\ModelsTree\World\wmo\Azeroth\Collidable Doodads\Stranglethorn\StranglethornRuins12,2,0,0,0,0,0,0,0,0,0,0,0,0,0,0,0,0,0,0,0,0,0,0,2,0,0
C:\Users\ehsra\Documents\GitHub\WMVxTOPNG\ModelsTree\World\wmo\Azeroth\Collidable Doodads\Stranglethorn\StranglethornRuins13,2,0,0,0,0,0,0,0,0,0,0,0,0,0,0,0,0,0,0,0,0,0,0,2,0,0
C:\Users\ehsra\Documents\GitHub\WMVxTOPNG\ModelsTree\World\wmo\Azeroth\Collidable Doodads\Stranglethorn\StranglethornRuins16,2,0,0,0,0,0,0,0,0,0,0,0,0,0,0,0,0,0,0,0,0,0,0,2,0,0
C:\Users\ehsra\Documents\GitHub\WMVxTOPNG\ModelsTree\World\wmo\Azeroth\Collidable Doodads\SwampofSorrows,0,4,0,0,0,0,0,0,0,0,0,0,0,0,0,0,0,0,0,0,0,0,0,0,0,0
C:\Users\ehsra\Documents\GitHub\WMVxTOPNG\ModelsTree\World\wmo\Azeroth\Collidable Doodads\SwampofSorrows\BridgeStranglethorn,2,0,0,0,0,0,0,0,0,0,0,0,0,0,0,0,0,0,0,0,0,0,0,2,0,0
C:\Users\ehsra\Documents\GitHub\WMVxTOPNG\ModelsTree\World\wmo\Azeroth\Collidable Doodads\SwampofSorrows\SwampBridge01,2,0,0,0,0,0,0,0,0,0,0,0,0,0,0,0,0,0,0,0,0,0,0,2,0,0
C:\Users\ehsra\Documents\GitHub\WMVxTOPNG\ModelsTree\World\wmo\Azeroth\Collidable Doodads\SwampofSorrows\SwampDock01,2,0,0,0,0,0,0,0,0,0,0,0,0,0,0,0,0,0,0,0,0,0,0,2,0,0
C:\Users\ehsra\Documents\GitHub\WMVxTOPNG\ModelsTree\World\wmo\Azeroth\Collidable Doodads\SwampofSorrows\WaterHuts,2,0,0,0,0,0,0,0,0,0,0,0,0,0,0,0,0,0,0,0,0,0,0,2,0,0
C:\Users\ehsra\Documents\GitHub\WMVxTOPNG\ModelsTree\World\wmo\Azeroth\Collidable Doodads\Westfall,0,2,0,0,0,0,0,0,0,0,0,0,0,0,0,0,0,0,0,0,0,0,0,0,0,0
C:\Users\ehsra\Documents\GitHub\WMVxTOPNG\ModelsTree\World\wmo\Azeroth\Collidable Doodads\Westfall\HumanBoatHouse,2,0,0,0,0,0,0,0,0,0,0,0,0,0,0,0,0,0,0,0,0,0,0,2,0,0
C:\Users\ehsra\Documents\GitHub\WMVxTOPNG\ModelsTree\World\wmo\Azeroth\Collidable Doodads\Westfall\WestfallGrainSilo01,2,0,0,0,0,0,0,0,0,0,0,0,0,0,0,0,0,0,0,0,0,0,0,2,0,0
C:\Users\ehsra\Documents\GitHub\WMVxTOPNG\ModelsTree\World\wmo\Azeroth\Collidable Doodads\Wetlands,0,2,0,0,0,0,0,0,0,0,0,0,0,0,0,0,0,0,0,0,0,0,0,0,0,0
C:\Users\ehsra\Documents\GitHub\WMVxTOPNG\ModelsTree\World\wmo\Azeroth\Collidable Doodads\Wetlands\WetlandsHumanDock01,2,0,0,0,0,0,0,0,0,0,0,0,0,0,0,0,0,0,0,0,0,0,0,2,0,0
C:\Users\ehsra\Documents\GitHub\WMVxTOPNG\ModelsTree\World\wmo\Azeroth\Collidable Doodads\Wetlands\WetlandsWagon,0,1,0,0,0,0,0,0,0,0,0,0,0,0,0,0,0,0,0,0,0,0,0,0,0,0
C:\Users\ehsra\Documents\GitHub\WMVxTOPNG\ModelsTree\World\wmo\Azeroth\Collidable Doodads\Wetlands\WetlandsWagon\Final,2,0,0,0,0,0,0,0,0,0,0,0,0,0,0,0,0,0,0,0,0,0,0,2,0,0
C:\Users\ehsra\Documents\GitHub\WMVxTOPNG\ModelsTree\World\wmo\Blacktemple,0,2,0,0,0,0,0,0,0,0,0,0,0,0,0,0,0,0,0,0,0,0,0,0,0,0
C:\Users\ehsra\Documents\GitHub\WMVxTOPNG\ModelsTree\World\wmo\Blacktemple\BarrierSpikesWall,4,0,0,0,0,0,0,0,0,0,0,0,0,0,0,0,0,0,0,0,0,0,0,4,0,0
C:\Users\ehsra\Documents\GitHub\WMVxTOPNG\ModelsTree\World\wmo\Blacktemple\WarMachines,4,0,0,0,0,0,0,0,0,0,0,0,0,0,0,0,0,0,0,0,0,0,0,4,0,0
C:\Users\ehsra\Documents\GitHub\WMVxTOPNG\ModelsTree\World\wmo\buildings,31,0,0,0,0,0,0,0,0,0,0,0,0,0,0,0,0,0,0,0,0,0,0,31,0,0
C:\Users\ehsra\Documents\GitHub\WMVxTOPNG\ModelsTree\World\wmo\Dungeon,0,100,0,0,0,0,0,0,0,0,0,0,0,0,0,0,0,0,0,0,0,0,0,0,0,0
C:\Users\ehsra\Documents\GitHub\WMVxTOPNG\ModelsTree\World\wmo\Dungeon\Azjol_Lowercity,35,0,0,0,0,0,0,0,0,0,0,0,0,0,0,0,0,0,0,0,0,0,0,35,0,0
C:\Users\ehsra\Documents\GitHub\WMVxTOPNG\ModelsTree\World\wmo\Dungeon\Azjol_Uppercity,6,0,0,0,0,0,0,0,0,0,0,0,0,0,0,0,0,0,0,0,0,0,0,6,0,0
C:\Users\ehsra\Documents\GitHub\WMVxTOPNG\ModelsTree\World\wmo\Dungeon\AZ_Blackrock,209,0,0,0,0,0,0,0,0,0,0,0,0,0,0,0,0,0,0,0,0,0,0,209,0,0
C:\Users\ehsra\Documents\GitHub\WMVxTOPNG\ModelsTree\World\wmo\Dungeon\AZ_Deadmines,102,0,0,0,0,0,0,0,0,0,0,0,0,0,0,0,0,0,0,0,0,0,0,102,0,0
C:\Users\ehsra\Documents\GitHub\WMVxTOPNG\ModelsTree\World\wmo\Dungeon\AZ_Karazahn,85,0,0,0,0,0,0,0,0,0,0,0,0,0,0,0,0,0,0,0,0,0,0,85,0,0
C:\Users\ehsra\Documents\GitHub\WMVxTOPNG\ModelsTree\World\wmo\Dungeon\AZ_StormwindPrisons,59,0,0,0,0,0,0,0,0,0,0,0,0,0,0,0,0,0,0,0,0,0,0,59,0,0
C:\Users\ehsra\Documents\GitHub\WMVxTOPNG\ModelsTree\World\wmo\Dungeon\AZ_Subway,21,0,0,0,0,0,0,0,0,0,0,0,0,0,0,0,0,0,0,0,0,0,0,21,0,0
C:\Users\ehsra\Documents\GitHub\WMVxTOPNG\ModelsTree\World\wmo\Dungeon\Blacktemple,72,0,0,0,0,0,0,0,0,0,0,0,0,0,0,0,0,0,0,0,0,0,0,72,0,0
C:\Users\ehsra\Documents\GitHub\WMVxTOPNG\ModelsTree\World\wmo\Dungeon\BoreanMagnataurMicro,24,0,0,0,0,0,0,0,0,0,0,0,0,0,0,0,0,0,0,0,0,0,0,24,0,0
C:\Users\ehsra\Documents\GitHub\WMVxTOPNG\ModelsTree\World\wmo\Dungeon\CavernsOfTime,85,0,0,0,0,0,0,0,0,0,0,0,0,0,0,0,0,0,0,0,0,0,0,85,0,0
C:\Users\ehsra\Documents\GitHub\WMVxTOPNG\ModelsTree\World\wmo\Dungeon\DrakTharon,17,0,0,0,0,0,0,0,0,0,0,0,0,0,0,0,0,0,0,0,0,0,0,17,0,0
C:\Users\ehsra\Documents\GitHub\WMVxTOPNG\ModelsTree\World\wmo\Dungeon\Gjalerbron,31,0,0,0,0,0,0,0,0,0,0,0,0,0,0,0,0,0,0,0,0,0,0,31,0,0
C:\Users\ehsra\Documents\GitHub\WMVxTOPNG\ModelsTree\World\wmo\Dungeon\GM_Dungeon,2,0,0,0,0,0,0,0,0,0,0,0,0,0,0,0,0,0,0,0,0,0,0,2,0,0
C:\Users\ehsra\Documents\GitHub\WMVxTOPNG\ModelsTree\World\wmo\Dungeon\Grizzlemaw,8,0,0,0,0,0,0,0,0,0,0,0,0,0,0,0,0,0,0,0,0,0,0,8,0,0
C:\Users\ehsra\Documents\GitHub\WMVxTOPNG\ModelsTree\World\wmo\Dungeon\Hellfire,56,0,0,0,0,0,0,0,0,0,0,0,0,0,0,0,0,0,0,0,0,0,0,56,0,0
C:\Users\ehsra\Documents\GitHub\WMVxTOPNG\ModelsTree\World\wmo\Dungeon\IceCrownRaid,75,0,0,0,0,0,0,0,0,0,0,0,0,0,0,0,0,0,0,0,0,0,0,75,0,0
C:\Users\ehsra\Documents\GitHub\WMVxTOPNG\ModelsTree\World\wmo\Dungeon\IceCrown_dungeon,19,0,0,0,0,0,0,0,0,0,0,0,0,0,0,0,0,0,0,0,0,0,0,19,0,0
C:\Users\ehsra\Documents\GitHub\WMVxTOPNG\ModelsTree\World\wmo\Dungeon\KL_AhnQiraj,173,0,0,0,0,0,0,0,0,0,0,0,0,0,0,0,0,0,0,0,0,0,0,173,0,0
C:\Users\ehsra\Documents\GitHub\WMVxTOPNG\ModelsTree\World\wmo\Dungeon\KL_Blackfathom,48,0,0,0,0,0,0,0,0,0,0,0,0,0,0,0,0,0,0,0,0,0,0,48,0,0
C:\Users\ehsra\Documents\GitHub\WMVxTOPNG\ModelsTree\World\wmo\Dungeon\KL_DireMaul,154,0,0,0,0,0,0,0,0,0,0,0,0,0,0,0,0,0,0,0,0,0,0,154,0,0
C:\Users\ehsra\Documents\GitHub\WMVxTOPNG\ModelsTree\World\wmo\Dungeon\KL_Maraudon,78,0,0,0,0,0,0,0,0,0,0,0,0,0,0,0,0,0,0,0,0,0,0,78,0,0
C:\Users\ehsra\Documents\GitHub\WMVxTOPNG\ModelsTree\World\wmo\Dungeon\KL_OnyxiasLair,24,0,0,0,0,0,0,0,0,0,0,0,0,0,0,0,0,0,0,0,0,0,0,24,0,0
C:\Users\ehsra\Documents\GitHub\WMVxTOPNG\ModelsTree\World\wmo\Dungeon\KL_OrgrimmarLavaDungeon,13,0,0,0,0,0,0,0,0,0,0,0,0,0,0,0,0,0,0,0,0,0,0,13,0,0
C:\Users\ehsra\Documents\GitHub\WMVxTOPNG\ModelsTree\World\wmo\Dungeon\KL_Razorfen,54,0,0,0,0,0,0,0,0,0,0,0,0,0,0,0,0,0,0,0,0,0,0,54,0,0
C:\Users\ehsra\Documents\GitHub\WMVxTOPNG\ModelsTree\World\wmo\Dungeon\KL_Wailing,43,0,0,0,0,0,0,0,0,0,0,0,0,0,0,0,0,0,0,0,0,0,0,43,0,0
C:\Users\ehsra\Documents\GitHub\WMVxTOPNG\ModelsTree\World\wmo\Dungeon\KZ_Gnomeragon,102,0,0,0,0,0,0,0,0,0,0,0,0,0,0,0,0,0,0,0,0,0,0,102,0,0
C:\Users\ehsra\Documents\GitHub\WMVxTOPNG\ModelsTree\World\wmo\Dungeon\KZ_Uldaman,146,0,0,0,0,0,0,0,0,0,0,0,0,0,0,0,0,0,0,0,0,0,0,146,0,0
C:\Users\ehsra\Documents\GitHub\WMVxTOPNG\ModelsTree\World\wmo\Dungeon\LD_DragonIsles,21,0,0,0,0,0,0,0,0,0,0,0,0,0,0,0,0,0,0,0,0,0,0,21,0,0
C:\Users\ehsra\Documents\GitHub\WMVxTOPNG\ModelsTree\World\wmo\Dungeon\LD_ScarletMonestary,98,0,0,0,0,0,0,0,0,0,0,0,0,0,0,0,0,0,0,0,0,0,0,98,0,0
C:\Users\ehsra\Documents\GitHub\WMVxTOPNG\ModelsTree\World\wmo\Dungeon\LD_ShadowFang,88,0,0,0,0,0,0,0,0,0,0,0,0,0,0,0,0,0,0,0,0,0,0,88,0,0
C:\Users\ehsra\Documents\GitHub\WMVxTOPNG\ModelsTree\World\wmo\Dungeon\LD_Stratholme,269,0,0,0,0,0,0,0,0,0,0,0,0,0,0,0,0,0,0,0,0,0,0,269,0,0
C:\Users\ehsra\Documents\GitHub\WMVxTOPNG\ModelsTree\World\wmo\Dungeon\MD_Algazgate,18,0,0,0,0,0,0,0,0,0,0,0,0,0,0,0,0,0,0,0,0,0,0,18,0,0
C:\Users\ehsra\Documents\GitHub\WMVxTOPNG\ModelsTree\World\wmo\Dungeon\MD_AnimalDen,3,0,0,0,0,0,0,0,0,0,0,0,0,0,0,0,0,0,0,0,0,0,0,3,0,0
C:\Users\ehsra\Documents\GitHub\WMVxTOPNG\ModelsTree\World\wmo\Dungeon\MD_Anvilmarpass,14,0,0,0,0,0,0,0,0,0,0,0,0,0,0,0,0,0,0,0,0,0,0,14,0,0
C:\Users\ehsra\Documents\GitHub\WMVxTOPNG\ModelsTree\World\wmo\Dungeon\MD_BarrowDens,104,0,0,0,0,0,0,0,0,0,0,0,0,0,0,0,0,0,0,0,0,0,0,104,0,0
C:\Users\ehsra\Documents\GitHub\WMVxTOPNG\ModelsTree\World\wmo\Dungeon\MD_BarrowDensOneRm,26,0,0,0,0,0,0,0,0,0,0,0,0,0,0,0,0,0,0,0,0,0,0,26,0,0
C:\Users\ehsra\Documents\GitHub\WMVxTOPNG\ModelsTree\World\wmo\Dungeon\MD_Bloodelf_crystaltower,2,0,0,0,0,0,0,0,0,0,0,0,0,0,0,0,0,0,0,0,0,0,0,2,0,0
C:\Users\ehsra\Documents\GitHub\WMVxTOPNG\ModelsTree\World\wmo\Dungeon\MD_Caveden,24,0,0,0,0,0,0,0,0,0,0,0,0,0,0,0,0,0,0,0,0,0,0,24,0,0
C:\Users\ehsra\Documents\GitHub\WMVxTOPNG\ModelsTree\World\wmo\Dungeon\MD_CaveTunnels,87,0,0,0,0,0,0,0,0,0,0,0,0,0,0,0,0,0,0,0,0,0,0,87,0,0
C:\Users\ehsra\Documents\GitHub\WMVxTOPNG\ModelsTree\World\wmo\Dungeon\MD_Crypt,62,0,0,0,0,0,0,0,0,0,0,0,0,0,0,0,0,0,0,0,0,0,0,62,0,0
C:\Users\ehsra\Documents\GitHub\WMVxTOPNG\ModelsTree\World\wmo\Dungeon\MD_CryptOneRm,6,0,0,0,0,0,0,0,0,0,0,0,0,0,0,0,0,0,0,0,0,0,0,6,0,0
C:\Users\ehsra\Documents\GitHub\WMVxTOPNG\ModelsTree\World\wmo\Dungeon\MD_CryptSchool,13,0,0,0,0,0,0,0,0,0,0,0,0,0,0,0,0,0,0,0,0,0,0,13,0,0
C:\Users\ehsra\Documents\GitHub\WMVxTOPNG\ModelsTree\World\wmo\Dungeon\MD_CryptSimpleEnt,6,0,0,0,0,0,0,0,0,0,0,0,0,0,0,0,0,0,0,0,0,0,0,6,0,0
C:\Users\ehsra\Documents\GitHub\WMVxTOPNG\ModelsTree\World\wmo\Dungeon\MD_DiamondMt,6,0,0,0,0,0,0,0,0,0,0,0,0,0,0,0,0,0,0,0,0,0,0,6,0,0
C:\Users\ehsra\Documents\GitHub\WMVxTOPNG\ModelsTree\World\wmo\Dungeon\MD_DragonShrines,3,0,0,0,0,0,0,0,0,0,0,0,0,0,0,0,0,0,0,0,0,0,0,3,0,0
C:\Users\ehsra\Documents\GitHub\WMVxTOPNG\ModelsTree\World\wmo\Dungeon\MD_Dwarven Tunnels,63,0,0,0,0,0,0,0,0,0,0,0,0,0,0,0,0,0,0,0,0,0,0,63,0,0
C:\Users\ehsra\Documents\GitHub\WMVxTOPNG\ModelsTree\World\wmo\Dungeon\MD_FishingHole,3,0,0,0,0,0,0,0,0,0,0,0,0,0,0,0,0,0,0,0,0,0,0,3,0,0
C:\Users\ehsra\Documents\GitHub\WMVxTOPNG\ModelsTree\World\wmo\Dungeon\MD_FrostGiant,5,0,0,0,0,0,0,0,0,0,0,0,0,0,0,0,0,0,0,0,0,0,0,5,0,0
C:\Users\ehsra\Documents\GitHub\WMVxTOPNG\ModelsTree\World\wmo\Dungeon\MD_Goldmine,102,0,0,0,0,0,0,0,0,0,0,0,0,0,0,0,0,0,0,0,0,0,0,102,0,0
C:\Users\ehsra\Documents\GitHub\WMVxTOPNG\ModelsTree\World\wmo\Dungeon\MD_gorge,17,0,0,0,0,0,0,0,0,0,0,0,0,0,0,0,0,0,0,0,0,0,0,17,0,0
C:\Users\ehsra\Documents\GitHub\WMVxTOPNG\ModelsTree\World\wmo\Dungeon\MD_Hive,115,0,0,0,0,0,0,0,0,0,0,0,0,0,0,0,0,0,0,0,0,0,0,115,0,0
C:\Users\ehsra\Documents\GitHub\WMVxTOPNG\ModelsTree\World\wmo\Dungeon\MD_Hordemine,22,0,0,0,0,0,0,0,0,0,0,0,0,0,0,0,0,0,0,0,0,0,0,22,0,0
C:\Users\ehsra\Documents\GitHub\WMVxTOPNG\ModelsTree\World\wmo\Dungeon\MD_Magnataur,27,0,0,0,0,0,0,0,0,0,0,0,0,0,0,0,0,0,0,0,0,0,0,27,0,0
C:\Users\ehsra\Documents\GitHub\WMVxTOPNG\ModelsTree\World\wmo\Dungeon\MD_Mountaincave,305,0,0,0,0,0,0,0,0,0,0,0,0,0,0,0,0,0,0,0,0,0,0,305,0,0
C:\Users\ehsra\Documents\GitHub\WMVxTOPNG\ModelsTree\World\wmo\Dungeon\MD_NagaTemple,7,0,0,0,0,0,0,0,0,0,0,0,0,0,0,0,0,0,0,0,0,0,0,7,0,0
C:\Users\ehsra\Documents\GitHub\WMVxTOPNG\ModelsTree\World\wmo\Dungeon\MD_Ogremound,82,0,0,0,0,0,0,0,0,0,0,0,0,0,0,0,0,0,0,0,0,0,0,82,0,0
C:\Users\ehsra\Documents\GitHub\WMVxTOPNG\ModelsTree\World\wmo\Dungeon\MD_Pirateship,45,0,0,0,0,0,0,0,0,0,0,0,0,0,0,0,0,0,0,0,0,0,0,45,0,0
C:\Users\ehsra\Documents\GitHub\WMVxTOPNG\ModelsTree\World\wmo\Dungeon\MD_Ruinedfortress,19,0,0,0,0,0,0,0,0,0,0,0,0,0,0,0,0,0,0,0,0,0,0,19,0,0
C:\Users\ehsra\Documents\GitHub\WMVxTOPNG\ModelsTree\World\wmo\Dungeon\MD_Ruinedkeep,59,0,0,0,0,0,0,0,0,0,0,0,0,0,0,0,0,0,0,0,0,0,0,59,0,0
C:\Users\ehsra\Documents\GitHub\WMVxTOPNG\ModelsTree\World\wmo\Dungeon\MD_Shipwreck,20,0,0,0,0,0,0,0,0,0,0,0,0,0,0,0,0,0,0,0,0,0,0,20,0,0
C:\Users\ehsra\Documents\GitHub\WMVxTOPNG\ModelsTree\World\wmo\Dungeon\MD_Sinkhole,5,0,0,0,0,0,0,0,0,0,0,0,0,0,0,0,0,0,0,0,0,0,0,5,0,0
C:\Users\ehsra\Documents\GitHub\WMVxTOPNG\ModelsTree\World\wmo\Dungeon\MD_Spidermine,26,0,0,0,0,0,0,0,0,0,0,0,0,0,0,0,0,0,0,0,0,0,0,26,0,0
C:\Users\ehsra\Documents\GitHub\WMVxTOPNG\ModelsTree\World\wmo\Dungeon\MD_Stratholme_Plaguewood_Tunnel,26,0,0,0,0,0,0,0,0,0,0,0,0,0,0,0,0,0,0,0,0,0,0,26,0,0
C:\Users\ehsra\Documents\GitHub\WMVxTOPNG\ModelsTree\World\wmo\Dungeon\MD_TimbermawHold,42,0,0,0,0,0,0,0,0,0,0,0,0,0,0,0,0,0,0,0,0,0,0,42,0,0
C:\Users\ehsra\Documents\GitHub\WMVxTOPNG\ModelsTree\World\wmo\Dungeon\MD_WinterfinCave,10,0,0,0,0,0,0,0,0,0,0,0,0,0,0,0,0,0,0,0,0,0,0,10,0,0
C:\Users\ehsra\Documents\GitHub\WMVxTOPNG\ModelsTree\World\wmo\Dungeon\MD_ZD_Coliseum,13,0,0,0,0,0,0,0,0,0,0,0,0,0,0,0,0,0,0,0,0,0,0,13,0,0
C:\Users\ehsra\Documents\GitHub\WMVxTOPNG\ModelsTree\World\wmo\Dungeon\micro_dungeons,5,0,0,0,0,0,0,0,0,0,0,0,0,0,0,0,0,0,0,0,0,0,0,5,0,0
C:\Users\ehsra\Documents\GitHub\WMVxTOPNG\ModelsTree\World\wmo\Dungeon\Monestary,47,0,0,0,0,0,0,0,0,0,0,0,0,0,0,0,0,0,0,0,0,0,0,47,0,0
C:\Users\ehsra\Documents\GitHub\WMVxTOPNG\ModelsTree\World\wmo\Dungeon\ND_ArugalsTower,6,0,0,0,0,0,0,0,0,0,0,0,0,0,0,0,0,0,0,0,0,0,0,6,0,0
C:\Users\ehsra\Documents\GitHub\WMVxTOPNG\ModelsTree\World\wmo\Dungeon\ND_Chamberblack,4,0,0,0,0,0,0,0,0,0,0,0,0,0,0,0,0,0,0,0,0,0,0,4,0,0
C:\Users\ehsra\Documents\GitHub\WMVxTOPNG\ModelsTree\World\wmo\Dungeon\ND_ChamberRed,2,0,0,0,0,0,0,0,0,0,0,0,0,0,0,0,0,0,0,0,0,0,0,2,0,0
C:\Users\ehsra\Documents\GitHub\WMVxTOPNG\ModelsTree\World\wmo\Dungeon\ND_DalaranPrison,2,0,0,0,0,0,0,0,0,0,0,0,0,0,0,0,0,0,0,0,0,0,0,2,0,0
C:\Users\ehsra\Documents\GitHub\WMVxTOPNG\ModelsTree\World\wmo\Dungeon\ND_DrakTharon72,29,0,0,0,0,0,0,0,0,0,0,0,0,0,0,0,0,0,0,0,0,0,0,29,0,0
C:\Users\ehsra\Documents\GitHub\WMVxTOPNG\ModelsTree\World\wmo\Dungeon\ND_GunDrak,37,0,0,0,0,0,0,0,0,0,0,0,0,0,0,0,0,0,0,0,0,0,0,37,0,0
C:\Users\ehsra\Documents\GitHub\WMVxTOPNG\ModelsTree\World\wmo\Dungeon\ND_Necropolis,29,0,0,0,0,0,0,0,0,0,0,0,0,0,0,0,0,0,0,0,0,0,0,29,0,0
C:\Users\ehsra\Documents\GitHub\WMVxTOPNG\ModelsTree\World\wmo\Dungeon\ND_NerubianMicros,8,0,0,0,0,0,0,0,0,0,0,0,0,0,0,0,0,0,0,0,0,0,0,8,0,0
C:\Users\ehsra\Documents\GitHub\WMVxTOPNG\ModelsTree\World\wmo\Dungeon\ND_Sholazar_Geodemicro,3,0,0,0,0,0,0,0,0,0,0,0,0,0,0,0,0,0,0,0,0,0,0,3,0,0
C:\Users\ehsra\Documents\GitHub\WMVxTOPNG\ModelsTree\World\wmo\Dungeon\ND_Stratholme,43,0,0,0,0,0,0,0,0,0,0,0,0,0,0,0,0,0,0,0,0,0,0,43,0,0
C:\Users\ehsra\Documents\GitHub\WMVxTOPNG\ModelsTree\World\wmo\Dungeon\ND_TitanMicros,40,0,0,0,0,0,0,0,0,0,0,0,0,0,0,0,0,0,0,0,0,0,0,40,0,0
C:\Users\ehsra\Documents\GitHub\WMVxTOPNG\ModelsTree\World\wmo\Dungeon\ND_VrykulMicros,21,0,0,0,0,0,0,0,0,0,0,0,0,0,0,0,0,0,0,0,0,0,0,21,0,0
C:\Users\ehsra\Documents\GitHub\WMVxTOPNG\ModelsTree\World\wmo\Dungeon\Nexus,62,1,0,0,0,0,0,0,0,0,0,0,0,0,0,0,0,0,0,0,0,0,0,62,0,0
C:\Users\ehsra\Documents\GitHub\WMVxTOPNG\ModelsTree\World\wmo\Dungeon\Nexus\Platforms,21,0,0,0,0,0,0,0,0,0,0,0,0,0,0,0,0,0,0,0,0,0,0,21,0,0
C:\Users\ehsra\Documents\GitHub\WMVxTOPNG\ModelsTree\World\wmo\Dungeon\OL_Auchindoun,122,1,0,0,0,0,0,0,0,0,0,0,0,0,0,0,0,0,0,0,0,0,0,122,0,0
C:\Users\ehsra\Documents\GitHub\WMVxTOPNG\ModelsTree\World\wmo\Dungeon\OL_Auchindoun\bridge,2,0,0,0,0,0,0,0,0,0,0,0,0,0,0,0,0,0,0,0,0,0,0,2,0,0
C:\Users\ehsra\Documents\GitHub\WMVxTOPNG\ModelsTree\World\wmo\Dungeon\OL_Coilfang,33,0,0,0,0,0,0,0,0,0,0,0,0,0,0,0,0,0,0,0,0,0,0,33,0,0
C:\Users\ehsra\Documents\GitHub\WMVxTOPNG\ModelsTree\World\wmo\Dungeon\OL_GronnRaid,10,0,0,0,0,0,0,0,0,0,0,0,0,0,0,0,0,0,0,0,0,0,0,10,0,0
C:\Users\ehsra\Documents\GitHub\WMVxTOPNG\ModelsTree\World\wmo\Dungeon\OL_OgreHuts,23,0,0,0,0,0,0,0,0,0,0,0,0,0,0,0,0,0,0,0,0,0,0,23,0,0
C:\Users\ehsra\Documents\GitHub\WMVxTOPNG\ModelsTree\World\wmo\Dungeon\OL_TempestKeep,117,0,0,0,0,0,0,0,0,0,0,0,0,0,0,0,0,0,0,0,0,0,0,117,0,0
C:\Users\ehsra\Documents\GitHub\WMVxTOPNG\ModelsTree\World\wmo\Dungeon\QT_Sunwell,55,0,0,0,0,0,0,0,0,0,0,0,0,0,0,0,0,0,0,0,0,0,0,55,0,0
C:\Users\ehsra\Documents\GitHub\WMVxTOPNG\ModelsTree\World\wmo\Dungeon\QT_Sunwell_5Man,22,0,0,0,0,0,0,0,0,0,0,0,0,0,0,0,0,0,0,0,0,0,0,22,0,0
C:\Users\ehsra\Documents\GitHub\WMVxTOPNG\ModelsTree\World\wmo\Dungeon\QT_Sunwell_Dock,7,0,0,0,0,0,0,0,0,0,0,0,0,0,0,0,0,0,0,0,0,0,0,7,0,0
C:\Users\ehsra\Documents\GitHub\WMVxTOPNG\ModelsTree\World\wmo\Dungeon\QT_Sunwell_Facades,67,0,0,0,0,0,0,0,0,0,0,0,0,0,0,0,0,0,0,0,0,0,0,67,0,0
C:\Users\ehsra\Documents\GitHub\WMVxTOPNG\ModelsTree\World\wmo\Dungeon\RubySanctum,2,0,0,0,0,0,0,0,0,0,0,0,0,0,0,0,0,0,0,0,0,0,0,2,0,0
C:\Users\ehsra\Documents\GitHub\WMVxTOPNG\ModelsTree\World\wmo\Dungeon\SunkenTemple,160,0,0,0,0,0,0,0,0,0,0,0,0,0,0,0,0,0,0,0,0,0,0,160,0,0
C:\Users\ehsra\Documents\GitHub\WMVxTOPNG\ModelsTree\World\wmo\Dungeon\Sunstrider_Anchorage,14,0,0,0,0,0,0,0,0,0,0,0,0,0,0,0,0,0,0,0,0,0,0,14,0,0
C:\Users\ehsra\Documents\GitHub\WMVxTOPNG\ModelsTree\World\wmo\Dungeon\Terokkar_trees,12,0,0,0,0,0,0,0,0,0,0,0,0,0,0,0,0,0,0,0,0,0,0,12,0,0
C:\Users\ehsra\Documents\GitHub\WMVxTOPNG\ModelsTree\World\wmo\Dungeon\test,48,0,0,0,0,0,0,0,0,0,0,0,0,0,0,0,0,0,0,0,0,0,0,48,0,0
C:\Users\ehsra\Documents\GitHub\WMVxTOPNG\ModelsTree\World\wmo\Dungeon\Thor_Modan,5,0,0,0,0,0,0,0,0,0,0,0,0,0,0,0,0,0,0,0,0,0,0,5,0,0
C:\Users\ehsra\Documents\GitHub\WMVxTOPNG\ModelsTree\World\wmo\Dungeon\Ulduar,178,0,0,0,0,0,0,0,0,0,0,0,0,0,0,0,0,0,0,0,0,0,0,178,0,0
C:\Users\ehsra\Documents\GitHub\WMVxTOPNG\ModelsTree\World\wmo\Dungeon\Valgarde,74,0,0,0,0,0,0,0,0,0,0,0,0,0,0,0,0,0,0,0,0,0,0,74,0,0
C:\Users\ehsra\Documents\GitHub\WMVxTOPNG\ModelsTree\World\wmo\Dungeon\Wintergrasp,17,0,0,0,0,0,0,0,0,0,0,0,0,0,0,0,0,0,0,0,0,0,0,17,0,0
C:\Users\ehsra\Documents\GitHub\WMVxTOPNG\ModelsTree\World\wmo\Dungeon\woodtroll_temple,17,0,0,0,0,0,0,0,0,0,0,0,0,0,0,0,0,0,0,0,0,0,0,17,0,0
C:\Users\ehsra\Documents\GitHub\WMVxTOPNG\ModelsTree\World\wmo\elevators,0,2,0,0,0,0,0,0,0,0,0,0,0,0,0,0,0,0,0,0,0,0,0,0,0,0
C:\Users\ehsra\Documents\GitHub\WMVxTOPNG\ModelsTree\World\wmo\elevators\ancDraeneiElevator,2,0,0,0,0,0,0,0,0,0,0,0,0,0,0,0,0,0,0,0,0,0,0,2,0,0
C:\Users\ehsra\Documents\GitHub\WMVxTOPNG\ModelsTree\World\wmo\elevators\ThousandNeedlesElevator,3,0,0,0,0,0,0,0,0,0,0,0,0,0,0,0,0,0,0,0,0,0,0,3,0,0
C:\Users\ehsra\Documents\GitHub\WMVxTOPNG\ModelsTree\World\wmo\Exterior_Designers,4,2,0,0,0,0,0,0,0,0,0,0,0,0,0,0,0,0,0,0,0,0,0,4,0,0
C:\Users\ehsra\Documents\GitHub\WMVxTOPNG\ModelsTree\World\wmo\Exterior_Designers\AzjolNerub,2,0,0,0,0,0,0,0,0,0,0,0,0,0,0,0,0,0,0,0,0,0,0,2,0,0
C:\Users\ehsra\Documents\GitHub\WMVxTOPNG\ModelsTree\World\wmo\Exterior_Designers\HowlingFjord,29,0,0,0,0,0,0,0,0,0,0,0,0,0,0,0,0,0,0,0,0,0,0,29,0,0
C:\Users\ehsra\Documents\GitHub\WMVxTOPNG\ModelsTree\World\wmo\Kalimdor,0,17,0,0,0,0,0,0,0,0,0,0,0,0,0,0,0,0,0,0,0,0,0,0,0,0
C:\Users\ehsra\Documents\GitHub\WMVxTOPNG\ModelsTree\World\wmo\Kalimdor\Buildings,0,46,0,0,0,0,0,0,0,0,0,0,0,0,0,0,0,0,0,0,0,0,0,0,0,0
C:\Users\ehsra\Documents\GitHub\WMVxTOPNG\ModelsTree\World\wmo\Kalimdor\Buildings\AzsharaOutpost,2,0,0,0,0,0,0,0,0,0,0,0,0,0,0,0,0,0,0,0,0,0,0,2,0,0
C:\Users\ehsra\Documents\GitHub\WMVxTOPNG\ModelsTree\World\wmo\Kalimdor\Buildings\Azuremyst,0,1,0,0,0,0,0,0,0,0,0,0,0,0,0,0,0,0,0,0,0,0,0,0,0,0
C:\Users\ehsra\Documents\GitHub\WMVxTOPNG\ModelsTree\World\wmo\Kalimdor\Buildings\Azuremyst\Dock,2,0,0,0,0,0,0,0,0,0,0,0,0,0,0,0,0,0,0,0,0,0,0,2,0,0
C:\Users\ehsra\Documents\GitHub\WMVxTOPNG\ModelsTree\World\wmo\Kalimdor\Buildings\ClassicalElfRuins,57,0,0,0,0,1,0,0,0,0,0,0,0,0,0,0,0,0,0,0,0,0,0,56,0,0
C:\Users\ehsra\Documents\GitHub\WMVxTOPNG\ModelsTree\World\wmo\Kalimdor\Buildings\Durotar,0,1,0,0,0,0,0,0,0,0,0,0,0,0,0,0,0,0,0,0,0,0,0,0,0,0
C:\Users\ehsra\Documents\GitHub\WMVxTOPNG\ModelsTree\World\wmo\Kalimdor\Buildings\Durotar\TiriGardeKeep,4,0,0,0,0,0,0,0,0,0,0,0,0,0,0,0,0,0,0,0,0,0,0,4,0,0
C:\Users\ehsra\Documents\GitHub\WMVxTOPNG\ModelsTree\World\wmo\Kalimdor\Buildings\Dwarf,32,0,0,0,0,0,0,0,0,0,0,0,0,0,0,0,0,0,0,0,0,0,0,32,0,0
C:\Users\ehsra\Documents\GitHub\WMVxTOPNG\ModelsTree\World\wmo\Kalimdor\Buildings\GoblinHoldingPen,2,0,0,0,0,0,0,0,0,0,0,0,0,0,0,0,0,0,0,0,0,0,0,2,0,0
C:\Users\ehsra\Documents\GitHub\WMVxTOPNG\ModelsTree\World\wmo\Kalimdor\Buildings\GoblinHut,32,0,0,0,0,0,0,0,0,0,0,0,0,0,0,0,0,0,0,0,0,0,0,32,0,0
C:\Users\ehsra\Documents\GitHub\WMVxTOPNG\ModelsTree\World\wmo\Kalimdor\Buildings\GoblinLab,4,0,0,0,0,0,0,0,0,0,0,0,0,0,0,0,0,0,0,0,0,0,0,4,0,0
C:\Users\ehsra\Documents\GitHub\WMVxTOPNG\ModelsTree\World\wmo\Kalimdor\Buildings\NagaPagoda,8,0,0,0,0,0,0,0,0,0,0,0,0,0,0,0,0,0,0,0,0,0,0,8,0,0
C:\Users\ehsra\Documents\GitHub\WMVxTOPNG\ModelsTree\World\wmo\Kalimdor\Buildings\NightElf2Story,4,0,0,0,0,0,0,0,0,0,0,0,0,0,0,0,0,0,0,0,0,0,0,4,0,0
C:\Users\ehsra\Documents\GitHub\WMVxTOPNG\ModelsTree\World\wmo\Kalimdor\Buildings\NightElfAbbey,12,0,0,0,0,0,0,0,0,0,0,0,0,0,0,0,0,0,0,0,0,0,0,12,0,0
C:\Users\ehsra\Documents\GitHub\WMVxTOPNG\ModelsTree\World\wmo\Kalimdor\Buildings\NightElfDruidTower,8,0,0,0,0,0,0,0,0,0,0,0,0,0,0,0,0,0,0,0,0,0,0,8,0,0
C:\Users\ehsra\Documents\GitHub\WMVxTOPNG\ModelsTree\World\wmo\Kalimdor\Buildings\NightElfGuardTower,9,0,0,0,0,0,0,0,0,0,0,0,0,0,0,0,0,0,0,0,0,0,0,9,0,0
C:\Users\ehsra\Documents\GitHub\WMVxTOPNG\ModelsTree\World\wmo\Kalimdor\Buildings\NightElfHuntersLodge,4,0,0,0,0,0,0,0,0,0,0,0,0,0,0,0,0,0,0,0,0,0,0,4,0,0
C:\Users\ehsra\Documents\GitHub\WMVxTOPNG\ModelsTree\World\wmo\Kalimdor\Buildings\NightElfInn,4,0,0,0,0,0,0,0,0,0,0,0,0,0,0,0,0,0,0,0,0,0,0,4,0,0
C:\Users\ehsra\Documents\GitHub\WMVxTOPNG\ModelsTree\World\wmo\Kalimdor\Buildings\NightElfMoonWell,10,0,0,0,0,0,0,0,0,0,0,0,0,0,0,0,0,0,0,0,0,0,0,10,0,0
C:\Users\ehsra\Documents\GitHub\WMVxTOPNG\ModelsTree\World\wmo\Kalimdor\Buildings\NightElfOutpost,6,0,0,0,0,0,0,0,0,0,0,0,0,0,0,0,0,0,0,0,0,0,0,6,0,0
C:\Users\ehsra\Documents\GitHub\WMVxTOPNG\ModelsTree\World\wmo\Kalimdor\Buildings\NightElfSmallHouse,16,0,0,0,0,0,0,0,0,0,0,0,0,0,0,0,0,0,0,0,0,0,0,16,0,0
C:\Users\ehsra\Documents\GitHub\WMVxTOPNG\ModelsTree\World\wmo\Kalimdor\Buildings\NightElfSouthGate,2,0,0,0,0,0,0,0,0,0,0,0,0,0,0,0,0,0,0,0,0,0,0,2,0,0
C:\Users\ehsra\Documents\GitHub\WMVxTOPNG\ModelsTree\World\wmo\Kalimdor\Buildings\OrcBarracks,20,0,0,0,0,0,0,0,0,0,0,0,0,0,0,0,0,0,0,0,0,0,0,20,0,0
C:\Users\ehsra\Documents\GitHub\WMVxTOPNG\ModelsTree\World\wmo\Kalimdor\Buildings\OrcBlacksmith,8,0,0,0,0,0,0,0,0,0,0,0,0,0,0,0,0,0,0,0,0,0,0,8,0,0
C:\Users\ehsra\Documents\GitHub\WMVxTOPNG\ModelsTree\World\wmo\Kalimdor\Buildings\OrcFortress,66,0,0,0,0,0,0,0,0,0,0,0,0,0,0,0,0,0,0,0,0,0,0,66,0,0
C:\Users\ehsra\Documents\GitHub\WMVxTOPNG\ModelsTree\World\wmo\Kalimdor\Buildings\OrcGreatHall,20,0,0,0,0,0,0,0,0,0,0,0,0,0,0,0,0,0,0,0,0,0,0,20,0,0
C:\Users\ehsra\Documents\GitHub\WMVxTOPNG\ModelsTree\World\wmo\Kalimdor\Buildings\OrcHut,12,0,0,0,0,0,0,0,0,0,0,0,0,0,0,0,0,0,0,0,0,0,0,12,0,0
C:\Users\ehsra\Documents\GitHub\WMVxTOPNG\ModelsTree\World\wmo\Kalimdor\Buildings\OrcInn,4,0,0,0,0,0,0,0,0,0,0,0,0,0,0,0,0,0,0,0,0,0,0,4,0,0
C:\Users\ehsra\Documents\GitHub\WMVxTOPNG\ModelsTree\World\wmo\Kalimdor\Buildings\OrcKennel,8,0,0,0,0,0,0,0,0,0,0,0,0,0,0,0,0,0,0,0,0,0,0,8,0,0
C:\Users\ehsra\Documents\GitHub\WMVxTOPNG\ModelsTree\World\wmo\Kalimdor\Buildings\OrcMageTower,36,0,0,0,0,0,0,0,0,0,0,0,0,0,0,0,0,0,0,0,0,0,0,36,0,0
C:\Users\ehsra\Documents\GitHub\WMVxTOPNG\ModelsTree\World\wmo\Kalimdor\Buildings\OrcMedium,16,0,0,0,0,0,0,0,0,0,0,0,0,0,0,0,0,0,0,0,0,0,0,16,0,0
C:\Users\ehsra\Documents\GitHub\WMVxTOPNG\ModelsTree\World\wmo\Kalimdor\Buildings\OrcTower,13,0,0,0,0,0,0,0,0,0,0,0,0,0,0,0,0,0,0,0,0,0,0,13,0,0
C:\Users\ehsra\Documents\GitHub\WMVxTOPNG\ModelsTree\World\wmo\Kalimdor\Buildings\OrcTwoStory,6,0,0,0,0,0,0,0,0,0,0,0,0,0,0,0,0,0,0,0,0,0,0,6,0,0
C:\Users\ehsra\Documents\GitHub\WMVxTOPNG\ModelsTree\World\wmo\Kalimdor\Buildings\OrcZeppelinHouse,9,0,0,0,0,0,0,0,0,0,0,0,0,0,0,0,0,0,0,0,0,0,0,9,0,0
C:\Users\ehsra\Documents\GitHub\WMVxTOPNG\ModelsTree\World\wmo\Kalimdor\Buildings\Quillboar,10,0,0,0,0,0,0,0,0,0,0,0,0,0,0,0,0,0,0,0,0,0,0,10,0,0
C:\Users\ehsra\Documents\GitHub\WMVxTOPNG\ModelsTree\World\wmo\Kalimdor\Buildings\TanarisRuins,26,0,0,0,0,0,0,0,0,0,0,0,0,0,0,0,0,0,0,0,0,0,0,26,0,0
C:\Users\ehsra\Documents\GitHub\WMVxTOPNG\ModelsTree\World\wmo\Kalimdor\Buildings\TanarisShipYard,2,0,0,0,0,0,0,0,0,0,0,0,0,0,0,0,0,0,0,0,0,0,0,2,0,0
C:\Users\ehsra\Documents\GitHub\WMVxTOPNG\ModelsTree\World\wmo\Kalimdor\Buildings\TaurenDruidTent,2,0,0,0,0,0,0,0,0,0,0,0,0,0,0,0,0,0,0,0,0,0,0,2,0,0
C:\Users\ehsra\Documents\GitHub\WMVxTOPNG\ModelsTree\World\wmo\Kalimdor\Buildings\TaurenHunterTent,4,0,0,0,0,0,0,0,0,0,0,0,0,0,0,0,0,0,0,0,0,0,0,4,0,0
C:\Users\ehsra\Documents\GitHub\WMVxTOPNG\ModelsTree\World\wmo\Kalimdor\Buildings\TaurenHuts,26,0,0,0,0,0,0,0,0,0,0,0,0,0,0,0,0,0,0,0,0,0,0,26,0,0
C:\Users\ehsra\Documents\GitHub\WMVxTOPNG\ModelsTree\World\wmo\Kalimdor\Buildings\TaurenLonghouse,3,0,0,0,0,0,0,0,0,0,0,0,0,0,0,0,0,0,0,0,0,0,0,3,0,0
C:\Users\ehsra\Documents\GitHub\WMVxTOPNG\ModelsTree\World\wmo\Kalimdor\Buildings\TaurenShamanTent,2,0,0,0,0,0,0,0,0,0,0,0,0,0,0,0,0,0,0,0,0,0,0,2,0,0
C:\Users\ehsra\Documents\GitHub\WMVxTOPNG\ModelsTree\World\wmo\Kalimdor\Buildings\TrollBridge,2,0,0,0,0,0,0,0,0,0,0,0,0,0,0,0,0,0,0,0,0,0,0,2,0,0
C:\Users\ehsra\Documents\GitHub\WMVxTOPNG\ModelsTree\World\wmo\Kalimdor\Buildings\TrollBurrow,12,0,0,0,0,0,0,0,0,0,0,0,0,0,0,0,0,0,0,0,0,0,0,12,0,0
C:\Users\ehsra\Documents\GitHub\WMVxTOPNG\ModelsTree\World\wmo\Kalimdor\Buildings\TrollHotel,5,0,0,0,0,0,0,0,0,0,0,0,0,0,0,0,0,0,0,0,0,0,0,5,0,0
C:\Users\ehsra\Documents\GitHub\WMVxTOPNG\ModelsTree\World\wmo\Kalimdor\Buildings\Trollhut,14,0,0,0,0,0,0,0,0,0,0,0,0,0,0,0,0,0,0,0,0,0,0,14,0,0
C:\Users\ehsra\Documents\GitHub\WMVxTOPNG\ModelsTree\World\wmo\Kalimdor\Buildings\TrollShop,2,0,0,0,0,0,0,0,0,0,0,0,0,0,0,0,0,0,0,0,0,0,0,2,0,0
C:\Users\ehsra\Documents\GitHub\WMVxTOPNG\ModelsTree\World\wmo\Kalimdor\Buildings\TrollShoppingMall,2,0,0,0,0,0,0,0,0,0,0,0,0,0,0,0,0,0,0,0,0,0,0,2,0,0
C:\Users\ehsra\Documents\GitHub\WMVxTOPNG\ModelsTree\World\wmo\Kalimdor\Buildings\WyvernNest,3,0,0,0,0,0,0,0,0,0,0,0,0,0,0,0,0,0,0,0,0,0,0,3,0,0
C:\Users\ehsra\Documents\GitHub\WMVxTOPNG\ModelsTree\World\wmo\Kalimdor\CollidableDoodads,0,17,0,0,0,0,0,0,0,0,0,0,0,0,0,0,0,0,0,0,0,0,0,0,0,0
C:\Users\ehsra\Documents\GitHub\WMVxTOPNG\ModelsTree\World\wmo\Kalimdor\CollidableDoodads\Barrens,0,1,0,0,0,0,0,0,0,0,0,0,0,0,0,0,0,0,0,0,0,0,0,0,0,0
C:\Users\ehsra\Documents\GitHub\WMVxTOPNG\ModelsTree\World\wmo\Kalimdor\CollidableDoodads\Barrens\ExcavationPlatform,2,0,0,0,0,0,0,0,0,0,0,0,0,0,0,0,0,0,0,0,0,0,0,2,0,0
C:\Users\ehsra\Documents\GitHub\WMVxTOPNG\ModelsTree\World\wmo\Kalimdor\CollidableDoodads\Darkshore,0,8,0,0,0,0,0,0,0,0,0,0,0,0,0,0,0,0,0,0,0,0,0,0,0,0
C:\Users\ehsra\Documents\GitHub\WMVxTOPNG\ModelsTree\World\wmo\Kalimdor\CollidableDoodads\Darkshore\AuberdineDocks,2,0,0,0,0,0,0,0,0,0,0,0,0,0,0,0,0,0,0,0,0,0,0,2,0,0
C:\Users\ehsra\Documents\GitHub\WMVxTOPNG\ModelsTree\World\wmo\Kalimdor\CollidableDoodads\Darkshore\Bridge,0,1,0,0,0,0,0,0,0,0,0,0,0,0,0,0,0,0,0,0,0,0,0,0,0,0
C:\Users\ehsra\Documents\GitHub\WMVxTOPNG\ModelsTree\World\wmo\Kalimdor\CollidableDoodads\Darkshore\Bridge\DarkshoreBridge,0,1,0,0,0,0,0,0,0,0,0,0,0,0,0,0,0,0,0,0,0,0,0,0,0,0
C:\Users\ehsra\Documents\GitHub\WMVxTOPNG\ModelsTree\World\wmo\Kalimdor\CollidableDoodads\Darkshore\Bridge\DarkshoreBridge\Brian,8,0,0,0,0,0,0,0,0,0,0,0,0,0,0,0,0,0,0,0,0,0,0,8,0,0
C:\Users\ehsra\Documents\GitHub\WMVxTOPNG\ModelsTree\World\wmo\Kalimdor\CollidableDoodads\Darkshore\DarkshoreDocks,12,0,0,0,0,0,0,0,0,0,0,0,0,0,0,0,0,0,0,0,0,0,0,12,0,0
C:\Users\ehsra\Documents\GitHub\WMVxTOPNG\ModelsTree\World\wmo\Kalimdor\CollidableDoodads\Darkshore\DarkshoreExcavation,4,0,0,0,0,0,0,0,0,0,0,0,0,0,0,0,0,0,0,0,0,0,0,4,0,0
C:\Users\ehsra\Documents\GitHub\WMVxTOPNG\ModelsTree\World\wmo\Kalimdor\CollidableDoodads\Darkshore\GiantSeaTurtle01,2,0,0,0,0,0,0,0,0,0,0,0,0,0,0,0,0,0,0,0,0,0,0,2,0,0
C:\Users\ehsra\Documents\GitHub\WMVxTOPNG\ModelsTree\World\wmo\Kalimdor\CollidableDoodads\Darkshore\GiantSeaTurtle02,2,0,0,0,0,0,0,0,0,0,0,0,0,0,0,0,0,0,0,0,0,0,0,2,0,0
C:\Users\ehsra\Documents\GitHub\WMVxTOPNG\ModelsTree\World\wmo\Kalimdor\CollidableDoodads\Darkshore\SnakeSpine,2,0,0,0,0,0,0,0,0,0,0,0,0,0,0,0,0,0,0,0,0,0,0,2,0,0
C:\Users\ehsra\Documents\GitHub\WMVxTOPNG\ModelsTree\World\wmo\Kalimdor\CollidableDoodads\Darkshore\WreckedElvenDestroyer,4,0,0,0,0,0,0,0,0,0,0,0,0,0,0,0,0,0,0,0,0,0,0,4,0,0
C:\Users\ehsra\Documents\GitHub\WMVxTOPNG\ModelsTree\World\wmo\Kalimdor\CollidableDoodads\Desolace,2,0,0,0,0,0,0,0,0,0,0,0,0,0,0,0,0,0,0,0,0,0,0,2,0,0
C:\Users\ehsra\Documents\GitHub\WMVxTOPNG\ModelsTree\World\wmo\Kalimdor\CollidableDoodads\Durotar,0,3,0,0,0,0,0,0,0,0,0,0,0,0,0,0,0,0,0,0,0,0,0,0,0,0
C:\Users\ehsra\Documents\GitHub\WMVxTOPNG\ModelsTree\World\wmo\Kalimdor\CollidableDoodads\Durotar\DurotarBridge,2,0,0,0,0,0,0,0,0,0,0,0,0,0,0,0,0,0,0,0,0,0,0,2,0,0
C:\Users\ehsra\Documents\GitHub\WMVxTOPNG\ModelsTree\World\wmo\Kalimdor\CollidableDoodads\Durotar\Rocks,2,0,0,0,0,0,0,0,0,0,0,0,0,0,0,0,0,0,0,0,0,0,0,2,0,0
C:\Users\ehsra\Documents\GitHub\WMVxTOPNG\ModelsTree\World\wmo\Kalimdor\CollidableDoodads\Durotar\StoneGate,2,0,0,0,0,0,0,0,0,0,0,0,0,0,0,0,0,0,0,0,0,0,0,2,0,0
C:\Users\ehsra\Documents\GitHub\WMVxTOPNG\ModelsTree\World\wmo\Kalimdor\CollidableDoodads\DustwallowMarsh,0,3,0,0,0,0,0,0,0,0,0,0,0,0,0,0,0,0,0,0,0,0,0,0,0,0
C:\Users\ehsra\Documents\GitHub\WMVxTOPNG\ModelsTree\World\wmo\Kalimdor\CollidableDoodads\DustwallowMarsh\CrashedZippelin,0,1,0,0,0,0,0,0,0,0,0,0,0,0,0,0,0,0,0,0,0,0,0,0,0,0
C:\Users\ehsra\Documents\GitHub\WMVxTOPNG\ModelsTree\World\wmo\Kalimdor\CollidableDoodads\DustwallowMarsh\CrashedZippelin\Final,2,0,0,0,0,0,0,0,0,0,0,0,0,0,0,0,0,0,0,0,0,0,0,2,0,0
C:\Users\ehsra\Documents\GitHub\WMVxTOPNG\ModelsTree\World\wmo\Kalimdor\CollidableDoodads\DustwallowMarsh\DustWallowFootbridge,2,0,0,0,0,0,0,0,0,0,0,0,0,0,0,0,0,0,0,0,0,0,0,2,0,0
C:\Users\ehsra\Documents\GitHub\WMVxTOPNG\ModelsTree\World\wmo\Kalimdor\CollidableDoodads\DustwallowMarsh\TheramoreDocks,2,0,0,0,0,0,0,0,0,0,0,0,0,0,0,0,0,0,0,0,0,0,0,2,0,0
C:\Users\ehsra\Documents\GitHub\WMVxTOPNG\ModelsTree\World\wmo\Kalimdor\CollidableDoodads\Feralas,0,2,0,0,0,0,0,0,0,0,0,0,0,0,0,0,0,0,0,0,0,0,0,0,0,0
C:\Users\ehsra\Documents\GitHub\WMVxTOPNG\ModelsTree\World\wmo\Kalimdor\CollidableDoodads\Feralas\FeathermoonDock,2,0,0,0,0,0,0,0,0,0,0,0,0,0,0,0,0,0,0,0,0,0,0,2,0,0
C:\Users\ehsra\Documents\GitHub\WMVxTOPNG\ModelsTree\World\wmo\Kalimdor\CollidableDoodads\Feralas\FeralasStoneBridge,2,0,0,0,0,0,0,0,0,0,0,0,0,0,0,0,0,0,0,0,0,0,0,2,0,0
C:\Users\ehsra\Documents\GitHub\WMVxTOPNG\ModelsTree\World\wmo\Kalimdor\CollidableDoodads\Hyjal,0,2,0,0,0,0,0,0,0,0,0,0,0,0,0,0,0,0,0,0,0,0,0,0,0,0
C:\Users\ehsra\Documents\GitHub\WMVxTOPNG\ModelsTree\World\wmo\Kalimdor\CollidableDoodads\Hyjal\HyjalDemon,2,0,0,0,0,0,0,0,0,0,0,0,0,0,0,0,0,0,0,0,0,0,0,2,0,0
C:\Users\ehsra\Documents\GitHub\WMVxTOPNG\ModelsTree\World\wmo\Kalimdor\CollidableDoodads\Hyjal\WorldTreeRoots,6,0,0,0,0,0,0,0,0,0,0,0,0,0,0,0,0,0,0,0,0,0,0,6,0,0
C:\Users\ehsra\Documents\GitHub\WMVxTOPNG\ModelsTree\World\wmo\Kalimdor\CollidableDoodads\Kalidar,0,3,0,0,0,0,0,0,0,0,0,0,0,0,0,0,0,0,0,0,0,0,0,0,0,0
C:\Users\ehsra\Documents\GitHub\WMVxTOPNG\ModelsTree\World\wmo\Kalimdor\CollidableDoodads\Kalidar\KalidarBridge,2,0,0,0,0,0,0,0,0,0,0,0,0,0,0,0,0,0,0,0,0,0,0,2,0,0
C:\Users\ehsra\Documents\GitHub\WMVxTOPNG\ModelsTree\World\wmo\Kalimdor\CollidableDoodads\Kalidar\KalidarDock,2,0,0,0,0,0,0,0,0,0,0,0,0,0,0,0,0,0,0,0,0,0,0,2,0,0
C:\Users\ehsra\Documents\GitHub\WMVxTOPNG\ModelsTree\World\wmo\Kalimdor\CollidableDoodads\Kalidar\KalidarTreeBranch,2,0,0,0,0,0,0,0,0,0,0,0,0,0,0,0,0,0,0,0,0,0,0,2,0,0
C:\Users\ehsra\Documents\GitHub\WMVxTOPNG\ModelsTree\World\wmo\Kalimdor\CollidableDoodads\Moonglade,0,1,0,0,0,0,0,0,0,0,0,0,0,0,0,0,0,0,0,0,0,0,0,0,0,0
C:\Users\ehsra\Documents\GitHub\WMVxTOPNG\ModelsTree\World\wmo\Kalimdor\CollidableDoodads\Moonglade\Bridge,2,0,0,0,0,0,0,0,0,0,0,0,0,0,0,0,0,0,0,0,0,0,0,2,0,0
C:\Users\ehsra\Documents\GitHub\WMVxTOPNG\ModelsTree\World\wmo\Kalimdor\CollidableDoodads\Mulgore,0,4,0,0,0,0,0,0,0,0,0,0,0,0,0,0,0,0,0,0,0,0,0,0,0,0
C:\Users\ehsra\Documents\GitHub\WMVxTOPNG\ModelsTree\World\wmo\Kalimdor\CollidableDoodads\Mulgore\CentaurTents,6,0,0,0,0,0,0,0,0,0,0,0,0,0,0,0,0,0,0,0,0,0,0,6,0,0
C:\Users\ehsra\Documents\GitHub\WMVxTOPNG\ModelsTree\World\wmo\Kalimdor\CollidableDoodads\Mulgore\CrossroadsBridge,2,0,0,0,0,0,0,0,0,0,0,0,0,0,0,0,0,0,0,0,0,0,0,2,0,0
C:\Users\ehsra\Documents\GitHub\WMVxTOPNG\ModelsTree\World\wmo\Kalimdor\CollidableDoodads\Mulgore\TaurenBridge01,2,0,0,0,0,0,0,0,0,0,0,0,0,0,0,0,0,0,0,0,0,0,0,2,0,0
C:\Users\ehsra\Documents\GitHub\WMVxTOPNG\ModelsTree\World\wmo\Kalimdor\CollidableDoodads\Mulgore\TaurenTent01,2,0,0,0,0,0,0,0,0,0,0,0,0,0,0,0,0,0,0,0,0,0,0,2,0,0
C:\Users\ehsra\Documents\GitHub\WMVxTOPNG\ModelsTree\World\wmo\Kalimdor\CollidableDoodads\Orcbridge,2,0,0,0,0,0,0,0,0,0,0,0,0,0,0,0,0,0,0,0,0,0,0,2,0,0
C:\Users\ehsra\Documents\GitHub\WMVxTOPNG\ModelsTree\World\wmo\Kalimdor\CollidableDoodads\Silithus,20,0,0,0,0,0,0,0,0,0,0,0,0,0,0,0,0,0,0,0,0,0,0,20,0,0
C:\Users\ehsra\Documents\GitHub\WMVxTOPNG\ModelsTree\World\wmo\Kalimdor\CollidableDoodads\Stonetalon,0,5,0,0,0,0,0,0,0,0,0,0,0,0,0,0,0,0,0,0,0,0,0,0,0,0
C:\Users\ehsra\Documents\GitHub\WMVxTOPNG\ModelsTree\World\wmo\Kalimdor\CollidableDoodads\Stonetalon\BoneDam,2,0,0,0,0,0,0,0,0,0,0,0,0,0,0,0,0,0,0,0,0,0,0,2,0,0
C:\Users\ehsra\Documents\GitHub\WMVxTOPNG\ModelsTree\World\wmo\Kalimdor\CollidableDoodads\Stonetalon\LandingPad,2,0,0,0,0,0,0,0,0,0,0,0,0,0,0,0,0,0,0,0,0,0,0,2,0,0
C:\Users\ehsra\Documents\GitHub\WMVxTOPNG\ModelsTree\World\wmo\Kalimdor\CollidableDoodads\Stonetalon\LoggingPlatform,2,0,0,0,0,0,0,0,0,0,0,0,0,0,0,0,0,0,0,0,0,0,0,2,0,0
C:\Users\ehsra\Documents\GitHub\WMVxTOPNG\ModelsTree\World\wmo\Kalimdor\CollidableDoodads\Stonetalon\MonsterMachine,2,0,0,0,0,0,0,0,0,0,0,0,0,0,0,0,0,0,0,0,0,0,0,2,0,0
C:\Users\ehsra\Documents\GitHub\WMVxTOPNG\ModelsTree\World\wmo\Kalimdor\CollidableDoodads\Stonetalon\StonetalonWheelPlatform,2,0,0,0,0,0,0,0,0,0,0,0,0,0,0,0,0,0,0,0,0,0,0,2,0,0
C:\Users\ehsra\Documents\GitHub\WMVxTOPNG\ModelsTree\World\wmo\Kalimdor\CollidableDoodads\Tanaris,0,3,0,0,0,0,0,0,0,0,0,0,0,0,0,0,0,0,0,0,0,0,0,0,0,0
C:\Users\ehsra\Documents\GitHub\WMVxTOPNG\ModelsTree\World\wmo\Kalimdor\CollidableDoodads\Tanaris\GadgetzanWall,2,0,0,0,0,0,0,0,0,0,0,0,0,0,0,0,0,0,0,0,0,0,0,2,0,0
C:\Users\ehsra\Documents\GitHub\WMVxTOPNG\ModelsTree\World\wmo\Kalimdor\CollidableDoodads\Tanaris\GoblinGates,4,0,0,0,0,0,0,0,0,0,0,0,0,0,0,0,0,0,0,0,0,0,0,4,0,0
C:\Users\ehsra\Documents\GitHub\WMVxTOPNG\ModelsTree\World\wmo\Kalimdor\CollidableDoodads\Tanaris\TrollTent,4,0,0,0,0,0,0,0,0,0,0,0,0,0,0,0,0,0,0,0,0,0,0,4,0,0
C:\Users\ehsra\Documents\GitHub\WMVxTOPNG\ModelsTree\World\wmo\Kalimdor\CollidableDoodads\Teldrassil,0,1,0,0,0,0,0,0,0,0,0,0,0,0,0,0,0,0,0,0,0,0,0,0,0,0
C:\Users\ehsra\Documents\GitHub\WMVxTOPNG\ModelsTree\World\wmo\Kalimdor\CollidableDoodads\Teldrassil\Dock,2,0,0,0,0,0,0,0,0,0,0,0,0,0,0,0,0,0,0,0,0,0,0,2,0,0
C:\Users\ehsra\Documents\GitHub\WMVxTOPNG\ModelsTree\World\wmo\Kalimdor\CollidableDoodads\ThousandNeedles,0,2,0,0,0,0,0,0,0,0,0,0,0,0,0,0,0,0,0,0,0,0,0,0,0,0
C:\Users\ehsra\Documents\GitHub\WMVxTOPNG\ModelsTree\World\wmo\Kalimdor\CollidableDoodads\ThousandNeedles\BleachedElvenDestroyer,2,0,0,0,0,0,0,0,0,0,0,0,0,0,0,0,0,0,0,0,0,0,0,2,0,0
C:\Users\ehsra\Documents\GitHub\WMVxTOPNG\ModelsTree\World\wmo\Kalimdor\CollidableDoodads\ThousandNeedles\Bridge,2,0,0,0,0,0,0,0,0,0,0,0,0,0,0,0,0,0,0,0,0,0,0,2,0,0
C:\Users\ehsra\Documents\GitHub\WMVxTOPNG\ModelsTree\World\wmo\Kalimdor\CollidableDoodads\Winterspring,0,3,0,0,0,0,0,0,0,0,0,0,0,0,0,0,0,0,0,0,0,0,0,0,0,0
C:\Users\ehsra\Documents\GitHub\WMVxTOPNG\ModelsTree\World\wmo\Kalimdor\CollidableDoodads\Winterspring\Bridges,2,0,0,0,0,0,0,0,0,0,0,0,0,0,0,0,0,0,0,0,0,0,0,2,0,0
C:\Users\ehsra\Documents\GitHub\WMVxTOPNG\ModelsTree\World\wmo\Kalimdor\CollidableDoodads\Winterspring\EverlookWall,2,0,0,0,0,0,0,0,0,0,0,0,0,0,0,0,0,0,0,0,0,0,0,2,0,0
C:\Users\ehsra\Documents\GitHub\WMVxTOPNG\ModelsTree\World\wmo\Kalimdor\CollidableDoodads\Winterspring\FrostSabreRock,2,0,0,0,0,0,0,0,0,0,0,0,0,0,0,0,0,0,0,0,0,0,0,2,0,0
C:\Users\ehsra\Documents\GitHub\WMVxTOPNG\ModelsTree\World\wmo\Kalimdor\Darnassis,105,0,0,0,0,0,0,0,0,0,0,0,0,0,0,0,0,0,0,0,0,0,0,105,0,0
C:\Users\ehsra\Documents\GitHub\WMVxTOPNG\ModelsTree\World\wmo\Kalimdor\Desolace,0,2,0,0,0,0,0,0,0,0,0,0,0,0,0,0,0,0,0,0,0,0,0,0,0,0
C:\Users\ehsra\Documents\GitHub\WMVxTOPNG\ModelsTree\World\wmo\Kalimdor\Desolace\DesolaceBridge,2,0,0,0,0,0,0,0,0,0,0,0,0,0,0,0,0,0,0,0,0,0,0,2,0,0
C:\Users\ehsra\Documents\GitHub\WMVxTOPNG\ModelsTree\World\wmo\Kalimdor\Desolace\RockBrodge,2,0,0,0,0,0,0,0,0,0,0,0,0,0,0,0,0,0,0,0,0,0,0,2,0,0
C:\Users\ehsra\Documents\GitHub\WMVxTOPNG\ModelsTree\World\wmo\Kalimdor\DraeneiCity,32,0,0,0,0,0,0,0,0,0,0,0,0,0,0,0,0,0,0,0,0,0,0,32,0,0
C:\Users\ehsra\Documents\GitHub\WMVxTOPNG\ModelsTree\World\wmo\Kalimdor\Draenei_Abbey,11,0,0,0,0,0,0,0,0,0,0,0,0,0,0,0,0,0,0,0,0,0,0,11,0,0
C:\Users\ehsra\Documents\GitHub\WMVxTOPNG\ModelsTree\World\wmo\Kalimdor\Draenei_Bloodwatch,2,0,0,0,0,0,0,0,0,0,0,0,0,0,0,0,0,0,0,0,0,0,0,2,0,0
C:\Users\ehsra\Documents\GitHub\WMVxTOPNG\ModelsTree\World\wmo\Kalimdor\Draenei_Crypt,7,0,0,0,0,0,0,0,0,0,0,0,0,0,0,0,0,0,0,0,0,0,0,7,0,0
C:\Users\ehsra\Documents\GitHub\WMVxTOPNG\ModelsTree\World\wmo\Kalimdor\Draenei_Engineeringbay,2,0,0,0,0,0,0,0,0,0,0,0,0,0,0,0,0,0,0,0,0,0,0,2,0,0
C:\Users\ehsra\Documents\GitHub\WMVxTOPNG\ModelsTree\World\wmo\Kalimdor\Draenei_Medical,2,0,0,0,0,0,0,0,0,0,0,0,0,0,0,0,0,0,0,0,0,0,0,2,0,0
C:\Users\ehsra\Documents\GitHub\WMVxTOPNG\ModelsTree\World\wmo\Kalimdor\NetherBridges,16,0,0,0,0,0,0,0,0,0,0,0,0,0,0,0,0,0,0,0,0,0,0,16,0,0
C:\Users\ehsra\Documents\GitHub\WMVxTOPNG\ModelsTree\World\wmo\Kalimdor\NetherCollector,21,0,0,0,0,0,0,0,0,0,0,0,0,0,0,0,0,0,0,0,0,0,0,21,0,0
C:\Users\ehsra\Documents\GitHub\WMVxTOPNG\ModelsTree\World\wmo\Kalimdor\Ogrimmar,160,0,0,0,0,0,0,0,0,0,0,0,0,0,0,0,0,0,0,0,0,0,0,160,0,0
C:\Users\ehsra\Documents\GitHub\WMVxTOPNG\ModelsTree\World\wmo\Kalimdor\PVP,0,1,0,0,0,0,0,0,0,0,0,0,0,0,0,0,0,0,0,0,0,0,0,0,0,0
C:\Users\ehsra\Documents\GitHub\WMVxTOPNG\ModelsTree\World\wmo\Kalimdor\PVP\CollidableDoodads,0,2,0,0,0,0,0,0,0,0,0,0,0,0,0,0,0,0,0,0,0,0,0,0,0,0
C:\Users\ehsra\Documents\GitHub\WMVxTOPNG\ModelsTree\World\wmo\Kalimdor\PVP\CollidableDoodads\NETents,4,0,0,0,0,0,0,0,0,0,0,0,0,0,0,0,0,0,0,0,0,0,0,4,0,0
C:\Users\ehsra\Documents\GitHub\WMVxTOPNG\ModelsTree\World\wmo\Kalimdor\PVP\CollidableDoodads\Walls,4,0,0,0,0,0,0,0,0,0,0,0,0,0,0,0,0,0,0,0,0,0,0,4,0,0
C:\Users\ehsra\Documents\GitHub\WMVxTOPNG\ModelsTree\World\wmo\Kalimdor\Silvermyst,0,2,0,0,0,0,0,0,0,0,0,0,0,0,0,0,0,0,0,0,0,0,0,0,0,0
C:\Users\ehsra\Documents\GitHub\WMVxTOPNG\ModelsTree\World\wmo\Kalimdor\Silvermyst\Bridge,2,0,0,0,0,0,0,0,0,0,0,0,0,0,0,0,0,0,0,0,0,0,0,2,0,0
C:\Users\ehsra\Documents\GitHub\WMVxTOPNG\ModelsTree\World\wmo\Kalimdor\Silvermyst\Buildings,0,2,0,0,0,0,0,0,0,0,0,0,0,0,0,0,0,0,0,0,0,0,0,0,0,0
C:\Users\ehsra\Documents\GitHub\WMVxTOPNG\ModelsTree\World\wmo\Kalimdor\Silvermyst\Buildings\OwlBearDen,8,0,0,0,0,0,0,0,0,0,0,0,0,0,0,0,0,0,0,0,0,0,0,8,0,0
C:\Users\ehsra\Documents\GitHub\WMVxTOPNG\ModelsTree\World\wmo\Kalimdor\Silvermyst\Buildings\RuinedInn,2,0,0,0,0,0,0,0,0,0,0,0,0,0,0,0,0,0,0,0,0,0,0,2,0,0
C:\Users\ehsra\Documents\GitHub\WMVxTOPNG\ModelsTree\World\wmo\Kalimdor\ThunderBluff,117,0,0,0,0,0,0,0,0,0,0,0,0,0,0,0,0,0,0,0,0,0,0,117,0,0
C:\Users\ehsra\Documents\GitHub\WMVxTOPNG\ModelsTree\World\wmo\Kalimdor\Winterspring,16,0,0,0,0,0,0,0,0,0,0,0,0,0,0,0,0,0,0,0,0,0,0,16,0,0
C:\Users\ehsra\Documents\GitHub\WMVxTOPNG\ModelsTree\World\wmo\KhazModan,0,4,0,0,0,0,0,0,0,0,0,0,0,0,0,0,0,0,0,0,0,0,0,0,0,0
C:\Users\ehsra\Documents\GitHub\WMVxTOPNG\ModelsTree\World\wmo\KhazModan\Buildings,0,16,0,0,0,0,0,0,0,0,0,0,0,0,0,0,0,0,0,0,0,0,0,0,0,0
C:\Users\ehsra\Documents\GitHub\WMVxTOPNG\ModelsTree\World\wmo\KhazModan\Buildings\Anvilmar,7,0,0,0,0,0,0,0,0,0,0,0,0,0,0,0,0,0,0,0,0,0,0,7,0,0
C:\Users\ehsra\Documents\GitHub\WMVxTOPNG\ModelsTree\World\wmo\KhazModan\Buildings\dwarven_1story_hovel,0,2,0,0,0,0,0,0,0,0,0,0,0,0,0,0,0,0,0,0,0,0,0,0,0,0
C:\Users\ehsra\Documents\GitHub\WMVxTOPNG\ModelsTree\World\wmo\KhazModan\Buildings\dwarven_1story_hovel\mud_hovel,3,0,0,0,0,0,0,0,0,0,0,0,0,0,0,0,0,0,0,0,0,0,0,3,0,0
C:\Users\ehsra\Documents\GitHub\WMVxTOPNG\ModelsTree\World\wmo\KhazModan\Buildings\dwarven_1story_hovel\snow_hovel,6,0,0,0,0,0,0,0,0,0,0,0,0,0,0,0,0,0,0,0,0,0,0,6,0,0
C:\Users\ehsra\Documents\GitHub\WMVxTOPNG\ModelsTree\World\wmo\KhazModan\Buildings\dwarven_2story_hovel,0,2,0,0,0,0,0,0,0,0,0,0,0,0,0,0,0,0,0,0,0,0,0,0,0,0
C:\Users\ehsra\Documents\GitHub\WMVxTOPNG\ModelsTree\World\wmo\KhazModan\Buildings\dwarven_2story_hovel\mud_2story,3,0,0,0,0,0,0,0,0,0,0,0,0,0,0,0,0,0,0,0,0,0,0,3,0,0
C:\Users\ehsra\Documents\GitHub\WMVxTOPNG\ModelsTree\World\wmo\KhazModan\Buildings\dwarven_2story_hovel\snow_2story,3,0,0,0,0,0,0,0,0,0,0,0,0,0,0,0,0,0,0,0,0,0,0,3,0,0
C:\Users\ehsra\Documents\GitHub\WMVxTOPNG\ModelsTree\World\wmo\KhazModan\Buildings\Dwarven_Barracks,0,2,0,0,0,0,0,0,0,0,0,0,0,0,0,0,0,0,0,0,0,0,0,0,0,0
C:\Users\ehsra\Documents\GitHub\WMVxTOPNG\ModelsTree\World\wmo\KhazModan\Buildings\Dwarven_Barracks\snow_barracks,13,0,0,0,0,0,0,0,0,0,0,0,0,0,0,0,0,0,0,0,0,0,0,13,0,0
C:\Users\ehsra\Documents\GitHub\WMVxTOPNG\ModelsTree\World\wmo\KhazModan\Buildings\Dwarven_Barracks\wetlands_barracks,13,0,0,0,0,0,0,0,0,0,0,0,0,0,0,0,0,0,0,0,0,0,0,13,0,0
C:\Users\ehsra\Documents\GitHub\WMVxTOPNG\ModelsTree\World\wmo\KhazModan\Buildings\Dwarven_Blacksmith,0,2,0,0,0,0,0,0,0,0,0,0,0,0,0,0,0,0,0,0,0,0,0,0,0,0
C:\Users\ehsra\Documents\GitHub\WMVxTOPNG\ModelsTree\World\wmo\KhazModan\Buildings\Dwarven_Blacksmith\Snow_Blacksmith,3,0,0,0,0,0,0,0,0,0,0,0,0,0,0,0,0,0,0,0,0,0,0,3,0,0
C:\Users\ehsra\Documents\GitHub\WMVxTOPNG\ModelsTree\World\wmo\KhazModan\Buildings\Dwarven_Blacksmith\Wetland_Blacksmith,3,0,0,0,0,0,0,0,0,0,0,0,0,0,0,0,0,0,0,0,0,0,0,3,0,0
C:\Users\ehsra\Documents\GitHub\WMVxTOPNG\ModelsTree\World\wmo\KhazModan\Buildings\Dwarven_GriffonAviary,6,0,0,0,0,0,0,0,0,0,0,0,0,0,0,0,0,0,0,0,0,0,0,6,0,0
C:\Users\ehsra\Documents\GitHub\WMVxTOPNG\ModelsTree\World\wmo\KhazModan\Buildings\Dwarven_GuardTower,3,0,0,0,0,0,0,0,0,0,0,0,0,0,0,0,0,0,0,0,0,0,0,3,0,0
C:\Users\ehsra\Documents\GitHub\WMVxTOPNG\ModelsTree\World\wmo\KhazModan\Buildings\Dwarven_Inn,0,2,0,0,0,0,0,0,0,0,0,0,0,0,0,0,0,0,0,0,0,0,0,0,0,0
C:\Users\ehsra\Documents\GitHub\WMVxTOPNG\ModelsTree\World\wmo\KhazModan\Buildings\Dwarven_Inn\snow_Inn,8,0,0,0,0,0,0,0,0,0,0,0,0,0,0,0,0,0,0,0,0,0,0,8,0,0
C:\Users\ehsra\Documents\GitHub\WMVxTOPNG\ModelsTree\World\wmo\KhazModan\Buildings\Dwarven_Inn\wetlands_Inn,9,0,0,0,0,0,0,0,0,0,0,0,0,0,0,0,0,0,0,0,0,0,0,9,0,0
C:\Users\ehsra\Documents\GitHub\WMVxTOPNG\ModelsTree\World\wmo\KhazModan\Buildings\Dwarven_SnowStable,2,0,0,0,0,0,0,0,0,0,0,0,0,0,0,0,0,0,0,0,0,0,0,2,0,0
C:\Users\ehsra\Documents\GitHub\WMVxTOPNG\ModelsTree\World\wmo\KhazModan\Buildings\Dwarven_SnowTower,6,0,0,0,0,0,0,0,0,0,0,0,0,0,0,0,0,0,0,0,0,0,0,6,0,0
C:\Users\ehsra\Documents\GitHub\WMVxTOPNG\ModelsTree\World\wmo\KhazModan\Buildings\Dwarven_Stable,2,0,0,0,0,0,0,0,0,0,0,0,0,0,0,0,0,0,0,0,0,0,0,2,0,0
C:\Users\ehsra\Documents\GitHub\WMVxTOPNG\ModelsTree\World\wmo\KhazModan\Buildings\Dwarven_Tavern,0,2,0,0,0,0,0,0,0,0,0,0,0,0,0,0,0,0,0,0,0,0,0,0,0,0
C:\Users\ehsra\Documents\GitHub\WMVxTOPNG\ModelsTree\World\wmo\KhazModan\Buildings\Dwarven_Tavern\snow_tavern,6,0,0,0,0,0,0,0,0,0,0,0,0,0,0,0,0,0,0,0,0,0,0,6,0,0
C:\Users\ehsra\Documents\GitHub\WMVxTOPNG\ModelsTree\World\wmo\KhazModan\Buildings\Dwarven_Tavern\wetlands_tavern,6,0,0,0,0,0,0,0,0,0,0,0,0,0,0,0,0,0,0,0,0,0,0,6,0,0
C:\Users\ehsra\Documents\GitHub\WMVxTOPNG\ModelsTree\World\wmo\KhazModan\Buildings\GreatWall,14,0,0,0,0,0,0,0,0,0,0,0,0,0,0,0,0,0,0,0,0,0,0,14,0,0
C:\Users\ehsra\Documents\GitHub\WMVxTOPNG\ModelsTree\World\wmo\KhazModan\Buildings\SearingGorge,6,0,0,0,0,0,0,0,0,0,0,0,0,0,0,0,0,2,0,0,0,0,0,4,0,0
C:\Users\ehsra\Documents\GitHub\WMVxTOPNG\ModelsTree\World\wmo\KhazModan\Buildings\ThandolSpan_Bridge,8,0,0,0,0,0,0,0,0,0,0,0,0,0,0,0,0,0,0,0,0,0,0,8,0,0
C:\Users\ehsra\Documents\GitHub\WMVxTOPNG\ModelsTree\World\wmo\KhazModan\Buildings\Wetlands_GrimBatol,2,0,0,0,0,0,0,0,0,0,0,0,0,0,0,0,0,0,0,0,0,0,0,2,0,0
C:\Users\ehsra\Documents\GitHub\WMVxTOPNG\ModelsTree\World\wmo\KhazModan\Cities,0,1,0,0,0,0,0,0,0,0,0,0,0,0,0,0,0,0,0,0,0,0,0,0,0,0
C:\Users\ehsra\Documents\GitHub\WMVxTOPNG\ModelsTree\World\wmo\KhazModan\Cities\Ironforge,105,0,0,0,0,0,0,0,0,0,0,0,0,0,0,0,0,0,0,0,0,0,0,105,0,0
C:\Users\ehsra\Documents\GitHub\WMVxTOPNG\ModelsTree\World\wmo\KhazModan\Collidable Doodads,0,3,0,0,0,0,0,0,0,0,0,0,0,0,0,0,0,0,0,0,0,0,0,0,0,0
C:\Users\ehsra\Documents\GitHub\WMVxTOPNG\ModelsTree\World\wmo\KhazModan\Collidable Doodads\GolBolarPlatform,2,0,0,0,0,0,0,0,0,0,0,0,0,0,0,0,0,0,0,0,0,0,0,2,0,0
C:\Users\ehsra\Documents\GitHub\WMVxTOPNG\ModelsTree\World\wmo\KhazModan\Collidable Doodads\LochModan,0,5,0,0,0,0,0,0,0,0,0,0,0,0,0,0,0,0,0,0,0,0,0,0,0,0
C:\Users\ehsra\Documents\GitHub\WMVxTOPNG\ModelsTree\World\wmo\KhazModan\Collidable Doodads\LochModan\DwarvenDam,2,0,0,0,0,0,0,0,0,0,0,0,0,0,0,0,0,0,0,0,0,0,0,2,0,0
C:\Users\ehsra\Documents\GitHub\WMVxTOPNG\ModelsTree\World\wmo\KhazModan\Collidable Doodads\LochModan\DwarvenDock,2,0,0,0,0,0,0,0,0,0,0,0,0,0,0,0,0,0,0,0,0,0,0,2,0,0
C:\Users\ehsra\Documents\GitHub\WMVxTOPNG\ModelsTree\World\wmo\KhazModan\Collidable Doodads\LochModan\DwarvenSentinels,4,0,0,0,0,0,0,0,0,0,0,0,0,0,0,0,0,0,0,0,0,0,0,4,0,0
C:\Users\ehsra\Documents\GitHub\WMVxTOPNG\ModelsTree\World\wmo\KhazModan\Collidable Doodads\LochModan\ExcavationSite,6,0,0,0,0,0,0,0,0,0,0,0,0,0,0,0,0,0,0,0,0,0,0,6,0,0
C:\Users\ehsra\Documents\GitHub\WMVxTOPNG\ModelsTree\World\wmo\KhazModan\Collidable Doodads\LochModan\NetherguardWall,2,0,0,0,0,0,0,0,0,0,0,0,0,0,0,0,0,0,0,0,0,0,0,2,0,0
C:\Users\ehsra\Documents\GitHub\WMVxTOPNG\ModelsTree\World\wmo\KhazModan\Collidable Doodads\SearingGorge,0,1,0,0,0,0,0,0,0,0,0,0,0,0,0,0,0,0,0,0,0,0,0,0,0,0
C:\Users\ehsra\Documents\GitHub\WMVxTOPNG\ModelsTree\World\wmo\KhazModan\Collidable Doodads\SearingGorge\SearingGorgeScaffold,2,0,0,0,0,0,0,0,0,0,0,0,0,0,0,0,0,0,0,0,0,0,0,2,0,0
C:\Users\ehsra\Documents\GitHub\WMVxTOPNG\ModelsTree\World\wmo\KhazModan\CollidableDoodads,0,2,0,0,0,0,0,0,0,0,0,0,0,0,0,0,0,0,0,0,0,0,0,0,0,0
C:\Users\ehsra\Documents\GitHub\WMVxTOPNG\ModelsTree\World\wmo\KhazModan\CollidableDoodads\MenethilDocks,2,0,0,0,0,0,0,0,0,0,0,0,0,0,0,0,0,0,0,0,0,0,0,2,0,0
C:\Users\ehsra\Documents\GitHub\WMVxTOPNG\ModelsTree\World\wmo\KhazModan\CollidableDoodads\WetlandsFootbridge,2,0,0,0,0,0,0,0,0,0,0,0,0,0,0,0,0,0,0,0,0,0,0,2,0,0
C:\Users\ehsra\Documents\GitHub\WMVxTOPNG\ModelsTree\World\wmo\landfeatures,0,1,0,0,0,0,0,0,0,0,0,0,0,0,0,0,0,0,0,0,0,0,0,0,0,0
C:\Users\ehsra\Documents\GitHub\WMVxTOPNG\ModelsTree\World\wmo\landfeatures\Nagrand,6,0,0,0,0,0,0,0,0,0,0,0,0,0,0,0,0,0,0,0,0,0,0,6,0,0
C:\Users\ehsra\Documents\GitHub\WMVxTOPNG\ModelsTree\World\wmo\Lorderon,0,3,0,0,0,0,0,0,0,0,0,0,0,0,0,0,0,0,0,0,0,0,0,0,0,0
C:\Users\ehsra\Documents\GitHub\WMVxTOPNG\ModelsTree\World\wmo\Lorderon\Buildings,0,9,0,0,0,0,0,0,0,0,0,0,0,0,0,0,0,0,0,0,0,0,0,0,0,0
C:\Users\ehsra\Documents\GitHub\WMVxTOPNG\ModelsTree\World\wmo\Lorderon\Buildings\Alterac,2,0,0,0,0,0,0,0,0,0,0,0,0,0,0,0,0,0,0,0,0,0,0,2,0,0
C:\Users\ehsra\Documents\GitHub\WMVxTOPNG\ModelsTree\World\wmo\Lorderon\Buildings\Bloodelf_Abandoned,22,0,0,0,0,0,0,0,0,0,0,0,0,0,0,0,0,0,0,0,0,0,0,22,0,0
C:\Users\ehsra\Documents\GitHub\WMVxTOPNG\ModelsTree\World\wmo\Lorderon\Buildings\EasternPlaguelands,0,4,0,0,0,0,0,0,0,0,0,0,0,0,0,0,0,0,0,0,0,0,0,0,0,0
C:\Users\ehsra\Documents\GitHub\WMVxTOPNG\ModelsTree\World\wmo\Lorderon\Buildings\EasternPlaguelands\Cathedral,8,0,0,0,0,0,0,0,0,0,0,0,0,0,0,0,0,0,0,0,0,0,0,8,0,0
C:\Users\ehsra\Documents\GitHub\WMVxTOPNG\ModelsTree\World\wmo\Lorderon\Buildings\EasternPlaguelands\NaxPortal,2,0,0,0,0,0,0,0,0,0,0,0,0,0,0,0,0,0,0,0,0,0,0,2,0,0
C:\Users\ehsra\Documents\GitHub\WMVxTOPNG\ModelsTree\World\wmo\Lorderon\Buildings\EasternPlaguelands\UndeadSlaughterhouse,13,0,0,0,0,0,0,0,0,0,0,0,0,0,0,0,0,0,0,0,0,0,0,13,0,0
C:\Users\ehsra\Documents\GitHub\WMVxTOPNG\ModelsTree\World\wmo\Lorderon\Buildings\EasternPlaguelands\UndeadZiggurat,20,0,0,0,0,0,0,0,0,0,0,0,0,0,0,0,0,0,0,0,0,0,0,20,0,0
C:\Users\ehsra\Documents\GitHub\WMVxTOPNG\ModelsTree\World\wmo\Lorderon\Buildings\Eversong,0,1,0,0,0,0,0,0,0,0,0,0,0,0,0,0,0,0,0,0,0,0,0,0,0,0
C:\Users\ehsra\Documents\GitHub\WMVxTOPNG\ModelsTree\World\wmo\Lorderon\Buildings\Eversong\Footbridge,2,0,0,0,0,0,0,0,0,0,0,0,0,0,0,0,0,0,0,0,0,0,0,2,0,0
C:\Users\ehsra\Documents\GitHub\WMVxTOPNG\ModelsTree\World\wmo\Lorderon\Buildings\Ghostlands,0,5,0,0,0,0,0,0,0,0,0,0,0,0,0,0,0,0,0,0,0,0,0,0,0,0
C:\Users\ehsra\Documents\GitHub\WMVxTOPNG\ModelsTree\World\wmo\Lorderon\Buildings\Ghostlands\BloodElf_Platform,2,0,0,0,0,0,0,0,0,0,0,0,0,0,0,0,0,0,0,0,0,0,0,2,0,0
C:\Users\ehsra\Documents\GitHub\WMVxTOPNG\ModelsTree\World\wmo\Lorderon\Buildings\Ghostlands\Dock,2,0,0,0,0,0,0,0,0,0,0,0,0,0,0,0,0,0,0,0,0,0,0,2,0,0
C:\Users\ehsra\Documents\GitHub\WMVxTOPNG\ModelsTree\World\wmo\Lorderon\Buildings\Ghostlands\Footbridge,2,0,0,0,0,0,0,0,0,0,0,0,0,0,0,0,0,0,0,0,0,0,0,2,0,0
C:\Users\ehsra\Documents\GitHub\WMVxTOPNG\ModelsTree\World\wmo\Lorderon\Buildings\Ghostlands\Fountain,2,0,0,0,0,0,0,0,0,0,0,0,0,0,0,0,0,0,0,0,0,0,0,2,0,0
C:\Users\ehsra\Documents\GitHub\WMVxTOPNG\ModelsTree\World\wmo\Lorderon\Buildings\Ghostlands\ScourgeWall,2,0,0,0,0,0,0,0,0,0,0,0,0,0,0,0,0,0,0,0,0,0,0,2,0,0
C:\Users\ehsra\Documents\GitHub\WMVxTOPNG\ModelsTree\World\wmo\Lorderon\Buildings\Silvermoon,119,19,0,0,0,0,0,0,0,0,0,0,0,0,0,0,0,0,0,0,0,0,0,119,0,0
C:\Users\ehsra\Documents\GitHub\WMVxTOPNG\ModelsTree\World\wmo\Lorderon\Buildings\Silvermoon\Abandoned,8,0,0,0,0,0,0,0,0,0,0,0,0,0,0,0,0,0,0,0,0,0,0,8,0,0
C:\Users\ehsra\Documents\GitHub\WMVxTOPNG\ModelsTree\World\wmo\Lorderon\Buildings\Silvermoon\ArcaneSanctum,2,0,0,0,0,0,0,0,0,0,0,0,0,0,0,0,0,0,0,0,0,0,0,2,0,0
C:\Users\ehsra\Documents\GitHub\WMVxTOPNG\ModelsTree\World\wmo\Lorderon\Buildings\Silvermoon\BloodElfLodge,2,0,0,0,0,0,0,0,0,0,0,0,0,0,0,0,0,0,0,0,0,0,0,2,0,0
C:\Users\ehsra\Documents\GitHub\WMVxTOPNG\ModelsTree\World\wmo\Lorderon\Buildings\Silvermoon\BloodElf_Bridge,4,0,0,0,0,0,0,0,0,0,0,0,0,0,0,0,0,0,0,0,0,0,0,4,0,0
C:\Users\ehsra\Documents\GitHub\WMVxTOPNG\ModelsTree\World\wmo\Lorderon\Buildings\Silvermoon\BloodElf_Dock,2,0,0,0,0,0,0,0,0,0,0,0,0,0,0,0,0,0,0,0,0,0,0,2,0,0
C:\Users\ehsra\Documents\GitHub\WMVxTOPNG\ModelsTree\World\wmo\Lorderon\Buildings\Silvermoon\BloodElf_Foutain,2,0,0,0,0,0,0,0,0,0,0,0,0,0,0,0,0,0,0,0,0,0,0,2,0,0
C:\Users\ehsra\Documents\GitHub\WMVxTOPNG\ModelsTree\World\wmo\Lorderon\Buildings\Silvermoon\BloodElf_Gate,11,0,0,0,0,0,0,0,0,0,0,0,0,0,0,0,0,0,0,0,0,0,0,11,0,0
C:\Users\ehsra\Documents\GitHub\WMVxTOPNG\ModelsTree\World\wmo\Lorderon\Buildings\Silvermoon\BloodElf_GuardTower,5,0,0,0,0,0,0,0,0,0,0,0,0,0,0,0,0,0,0,0,0,0,0,5,0,0
C:\Users\ehsra\Documents\GitHub\WMVxTOPNG\ModelsTree\World\wmo\Lorderon\Buildings\Silvermoon\BloodElf_Inn,2,0,0,0,0,0,0,0,0,0,0,0,0,0,0,0,0,0,0,0,0,0,0,2,0,0
C:\Users\ehsra\Documents\GitHub\WMVxTOPNG\ModelsTree\World\wmo\Lorderon\Buildings\Silvermoon\BloodElf_MiliatryTent,3,0,0,0,0,0,0,0,0,0,0,0,0,0,0,0,0,0,0,0,0,0,0,3,0,0
C:\Users\ehsra\Documents\GitHub\WMVxTOPNG\ModelsTree\World\wmo\Lorderon\Buildings\Silvermoon\BloodElf_Platform,12,0,0,0,0,0,0,0,0,0,0,0,0,0,0,0,0,0,0,0,0,0,0,12,0,0
C:\Users\ehsra\Documents\GitHub\WMVxTOPNG\ModelsTree\World\wmo\Lorderon\Buildings\Silvermoon\BloodElf_Pond,2,0,0,0,0,0,0,0,0,0,0,0,0,0,0,0,0,0,0,0,0,0,0,2,0,0
C:\Users\ehsra\Documents\GitHub\WMVxTOPNG\ModelsTree\World\wmo\Lorderon\Buildings\Silvermoon\BloodElf_SmallGazebo01,2,0,0,0,0,0,0,0,0,0,0,0,0,0,0,0,0,0,0,0,0,0,0,2,0,0
C:\Users\ehsra\Documents\GitHub\WMVxTOPNG\ModelsTree\World\wmo\Lorderon\Buildings\Silvermoon\BloodElf_smallhouse,12,0,0,0,0,0,0,0,0,0,0,0,0,0,0,0,0,0,0,0,0,0,0,12,0,0
C:\Users\ehsra\Documents\GitHub\WMVxTOPNG\ModelsTree\World\wmo\Lorderon\Buildings\Silvermoon\BloodElf_Stairs,12,0,0,0,0,0,0,0,0,0,0,0,0,0,0,0,0,0,0,0,0,0,0,12,0,0
C:\Users\ehsra\Documents\GitHub\WMVxTOPNG\ModelsTree\World\wmo\Lorderon\Buildings\Silvermoon\BloodElf_Tower,2,0,0,0,0,0,0,0,0,0,0,0,0,0,0,0,0,0,0,0,0,0,0,2,0,0
C:\Users\ehsra\Documents\GitHub\WMVxTOPNG\ModelsTree\World\wmo\Lorderon\Buildings\Silvermoon\BloodElf_TwoStory01,4,0,0,0,0,0,0,0,0,0,0,0,0,0,0,0,0,0,0,0,0,0,0,4,0,0
C:\Users\ehsra\Documents\GitHub\WMVxTOPNG\ModelsTree\World\wmo\Lorderon\Buildings\Silvermoon\BloodElf_Wall,2,0,0,0,0,0,0,0,0,0,0,0,0,0,0,0,0,0,0,0,0,0,0,2,0,0
C:\Users\ehsra\Documents\GitHub\WMVxTOPNG\ModelsTree\World\wmo\Lorderon\Buildings\Silvermoon\Scrying_Tower,3,0,0,0,0,0,0,0,0,0,0,0,0,0,0,0,0,0,0,0,0,0,0,3,0,0
C:\Users\ehsra\Documents\GitHub\WMVxTOPNG\ModelsTree\World\wmo\Lorderon\Buildings\TirisfalGlade,0,4,0,0,0,0,0,0,0,0,0,0,0,0,0,0,0,0,0,0,0,0,0,0,0,0
C:\Users\ehsra\Documents\GitHub\WMVxTOPNG\ModelsTree\World\wmo\Lorderon\Buildings\TirisfalGlade\FenrisKeep,2,0,0,0,0,0,0,0,0,0,0,0,0,0,0,0,0,0,0,0,0,0,0,2,0,0
C:\Users\ehsra\Documents\GitHub\WMVxTOPNG\ModelsTree\World\wmo\Lorderon\Buildings\TirisfalGlade\LorderonZeppelinTower,4,0,0,0,0,0,0,0,0,0,0,0,0,0,0,0,0,0,0,0,0,0,0,4,0,0
C:\Users\ehsra\Documents\GitHub\WMVxTOPNG\ModelsTree\World\wmo\Lorderon\Buildings\TirisfalGlade\Mausoleum,2,0,0,0,0,0,0,0,0,0,0,0,0,0,0,0,0,0,0,0,0,0,0,2,0,0
C:\Users\ehsra\Documents\GitHub\WMVxTOPNG\ModelsTree\World\wmo\Lorderon\Buildings\TirisfalGlade\UtherShrine,2,0,0,0,0,0,0,0,0,0,0,0,0,0,0,0,0,0,0,0,0,0,0,2,0,0
C:\Users\ehsra\Documents\GitHub\WMVxTOPNG\ModelsTree\World\wmo\Lorderon\Buildings\Wetlands,0,1,0,0,0,0,0,0,0,0,0,0,0,0,0,0,0,0,0,0,0,0,0,0,0,0
C:\Users\ehsra\Documents\GitHub\WMVxTOPNG\ModelsTree\World\wmo\Lorderon\Buildings\Wetlands\BridgeBigWhite,2,0,0,0,0,0,0,0,0,0,0,0,0,0,0,0,0,0,0,0,0,0,0,2,0,0
C:\Users\ehsra\Documents\GitHub\WMVxTOPNG\ModelsTree\World\wmo\Lorderon\Buildings\ZulAman,0,7,0,0,0,0,0,0,0,0,0,0,0,0,0,0,0,0,0,0,0,0,0,0,0,0
C:\Users\ehsra\Documents\GitHub\WMVxTOPNG\ModelsTree\World\wmo\Lorderon\Buildings\ZulAman\Entrance,35,0,0,0,0,0,0,0,0,0,0,0,0,0,0,0,0,0,0,0,0,0,0,35,0,0
C:\Users\ehsra\Documents\GitHub\WMVxTOPNG\ModelsTree\World\wmo\Lorderon\Buildings\ZulAman\Fountain,2,0,0,0,0,0,0,0,0,0,0,0,0,0,0,0,0,0,0,0,0,0,0,2,0,0
C:\Users\ehsra\Documents\GitHub\WMVxTOPNG\ModelsTree\World\wmo\Lorderon\Buildings\ZulAman\FTrollTemples,35,0,0,0,0,0,0,0,0,0,0,0,0,0,0,0,0,0,0,0,0,0,0,35,0,0
C:\Users\ehsra\Documents\GitHub\WMVxTOPNG\ModelsTree\World\wmo\Lorderon\Buildings\ZulAman\FTroll_Huts,5,0,0,0,0,0,0,0,0,0,0,0,0,0,0,0,0,0,0,0,0,0,0,5,0,0
C:\Users\ehsra\Documents\GitHub\WMVxTOPNG\ModelsTree\World\wmo\Lorderon\Buildings\ZulAman\FTroll_Ruins,14,0,0,0,0,0,0,0,0,0,0,0,0,0,0,0,0,0,0,0,0,0,0,14,0,0
C:\Users\ehsra\Documents\GitHub\WMVxTOPNG\ModelsTree\World\wmo\Lorderon\Buildings\ZulAman\ZulAman_Enterance,2,0,0,0,0,0,0,0,0,0,0,0,0,0,0,0,0,0,0,0,0,0,0,2,0,0
C:\Users\ehsra\Documents\GitHub\WMVxTOPNG\ModelsTree\World\wmo\Lorderon\Buildings\ZulAman\ZulAman_Pieces,42,0,0,0,0,0,0,0,0,0,0,0,0,0,0,0,0,0,0,0,0,0,0,42,0,0
C:\Users\ehsra\Documents\GitHub\WMVxTOPNG\ModelsTree\World\wmo\Lorderon\CollidableDoodads,0,4,0,0,0,0,0,0,0,0,0,0,0,0,0,0,0,0,0,0,0,0,0,0,0,0
C:\Users\ehsra\Documents\GitHub\WMVxTOPNG\ModelsTree\World\wmo\Lorderon\CollidableDoodads\ArathiHighlands,0,7,0,0,0,0,0,0,0,0,0,0,0,0,0,0,0,0,0,0,0,0,0,0,0,0
C:\Users\ehsra\Documents\GitHub\WMVxTOPNG\ModelsTree\World\wmo\Lorderon\CollidableDoodads\ArathiHighlands\Bridge,6,0,0,0,0,0,0,0,0,0,0,0,0,0,0,0,0,0,0,0,0,0,0,6,0,0
C:\Users\ehsra\Documents\GitHub\WMVxTOPNG\ModelsTree\World\wmo\Lorderon\CollidableDoodads\ArathiHighlands\Durnholde,2,0,0,0,0,0,0,0,0,0,0,0,0,0,0,0,0,0,0,0,0,0,0,2,0,0
C:\Users\ehsra\Documents\GitHub\WMVxTOPNG\ModelsTree\World\wmo\Lorderon\CollidableDoodads\ArathiHighlands\DurnholdeDestroyedWalls,2,0,0,0,0,0,0,0,0,0,0,0,0,0,0,0,0,0,0,0,0,0,0,2,0,0
C:\Users\ehsra\Documents\GitHub\WMVxTOPNG\ModelsTree\World\wmo\Lorderon\CollidableDoodads\ArathiHighlands\HumanRuinedBuildings,29,0,0,0,0,0,0,0,0,0,0,0,0,0,0,0,0,0,0,0,0,0,0,29,0,0
C:\Users\ehsra\Documents\GitHub\WMVxTOPNG\ModelsTree\World\wmo\Lorderon\CollidableDoodads\ArathiHighlands\Stromguard,2,0,0,0,0,0,0,0,0,0,0,0,0,0,0,0,0,0,0,0,0,0,0,2,0,0
C:\Users\ehsra\Documents\GitHub\WMVxTOPNG\ModelsTree\World\wmo\Lorderon\CollidableDoodads\ArathiHighlands\WreckedBuildingHCorner01,2,0,0,0,0,0,0,0,0,0,0,0,0,0,0,0,0,0,0,0,0,0,0,2,0,0
C:\Users\ehsra\Documents\GitHub\WMVxTOPNG\ModelsTree\World\wmo\Lorderon\CollidableDoodads\ArathiHighlands\WreckedBuildingHCorner02,2,0,0,0,0,0,0,0,0,0,0,0,0,0,0,0,0,0,0,0,0,0,0,2,0,0
C:\Users\ehsra\Documents\GitHub\WMVxTOPNG\ModelsTree\World\wmo\Lorderon\CollidableDoodads\EasternPlaguelands,0,1,0,0,0,0,0,0,0,0,0,0,0,0,0,0,0,0,0,0,0,0,0,0,0,0
C:\Users\ehsra\Documents\GitHub\WMVxTOPNG\ModelsTree\World\wmo\Lorderon\CollidableDoodads\EasternPlaguelands\PlagueBlockade,2,0,0,0,0,0,0,0,0,0,0,0,0,0,0,0,0,0,0,0,0,0,0,2,0,0
C:\Users\ehsra\Documents\GitHub\WMVxTOPNG\ModelsTree\World\wmo\Lorderon\CollidableDoodads\Hinterlands,0,1,0,0,0,0,0,0,0,0,0,0,0,0,0,0,0,0,0,0,0,0,0,0,0,0
C:\Users\ehsra\Documents\GitHub\WMVxTOPNG\ModelsTree\World\wmo\Lorderon\CollidableDoodads\Hinterlands\TrollCityPieces,18,0,0,0,0,0,0,0,0,0,0,0,0,0,0,0,0,0,0,0,0,0,0,18,0,0
C:\Users\ehsra\Documents\GitHub\WMVxTOPNG\ModelsTree\World\wmo\Lorderon\CollidableDoodads\PlagueLandBridge,2,0,0,0,0,0,0,0,0,0,0,0,0,0,0,0,0,0,0,0,0,0,0,2,0,0
C:\Users\ehsra\Documents\GitHub\WMVxTOPNG\ModelsTree\World\wmo\Lorderon\Undercity,209,0,0,0,0,0,0,0,0,0,0,0,0,0,0,0,0,0,0,0,0,0,0,209,0,0
C:\Users\ehsra\Documents\GitHub\WMVxTOPNG\ModelsTree\World\wmo\Northrend,0,22,0,0,0,0,0,0,0,0,0,0,0,0,0,0,0,0,0,0,0,0,0,0,0,0
C:\Users\ehsra\Documents\GitHub\WMVxTOPNG\ModelsTree\World\wmo\Northrend\Battleground,36,0,0,0,0,0,0,0,0,0,0,0,0,0,0,0,0,0,0,0,0,0,0,36,0,0
C:\Users\ehsra\Documents\GitHub\WMVxTOPNG\ModelsTree\World\wmo\Northrend\Borean,6,0,0,0,0,0,0,0,0,0,0,0,0,0,0,0,0,0,0,0,0,0,0,6,0,0
C:\Users\ehsra\Documents\GitHub\WMVxTOPNG\ModelsTree\World\wmo\Northrend\BoreanTundra,0,2,0,0,0,0,0,0,0,0,0,0,0,0,0,0,0,0,0,0,0,0,0,0,0,0
C:\Users\ehsra\Documents\GitHub\WMVxTOPNG\ModelsTree\World\wmo\Northrend\BoreanTundra\BoreanTundraAllianceTown,6,0,0,0,0,0,0,0,0,0,0,0,0,0,0,0,0,0,0,0,0,0,0,6,0,0
C:\Users\ehsra\Documents\GitHub\WMVxTOPNG\ModelsTree\World\wmo\Northrend\BoreanTundra\WestRiftRocks,8,0,0,0,0,0,0,0,0,0,0,0,0,0,0,0,0,0,0,0,0,0,0,8,0,0
C:\Users\ehsra\Documents\GitHub\WMVxTOPNG\ModelsTree\World\wmo\Northrend\Buildings,8,29,0,0,0,0,0,0,0,0,0,0,0,0,0,0,0,0,0,0,0,0,0,8,0,0
C:\Users\ehsra\Documents\GitHub\WMVxTOPNG\ModelsTree\World\wmo\Northrend\Buildings\Forsaken,49,1,0,0,0,0,0,0,0,0,0,0,0,0,0,0,0,0,0,0,0,0,0,49,0,0
C:\Users\ehsra\Documents\GitHub\WMVxTOPNG\ModelsTree\World\wmo\Northrend\Buildings\Forsaken\Shipwreck,12,0,0,0,0,0,0,0,0,0,0,0,0,0,0,0,0,0,0,0,0,0,0,12,0,0
C:\Users\ehsra\Documents\GitHub\WMVxTOPNG\ModelsTree\World\wmo\Northrend\Buildings\FrostDwarf,2,0,0,0,0,0,0,0,0,0,0,0,0,0,0,0,0,0,0,0,0,0,0,2,0,0
C:\Users\ehsra\Documents\GitHub\WMVxTOPNG\ModelsTree\World\wmo\Northrend\Buildings\Goblin,6,0,0,0,0,0,0,0,0,0,0,0,0,0,0,0,0,0,0,0,0,0,0,6,0,0
C:\Users\ehsra\Documents\GitHub\WMVxTOPNG\ModelsTree\World\wmo\Northrend\Buildings\Human,65,25,0,0,0,0,0,0,0,0,0,0,0,0,0,0,0,0,0,0,0,0,0,65,0,0
C:\Users\ehsra\Documents\GitHub\WMVxTOPNG\ModelsTree\World\wmo\Northrend\Buildings\Human\ApocalypseBoat,2,0,0,0,0,0,0,0,0,0,0,0,0,0,0,0,0,0,0,0,0,0,0,2,0,0
C:\Users\ehsra\Documents\GitHub\WMVxTOPNG\ModelsTree\World\wmo\Northrend\Buildings\Human\Gate,8,0,0,0,0,0,0,0,0,0,0,0,0,0,0,0,0,0,0,0,0,0,0,8,0,0
C:\Users\ehsra\Documents\GitHub\WMVxTOPNG\ModelsTree\World\wmo\Northrend\Buildings\Human\Icebreaker,2,0,0,0,0,0,0,0,0,0,0,0,0,0,0,0,0,0,0,0,0,0,0,2,0,0
C:\Users\ehsra\Documents\GitHub\WMVxTOPNG\ModelsTree\World\wmo\Northrend\Buildings\Human\ND_Human_Barracks,26,0,0,0,0,0,0,0,0,0,0,0,0,0,0,0,0,0,0,0,0,0,0,26,0,0
C:\Users\ehsra\Documents\GitHub\WMVxTOPNG\ModelsTree\World\wmo\Northrend\Buildings\Human\ND_Human_BG_Keep,28,0,0,0,0,0,0,0,0,0,0,0,0,0,0,0,0,0,0,0,0,0,0,28,0,0
C:\Users\ehsra\Documents\GitHub\WMVxTOPNG\ModelsTree\World\wmo\Northrend\Buildings\Human\ND_Human_Boreanalliancetown_Barracks,28,0,0,0,0,0,0,0,0,0,0,0,0,0,0,0,0,0,0,0,0,0,0,28,0,0
C:\Users\ehsra\Documents\GitHub\WMVxTOPNG\ModelsTree\World\wmo\Northrend\Buildings\Human\ND_Human_CityGate,3,0,0,0,0,0,0,0,0,0,0,0,0,0,0,0,0,0,0,0,0,0,0,3,0,0
C:\Users\ehsra\Documents\GitHub\WMVxTOPNG\ModelsTree\World\wmo\Northrend\Buildings\Human\ND_Human_Construction01,41,0,0,0,0,0,0,0,0,0,0,0,0,0,0,0,0,0,0,0,0,0,0,41,0,0
C:\Users\ehsra\Documents\GitHub\WMVxTOPNG\ModelsTree\World\wmo\Northrend\Buildings\Human\ND_Human_Construction02,2,0,0,0,0,0,0,0,0,0,0,0,0,0,0,0,0,0,0,0,0,0,0,2,0,0
C:\Users\ehsra\Documents\GitHub\WMVxTOPNG\ModelsTree\World\wmo\Northrend\Buildings\Human\ND_Human_Construction03,2,0,0,0,0,0,0,0,0,0,0,0,0,0,0,0,0,0,0,0,0,0,0,2,0,0
C:\Users\ehsra\Documents\GitHub\WMVxTOPNG\ModelsTree\World\wmo\Northrend\Buildings\Human\ND_Human_Destruction02,4,0,0,0,0,0,0,0,0,0,0,0,0,0,0,0,0,0,0,0,0,0,0,4,0,0
C:\Users\ehsra\Documents\GitHub\WMVxTOPNG\ModelsTree\World\wmo\Northrend\Buildings\Human\ND_Human_Destruction03,2,0,0,0,0,0,0,0,0,0,0,0,0,0,0,0,0,0,0,0,0,0,0,2,0,0
C:\Users\ehsra\Documents\GitHub\WMVxTOPNG\ModelsTree\World\wmo\Northrend\Buildings\Human\ND_Human_Fence,4,0,0,0,0,0,0,0,0,0,0,0,0,0,0,0,0,0,0,0,0,0,0,4,0,0
C:\Users\ehsra\Documents\GitHub\WMVxTOPNG\ModelsTree\World\wmo\Northrend\Buildings\Human\ND_Human_Footbridge,2,0,0,0,0,0,0,0,0,0,0,0,0,0,0,0,0,0,0,0,0,0,0,2,0,0
C:\Users\ehsra\Documents\GitHub\WMVxTOPNG\ModelsTree\World\wmo\Northrend\Buildings\Human\ND_Human_House01,3,0,0,0,0,0,0,0,0,0,0,0,0,0,0,0,0,0,0,0,0,0,0,3,0,0
C:\Users\ehsra\Documents\GitHub\WMVxTOPNG\ModelsTree\World\wmo\Northrend\Buildings\Human\ND_Human_House02,3,0,0,0,0,0,0,0,0,0,0,0,0,0,0,0,0,0,0,0,0,0,0,3,0,0
C:\Users\ehsra\Documents\GitHub\WMVxTOPNG\ModelsTree\World\wmo\Northrend\Buildings\Human\ND_Human_House03,3,0,0,0,0,0,0,0,0,0,0,0,0,0,0,0,0,0,0,0,0,0,0,3,0,0
C:\Users\ehsra\Documents\GitHub\WMVxTOPNG\ModelsTree\World\wmo\Northrend\Buildings\Human\ND_Human_Inn,5,0,0,0,0,0,0,0,0,0,0,0,0,0,0,0,0,0,0,0,0,0,0,5,0,0
C:\Users\ehsra\Documents\GitHub\WMVxTOPNG\ModelsTree\World\wmo\Northrend\Buildings\Human\ND_Human_Stables,2,0,0,0,0,0,0,0,0,0,0,0,0,0,0,0,0,0,0,0,0,0,0,2,0,0
C:\Users\ehsra\Documents\GitHub\WMVxTOPNG\ModelsTree\World\wmo\Northrend\Buildings\Human\ND_Human_Tower,9,0,0,0,0,0,0,0,0,0,0,0,0,0,0,0,0,0,0,0,0,0,0,9,0,0
C:\Users\ehsra\Documents\GitHub\WMVxTOPNG\ModelsTree\World\wmo\Northrend\Buildings\Human\ND_Human_TownHall,4,0,0,0,0,0,0,0,0,0,0,0,0,0,0,0,0,0,0,0,0,0,0,4,0,0
C:\Users\ehsra\Documents\GitHub\WMVxTOPNG\ModelsTree\World\wmo\Northrend\Buildings\Human\ND_Human_Wall,22,0,0,0,0,0,0,0,0,0,0,0,0,0,0,0,0,0,0,0,0,0,0,22,0,0
C:\Users\ehsra\Documents\GitHub\WMVxTOPNG\ModelsTree\World\wmo\Northrend\Buildings\Human\ND_Human_Wall_01,3,0,0,0,0,0,0,0,0,0,0,0,0,0,0,0,0,0,0,0,0,0,0,3,0,0
C:\Users\ehsra\Documents\GitHub\WMVxTOPNG\ModelsTree\World\wmo\Northrend\Buildings\Human\ND_Human_Wall_Small,14,0,0,0,0,0,0,0,0,0,0,0,0,0,0,0,0,0,0,0,0,0,0,14,0,0
C:\Users\ehsra\Documents\GitHub\WMVxTOPNG\ModelsTree\World\wmo\Northrend\Buildings\Human\Tents,3,0,0,0,0,0,0,0,0,0,0,0,0,0,0,0,0,0,0,0,0,0,0,3,0,0
C:\Users\ehsra\Documents\GitHub\WMVxTOPNG\ModelsTree\World\wmo\Northrend\Buildings\Human_Barracks,3,0,0,0,0,0,0,0,0,0,0,0,0,0,0,0,0,0,0,0,0,0,0,3,0,0
C:\Users\ehsra\Documents\GitHub\WMVxTOPNG\ModelsTree\World\wmo\Northrend\Buildings\IceTroll,46,1,0,0,0,0,0,0,0,0,0,0,0,0,0,0,0,0,0,0,0,0,0,46,0,0
C:\Users\ehsra\Documents\GitHub\WMVxTOPNG\ModelsTree\World\wmo\Northrend\Buildings\IceTroll\Welded,106,0,0,0,0,0,0,0,0,0,0,0,0,0,0,0,0,0,0,0,0,0,0,106,0,0
C:\Users\ehsra\Documents\GitHub\WMVxTOPNG\ModelsTree\World\wmo\Northrend\Buildings\IronDwarf,0,4,0,0,0,0,0,0,0,0,0,0,0,0,0,0,0,0,0,0,0,0,0,0,0,0
C:\Users\ehsra\Documents\GitHub\WMVxTOPNG\ModelsTree\World\wmo\Northrend\Buildings\IronDwarf\ND_IronDwarf_Bridge,2,0,0,0,0,0,0,0,0,0,0,0,0,0,0,0,0,0,0,0,0,0,0,2,0,0
C:\Users\ehsra\Documents\GitHub\WMVxTOPNG\ModelsTree\World\wmo\Northrend\Buildings\IronDwarf\ND_IronDwarf_LargeBuilding,3,0,0,0,0,0,0,0,0,0,0,0,0,0,0,0,0,0,0,0,0,0,0,3,0,0
C:\Users\ehsra\Documents\GitHub\WMVxTOPNG\ModelsTree\World\wmo\Northrend\Buildings\IronDwarf\ND_IronDwarf_RoundBuilding,3,0,0,0,0,0,0,0,0,0,0,0,0,0,0,0,0,0,0,0,0,0,0,3,0,0
C:\Users\ehsra\Documents\GitHub\WMVxTOPNG\ModelsTree\World\wmo\Northrend\Buildings\IronDwarf\ND_IronDwarf_SmallBuilding,3,0,0,0,0,0,0,0,0,0,0,0,0,0,0,0,0,0,0,0,0,0,0,3,0,0
C:\Users\ehsra\Documents\GitHub\WMVxTOPNG\ModelsTree\World\wmo\Northrend\Buildings\MageHunters,0,1,0,0,0,0,0,0,0,0,0,0,0,0,0,0,0,0,0,0,0,0,0,0,0,0
C:\Users\ehsra\Documents\GitHub\WMVxTOPNG\ModelsTree\World\wmo\Northrend\Buildings\MageHunters\MH_platforms,4,0,0,0,0,0,0,0,0,0,0,0,0,0,0,0,0,0,0,0,0,0,0,4,0,0
C:\Users\ehsra\Documents\GitHub\WMVxTOPNG\ModelsTree\World\wmo\Northrend\Buildings\ND_ScourgeBase,4,0,0,0,0,0,0,0,0,0,0,0,0,0,0,0,0,0,0,0,0,0,0,4,0,0
C:\Users\ehsra\Documents\GitHub\WMVxTOPNG\ModelsTree\World\wmo\Northrend\Buildings\ND_Vrykul_Icecrown,6,0,0,0,0,0,0,0,0,0,0,0,0,0,0,0,0,0,0,0,0,0,0,6,0,0
C:\Users\ehsra\Documents\GitHub\WMVxTOPNG\ModelsTree\World\wmo\Northrend\Buildings\NightElf,0,1,0,0,0,0,0,0,0,0,0,0,0,0,0,0,0,0,0,0,0,0,0,0,0,0
C:\Users\ehsra\Documents\GitHub\WMVxTOPNG\ModelsTree\World\wmo\Northrend\Buildings\NightElf\Ruins,6,0,0,0,0,0,0,0,0,0,0,0,0,0,0,0,0,0,0,0,0,0,0,6,0,0
C:\Users\ehsra\Documents\GitHub\WMVxTOPNG\ModelsTree\World\wmo\Northrend\Buildings\Oilrig,6,0,0,0,0,0,0,0,0,0,0,0,0,0,0,0,0,0,0,0,0,0,0,6,0,0
C:\Users\ehsra\Documents\GitHub\WMVxTOPNG\ModelsTree\World\wmo\Northrend\Buildings\Oraclehuts,6,0,0,0,0,0,0,0,0,0,0,0,0,0,0,0,0,0,0,0,0,0,0,6,0,0
C:\Users\ehsra\Documents\GitHub\WMVxTOPNG\ModelsTree\World\wmo\Northrend\Buildings\Scourge,0,1,0,0,0,0,0,0,0,0,0,0,0,0,0,0,0,0,0,0,0,0,0,0,0,0
C:\Users\ehsra\Documents\GitHub\WMVxTOPNG\ModelsTree\World\wmo\Northrend\Buildings\Scourge\CD,2,0,0,0,0,0,0,0,0,0,0,0,0,0,0,0,0,0,0,0,0,0,0,2,0,0
C:\Users\ehsra\Documents\GitHub\WMVxTOPNG\ModelsTree\World\wmo\Northrend\Buildings\StormPeaks,0,1,0,0,0,0,0,0,0,0,0,0,0,0,0,0,0,0,0,0,0,0,0,0,0,0
C:\Users\ehsra\Documents\GitHub\WMVxTOPNG\ModelsTree\World\wmo\Northrend\Buildings\StormPeaks\Welds,2,0,0,0,0,0,0,0,0,0,0,0,0,0,0,0,0,0,0,0,0,0,0,2,0,0
C:\Users\ehsra\Documents\GitHub\WMVxTOPNG\ModelsTree\World\wmo\Northrend\Buildings\Test,3,0,0,0,0,0,0,0,0,0,0,0,0,0,0,0,0,0,0,0,0,0,0,3,0,0
C:\Users\ehsra\Documents\GitHub\WMVxTOPNG\ModelsTree\World\wmo\Northrend\Buildings\Titan,70,0,0,0,0,0,0,0,0,0,0,0,0,0,0,0,0,0,0,0,0,0,0,70,0,0
C:\Users\ehsra\Documents\GitHub\WMVxTOPNG\ModelsTree\World\wmo\Northrend\Buildings\Trapper,18,0,0,0,0,0,0,0,0,0,0,0,0,0,0,0,0,0,0,0,0,0,0,18,0,0
C:\Users\ehsra\Documents\GitHub\WMVxTOPNG\ModelsTree\World\wmo\Northrend\Buildings\Tuskarr,9,13,0,0,0,0,0,0,0,0,0,0,0,0,0,0,0,0,0,0,0,0,0,9,0,0
C:\Users\ehsra\Documents\GitHub\WMVxTOPNG\ModelsTree\World\wmo\Northrend\Buildings\Tuskarr\ND_Tuskarr_Bridge_01,2,0,0,0,0,0,0,0,0,0,0,0,0,0,0,0,0,0,0,0,0,0,0,2,0,0
C:\Users\ehsra\Documents\GitHub\WMVxTOPNG\ModelsTree\World\wmo\Northrend\Buildings\Tuskarr\ND_Tuskarr_DestoyedHut01,2,0,0,0,0,0,0,0,0,0,0,0,0,0,0,0,0,0,0,0,0,0,0,2,0,0
C:\Users\ehsra\Documents\GitHub\WMVxTOPNG\ModelsTree\World\wmo\Northrend\Buildings\Tuskarr\ND_Tuskarr_DestoyedHut02,2,0,0,0,0,0,0,0,0,0,0,0,0,0,0,0,0,0,0,0,0,0,0,2,0,0
C:\Users\ehsra\Documents\GitHub\WMVxTOPNG\ModelsTree\World\wmo\Northrend\Buildings\Tuskarr\ND_Tuskarr_DestoyedHut03,3,0,0,0,0,0,0,0,0,0,0,0,0,0,0,0,0,0,0,0,0,0,0,3,0,0
C:\Users\ehsra\Documents\GitHub\WMVxTOPNG\ModelsTree\World\wmo\Northrend\Buildings\Tuskarr\ND_Tuskarr_DestoyedHut04,3,0,0,0,0,0,0,0,0,0,0,0,0,0,0,0,0,0,0,0,0,0,0,3,0,0
C:\Users\ehsra\Documents\GitHub\WMVxTOPNG\ModelsTree\World\wmo\Northrend\Buildings\Tuskarr\ND_Tuskarr_DestoyedHut05,2,0,0,0,0,0,0,0,0,0,0,0,0,0,0,0,0,0,0,0,0,0,0,2,0,0
C:\Users\ehsra\Documents\GitHub\WMVxTOPNG\ModelsTree\World\wmo\Northrend\Buildings\Tuskarr\ND_Tuskarr_giantnet01,2,0,0,0,0,0,0,0,0,0,0,0,0,0,0,0,0,0,0,0,0,0,0,2,0,0
C:\Users\ehsra\Documents\GitHub\WMVxTOPNG\ModelsTree\World\wmo\Northrend\Buildings\Tuskarr\ND_Tuskarr_Hut01,3,0,0,0,0,0,0,0,0,0,0,0,0,0,0,0,0,0,0,0,0,0,0,3,0,0
C:\Users\ehsra\Documents\GitHub\WMVxTOPNG\ModelsTree\World\wmo\Northrend\Buildings\Tuskarr\ND_Tuskarr_Hut02,2,0,0,0,0,0,0,0,0,0,0,0,0,0,0,0,0,0,0,0,0,0,0,2,0,0
C:\Users\ehsra\Documents\GitHub\WMVxTOPNG\ModelsTree\World\wmo\Northrend\Buildings\Tuskarr\ND_Tuskarr_Hut03,3,0,0,0,0,0,0,0,0,0,0,0,0,0,0,0,0,0,0,0,0,0,0,3,0,0
C:\Users\ehsra\Documents\GitHub\WMVxTOPNG\ModelsTree\World\wmo\Northrend\Buildings\Tuskarr\ND_Tuskarr_Hut04,3,0,0,0,0,0,0,0,0,0,0,0,0,0,0,0,0,0,0,0,0,0,0,3,0,0
C:\Users\ehsra\Documents\GitHub\WMVxTOPNG\ModelsTree\World\wmo\Northrend\Buildings\Tuskarr\ND_Tuskarr_Hut05,3,0,0,0,0,0,0,0,0,0,0,0,0,0,0,0,0,0,0,0,0,0,0,3,0,0
C:\Users\ehsra\Documents\GitHub\WMVxTOPNG\ModelsTree\World\wmo\Northrend\Buildings\Tuskarr\ND_Tuskarr_Hut06,3,0,0,0,0,0,0,0,0,0,0,0,0,0,0,0,0,0,0,0,0,0,0,3,0,0
C:\Users\ehsra\Documents\GitHub\WMVxTOPNG\ModelsTree\World\wmo\Northrend\Buildings\Vrykul,30,5,0,0,0,0,0,0,0,0,0,0,0,0,0,0,0,0,0,0,0,0,0,30,0,0
C:\Users\ehsra\Documents\GitHub\WMVxTOPNG\ModelsTree\World\wmo\Northrend\Buildings\Vrykul\ND_GondolaTower,2,0,0,0,0,0,0,0,0,0,0,0,0,0,0,0,0,0,0,0,0,0,0,2,0,0
C:\Users\ehsra\Documents\GitHub\WMVxTOPNG\ModelsTree\World\wmo\Northrend\Buildings\Vrykul\ND_Vrykul_Dwelling_01,33,0,0,0,0,0,0,0,0,0,0,0,0,0,0,0,0,0,0,0,0,0,0,33,0,0
C:\Users\ehsra\Documents\GitHub\WMVxTOPNG\ModelsTree\World\wmo\Northrend\Buildings\Vrykul\ND_Vrykul_Dwelling_02,3,0,0,0,0,0,0,0,0,0,0,0,0,0,0,0,0,0,0,0,0,0,0,3,0,0
C:\Users\ehsra\Documents\GitHub\WMVxTOPNG\ModelsTree\World\wmo\Northrend\Buildings\Vrykul\ND_Vrykul_Dwelling_03,11,0,0,0,0,0,0,0,0,0,0,0,0,0,0,0,0,0,0,0,0,0,0,11,0,0
C:\Users\ehsra\Documents\GitHub\WMVxTOPNG\ModelsTree\World\wmo\Northrend\Buildings\Vrykul\Roads,2,0,0,0,0,0,0,0,0,0,0,0,0,0,0,0,0,0,0,0,0,0,0,2,0,0
C:\Users\ehsra\Documents\GitHub\WMVxTOPNG\ModelsTree\World\wmo\Northrend\Buildings\WinterOrc,15,11,0,0,0,0,0,0,0,0,0,0,0,0,0,0,0,0,0,0,0,0,0,15,0,0
C:\Users\ehsra\Documents\GitHub\WMVxTOPNG\ModelsTree\World\wmo\Northrend\Buildings\WinterOrc\ND_OrcWinter_Crane,2,0,0,0,0,0,0,0,0,0,0,0,0,0,0,0,0,0,0,0,0,0,0,2,0,0
C:\Users\ehsra\Documents\GitHub\WMVxTOPNG\ModelsTree\World\wmo\Northrend\Buildings\WinterOrc\ND_WinterOrc_Barracks,4,0,0,0,0,0,0,0,0,0,0,0,0,0,0,0,0,0,0,0,0,0,0,4,0,0
C:\Users\ehsra\Documents\GitHub\WMVxTOPNG\ModelsTree\World\wmo\Northrend\Buildings\WinterOrc\ND_WinterOrc_Cap,4,0,0,0,0,0,0,0,0,0,0,0,0,0,0,0,0,0,0,0,0,0,0,4,0,0
C:\Users\ehsra\Documents\GitHub\WMVxTOPNG\ModelsTree\World\wmo\Northrend\Buildings\WinterOrc\ND_WinterOrc_Forge,3,0,0,0,0,0,0,0,0,0,0,0,0,0,0,0,0,0,0,0,0,0,0,3,0,0
C:\Users\ehsra\Documents\GitHub\WMVxTOPNG\ModelsTree\World\wmo\Northrend\Buildings\WinterOrc\ND_WinterOrc_Fortress,16,0,0,0,0,0,0,0,0,0,0,0,0,0,0,0,0,0,0,0,0,0,0,16,0,0
C:\Users\ehsra\Documents\GitHub\WMVxTOPNG\ModelsTree\World\wmo\Northrend\Buildings\WinterOrc\ND_WinterOrc_Hovel,2,0,0,0,0,0,0,0,0,0,0,0,0,0,0,0,0,0,0,0,0,0,0,2,0,0
C:\Users\ehsra\Documents\GitHub\WMVxTOPNG\ModelsTree\World\wmo\Northrend\Buildings\WinterOrc\ND_WinterOrc_scaffoldng,12,0,0,0,0,0,0,0,0,0,0,0,0,0,0,0,0,0,0,0,0,0,0,12,0,0
C:\Users\ehsra\Documents\GitHub\WMVxTOPNG\ModelsTree\World\wmo\Northrend\Buildings\WinterOrc\ND_WinterOrc_Ships,4,0,0,0,0,0,0,0,0,0,0,0,0,0,0,0,0,0,0,0,0,0,0,4,0,0
C:\Users\ehsra\Documents\GitHub\WMVxTOPNG\ModelsTree\World\wmo\Northrend\Buildings\WinterOrc\ND_WinterOrc_Stables,4,0,0,0,0,0,0,0,0,0,0,0,0,0,0,0,0,0,0,0,0,0,0,4,0,0
C:\Users\ehsra\Documents\GitHub\WMVxTOPNG\ModelsTree\World\wmo\Northrend\Buildings\WinterOrc\ND_WinterOrc_Tower,10,0,0,0,0,0,0,0,0,0,0,0,0,0,0,0,0,0,0,0,0,0,0,10,0,0
C:\Users\ehsra\Documents\GitHub\WMVxTOPNG\ModelsTree\World\wmo\Northrend\Buildings\WinterOrc\ND_WinterOrc_Walls,25,0,0,0,0,0,0,0,0,0,0,0,0,0,0,0,0,0,0,0,0,0,0,25,0,0
C:\Users\ehsra\Documents\GitHub\WMVxTOPNG\ModelsTree\World\wmo\Northrend\Buildings\WinterTauren,27,9,0,0,0,0,0,0,0,0,0,0,0,0,0,0,0,0,0,0,0,0,0,27,0,0
C:\Users\ehsra\Documents\GitHub\WMVxTOPNG\ModelsTree\World\wmo\Northrend\Buildings\WinterTauren\ND_WinterTauren_CouncilHut,3,0,0,0,0,0,0,0,0,0,0,0,0,0,0,0,0,0,0,0,0,0,0,3,0,0
C:\Users\ehsra\Documents\GitHub\WMVxTOPNG\ModelsTree\World\wmo\Northrend\Buildings\WinterTauren\ND_WinterTauren_CouncilHutB,3,0,0,0,0,0,0,0,0,0,0,0,0,0,0,0,0,0,0,0,0,0,0,3,0,0
C:\Users\ehsra\Documents\GitHub\WMVxTOPNG\ModelsTree\World\wmo\Northrend\Buildings\WinterTauren\ND_WinterTauren_GuardTower,2,0,0,0,0,0,0,0,0,0,0,0,0,0,0,0,0,0,0,0,0,0,0,2,0,0
C:\Users\ehsra\Documents\GitHub\WMVxTOPNG\ModelsTree\World\wmo\Northrend\Buildings\WinterTauren\ND_WinterTauren_Inn,2,0,0,0,0,0,0,0,0,0,0,0,0,0,0,0,0,0,0,0,0,0,0,2,0,0
C:\Users\ehsra\Documents\GitHub\WMVxTOPNG\ModelsTree\World\wmo\Northrend\Buildings\WinterTauren\ND_WinterTauren_Loft,3,0,0,0,0,0,0,0,0,0,0,0,0,0,0,0,0,0,0,0,0,0,0,3,0,0
C:\Users\ehsra\Documents\GitHub\WMVxTOPNG\ModelsTree\World\wmo\Northrend\Buildings\WinterTauren\ND_WinterTauren_LongHouse,3,0,0,0,0,0,0,0,0,0,0,0,0,0,0,0,0,0,0,0,0,0,0,3,0,0
C:\Users\ehsra\Documents\GitHub\WMVxTOPNG\ModelsTree\World\wmo\Northrend\Buildings\WinterTauren\ND_WinterTauren_LongHouse_B,3,0,0,0,0,0,0,0,0,0,0,0,0,0,0,0,0,0,0,0,0,0,0,3,0,0
C:\Users\ehsra\Documents\GitHub\WMVxTOPNG\ModelsTree\World\wmo\Northrend\Buildings\WinterTauren\ND_WinterTauren_SmokeHut,2,0,0,0,0,0,0,0,0,0,0,0,0,0,0,0,0,0,0,0,0,0,0,2,0,0
C:\Users\ehsra\Documents\GitHub\WMVxTOPNG\ModelsTree\World\wmo\Northrend\Buildings\WinterTauren\ND_WinterTauren_SmokeHut_B,2,0,0,0,0,0,0,0,0,0,0,0,0,0,0,0,0,0,0,0,0,0,0,2,0,0
C:\Users\ehsra\Documents\GitHub\WMVxTOPNG\ModelsTree\World\wmo\Northrend\Buildings\WinterTauren_CouncilHut,6,0,0,0,0,0,0,0,0,0,0,0,0,0,0,0,0,0,0,0,0,0,0,6,0,0
C:\Users\ehsra\Documents\GitHub\WMVxTOPNG\ModelsTree\World\wmo\Northrend\Buildings\WinterTauren_CouncilHutB,3,0,0,0,0,0,0,0,0,0,0,0,0,0,0,0,0,0,0,0,0,0,0,3,0,0
C:\Users\ehsra\Documents\GitHub\WMVxTOPNG\ModelsTree\World\wmo\Northrend\Buildings\WinterTauren_GuardTower,4,0,0,0,0,0,0,0,0,0,0,0,0,0,0,0,0,0,0,0,0,0,0,4,0,0
C:\Users\ehsra\Documents\GitHub\WMVxTOPNG\ModelsTree\World\wmo\Northrend\Buildings\WinterTauren_Inn,4,0,0,0,0,0,0,0,0,0,0,0,0,0,0,0,0,0,0,0,0,0,0,4,0,0
C:\Users\ehsra\Documents\GitHub\WMVxTOPNG\ModelsTree\World\wmo\Northrend\Buildings\WinterTauren_Loft,6,0,0,0,0,0,0,0,0,0,0,0,0,0,0,0,0,0,0,0,0,0,0,6,0,0
C:\Users\ehsra\Documents\GitHub\WMVxTOPNG\ModelsTree\World\wmo\Northrend\Buildings\WinterTauren_LongHouse,9,0,0,0,0,0,0,0,0,0,0,0,0,0,0,0,0,0,0,0,0,0,0,9,0,0
C:\Users\ehsra\Documents\GitHub\WMVxTOPNG\ModelsTree\World\wmo\Northrend\Buildings\WinterTauren_SmokeHut,6,0,0,0,0,0,0,0,0,0,0,0,0,0,0,0,0,0,0,0,0,0,0,6,0,0
C:\Users\ehsra\Documents\GitHub\WMVxTOPNG\ModelsTree\World\wmo\Northrend\CrystalsongForest,2,0,0,0,0,0,0,0,0,0,0,0,0,0,0,0,0,0,0,0,0,0,0,2,0,0
C:\Users\ehsra\Documents\GitHub\WMVxTOPNG\ModelsTree\World\wmo\Northrend\Dalaran,94,0,0,0,0,0,0,0,0,0,0,0,0,0,0,0,0,0,0,0,0,0,0,94,0,0
C:\Users\ehsra\Documents\GitHub\WMVxTOPNG\ModelsTree\World\wmo\Northrend\Dragonblight,36,7,0,0,0,0,0,0,0,0,0,0,0,0,0,0,0,0,0,0,0,0,0,36,0,0
C:\Users\ehsra\Documents\GitHub\WMVxTOPNG\ModelsTree\World\wmo\Northrend\Dragonblight\Bridge,2,0,0,0,0,0,0,0,0,0,0,0,0,0,0,0,0,0,0,0,0,0,0,2,0,0
C:\Users\ehsra\Documents\GitHub\WMVxTOPNG\ModelsTree\World\wmo\Northrend\Dragonblight\Cliffs,2,0,0,0,0,0,0,0,0,0,0,0,0,0,0,0,0,0,0,0,0,0,0,2,0,0
C:\Users\ehsra\Documents\GitHub\WMVxTOPNG\ModelsTree\World\wmo\Northrend\Dragonblight\Dragonshrine,11,0,0,0,0,0,0,0,0,0,0,0,0,0,0,0,0,0,0,0,0,0,0,11,0,0
C:\Users\ehsra\Documents\GitHub\WMVxTOPNG\ModelsTree\World\wmo\Northrend\Dragonblight\NewHearthglen,28,0,0,0,0,0,0,0,0,0,0,0,0,0,0,0,0,0,0,0,0,0,0,28,0,0
C:\Users\ehsra\Documents\GitHub\WMVxTOPNG\ModelsTree\World\wmo\Northrend\Dragonblight\ScarletCrusaderWalls,37,0,0,0,0,0,0,0,0,0,0,0,0,0,0,0,0,0,0,0,0,0,0,37,0,0
C:\Users\ehsra\Documents\GitHub\WMVxTOPNG\ModelsTree\World\wmo\Northrend\Dragonblight\ScarletOnslaught,2,0,0,0,0,0,0,0,0,0,0,0,0,0,0,0,0,0,0,0,0,0,0,2,0,0
C:\Users\ehsra\Documents\GitHub\WMVxTOPNG\ModelsTree\World\wmo\Northrend\Dragonblight\Walls,2,0,0,0,0,0,0,0,0,0,0,0,0,0,0,0,0,0,0,0,0,0,0,2,0,0
C:\Users\ehsra\Documents\GitHub\WMVxTOPNG\ModelsTree\World\wmo\Northrend\GrizzlyHills,0,7,0,0,0,0,0,0,0,0,0,0,0,0,0,0,0,0,0,0,0,0,0,0,0,0
C:\Users\ehsra\Documents\GitHub\WMVxTOPNG\ModelsTree\World\wmo\Northrend\GrizzlyHills\BearAltar,2,0,0,0,0,0,0,0,0,0,0,0,0,0,0,0,0,0,0,0,0,0,0,2,0,0
C:\Users\ehsra\Documents\GitHub\WMVxTOPNG\ModelsTree\World\wmo\Northrend\GrizzlyHills\Bridges,4,0,0,0,0,0,0,0,0,0,0,0,0,0,0,0,0,0,0,0,0,0,0,4,0,0
C:\Users\ehsra\Documents\GitHub\WMVxTOPNG\ModelsTree\World\wmo\Northrend\GrizzlyHills\Caves,2,0,0,0,0,0,0,0,0,0,0,0,0,0,0,0,0,0,0,0,0,0,0,2,0,0
C:\Users\ehsra\Documents\GitHub\WMVxTOPNG\ModelsTree\World\wmo\Northrend\GrizzlyHills\Furbolg,3,0,0,0,0,0,0,0,0,0,0,0,0,0,0,0,0,0,0,0,0,0,0,3,0,0
C:\Users\ehsra\Documents\GitHub\WMVxTOPNG\ModelsTree\World\wmo\Northrend\GrizzlyHills\LogRuns,6,0,0,0,0,0,0,0,0,0,0,0,0,0,0,0,0,0,0,0,0,0,0,6,0,0
C:\Users\ehsra\Documents\GitHub\WMVxTOPNG\ModelsTree\World\wmo\Northrend\GrizzlyHills\VentureBay,21,0,0,0,0,0,0,0,0,0,0,0,0,0,0,0,0,0,0,0,0,0,0,21,0,0
C:\Users\ehsra\Documents\GitHub\WMVxTOPNG\ModelsTree\World\wmo\Northrend\GrizzlyHills\WestfallBrigade,2,0,0,0,0,0,0,0,0,0,0,0,0,0,0,0,0,0,0,0,0,0,0,2,0,0
C:\Users\ehsra\Documents\GitHub\WMVxTOPNG\ModelsTree\World\wmo\Northrend\HowlingFjord,12,5,0,0,0,0,0,0,0,0,0,0,0,0,0,0,0,0,0,0,0,0,0,12,0,0
C:\Users\ehsra\Documents\GitHub\WMVxTOPNG\ModelsTree\World\wmo\Northrend\HowlingFjord\Bridges,6,0,0,0,0,0,0,0,0,0,0,0,0,0,0,0,0,0,0,0,0,0,0,6,0,0
C:\Users\ehsra\Documents\GitHub\WMVxTOPNG\ModelsTree\World\wmo\Northrend\HowlingFjord\Caves,3,0,0,0,0,0,0,0,0,0,0,0,0,0,0,0,0,0,0,0,0,0,0,3,0,0
C:\Users\ehsra\Documents\GitHub\WMVxTOPNG\ModelsTree\World\wmo\Northrend\HowlingFjord\Docks,8,0,0,0,0,0,0,0,0,0,0,0,0,0,0,0,0,0,0,0,0,0,0,8,0,0
C:\Users\ehsra\Documents\GitHub\WMVxTOPNG\ModelsTree\World\wmo\Northrend\HowlingFjord\Dwarven,30,0,0,0,0,0,0,0,0,0,0,0,0,0,0,0,0,0,0,0,0,0,0,30,0,0
C:\Users\ehsra\Documents\GitHub\WMVxTOPNG\ModelsTree\World\wmo\Northrend\HowlingFjord\RadioTower,2,0,0,0,0,0,0,0,0,0,0,0,0,0,0,0,0,0,0,0,0,0,0,2,0,0
C:\Users\ehsra\Documents\GitHub\WMVxTOPNG\ModelsTree\World\wmo\Northrend\Icecrown,36,3,0,0,0,0,0,0,0,0,0,0,0,0,0,0,0,0,0,0,0,0,0,36,0,0
C:\Users\ehsra\Documents\GitHub\WMVxTOPNG\ModelsTree\World\wmo\Northrend\Icecrown\landfeatures,9,0,0,0,0,0,0,0,0,0,0,0,0,0,0,0,0,0,0,0,0,0,0,9,0,0
C:\Users\ehsra\Documents\GitHub\WMVxTOPNG\ModelsTree\World\wmo\Northrend\Icecrown\ScourgeWalls,141,0,0,0,0,0,0,0,0,0,0,0,0,0,0,0,0,0,0,0,0,0,0,141,0,0
C:\Users\ehsra\Documents\GitHub\WMVxTOPNG\ModelsTree\World\wmo\Northrend\Icecrown\Vrykul,8,0,0,0,0,0,0,0,0,0,0,0,0,0,0,0,0,0,0,0,0,0,0,8,0,0
C:\Users\ehsra\Documents\GitHub\WMVxTOPNG\ModelsTree\World\wmo\Northrend\IsleofConquest,19,0,0,0,0,0,0,0,0,0,0,0,0,0,0,0,0,0,0,0,0,0,0,19,0,0
C:\Users\ehsra\Documents\GitHub\WMVxTOPNG\ModelsTree\World\wmo\Northrend\Landfeatures,0,6,0,0,0,0,0,0,0,0,0,0,0,0,0,0,0,0,0,0,0,0,0,0,0,0
C:\Users\ehsra\Documents\GitHub\WMVxTOPNG\ModelsTree\World\wmo\Northrend\Landfeatures\BoreanTundra,0,1,0,0,0,0,0,0,0,0,0,0,0,0,0,0,0,0,0,0,0,0,0,0,0,0
C:\Users\ehsra\Documents\GitHub\WMVxTOPNG\ModelsTree\World\wmo\Northrend\Landfeatures\BoreanTundra\Cliffs,8,0,0,0,0,0,0,0,0,0,0,0,0,0,0,0,0,0,0,0,0,0,0,8,0,0
C:\Users\ehsra\Documents\GitHub\WMVxTOPNG\ModelsTree\World\wmo\Northrend\Landfeatures\HowlingFjord,0,1,0,0,0,0,0,0,0,0,0,0,0,0,0,0,0,0,0,0,0,0,0,0,0,0
C:\Users\ehsra\Documents\GitHub\WMVxTOPNG\ModelsTree\World\wmo\Northrend\Landfeatures\HowlingFjord\Cliffs,13,0,0,0,0,0,0,0,0,0,0,0,0,0,0,0,0,0,0,0,0,0,0,13,0,0
C:\Users\ehsra\Documents\GitHub\WMVxTOPNG\ModelsTree\World\wmo\Northrend\Landfeatures\northrend_BG,12,0,0,0,0,0,0,0,0,0,0,0,0,0,0,0,0,0,0,0,0,0,0,12,0,0
C:\Users\ehsra\Documents\GitHub\WMVxTOPNG\ModelsTree\World\wmo\Northrend\Landfeatures\titan,2,0,0,0,0,0,0,0,0,0,0,0,0,0,0,0,0,0,0,0,0,0,0,2,0,0
C:\Users\ehsra\Documents\GitHub\WMVxTOPNG\ModelsTree\World\wmo\Northrend\Landfeatures\valgarde,4,0,0,0,0,0,0,0,0,0,0,0,0,0,0,0,0,0,0,0,0,0,0,4,0,0
C:\Users\ehsra\Documents\GitHub\WMVxTOPNG\ModelsTree\World\wmo\Northrend\Landfeatures\VentureDocks,21,0,0,0,0,0,0,0,0,0,0,0,0,0,0,0,0,0,0,0,0,0,0,21,0,0
C:\Users\ehsra\Documents\GitHub\WMVxTOPNG\ModelsTree\World\wmo\Northrend\micro_dungeons,0,1,0,0,0,0,0,0,0,0,0,0,0,0,0,0,0,0,0,0,0,0,0,0,0,0
C:\Users\ehsra\Documents\GitHub\WMVxTOPNG\ModelsTree\World\wmo\Northrend\micro_dungeons\ND_Sholazar_OracleTree,3,0,0,0,0,0,0,0,0,0,0,0,0,0,0,0,0,0,0,0,0,0,0,3,0,0
C:\Users\ehsra\Documents\GitHub\WMVxTOPNG\ModelsTree\World\wmo\Northrend\ND_BearCaves,5,0,0,0,0,0,0,0,0,0,0,0,0,0,0,0,0,0,0,0,0,0,0,5,0,0
C:\Users\ehsra\Documents\GitHub\WMVxTOPNG\ModelsTree\World\wmo\Northrend\ND_IceCaves,41,0,0,0,0,0,0,0,0,0,0,0,0,0,0,0,0,0,0,0,0,0,0,41,0,0
C:\Users\ehsra\Documents\GitHub\WMVxTOPNG\ModelsTree\World\wmo\Northrend\ND_VentureBay,4,0,0,0,0,0,0,0,0,0,0,0,0,0,0,0,0,0,0,0,0,0,0,4,0,0
C:\Users\ehsra\Documents\GitHub\WMVxTOPNG\ModelsTree\World\wmo\Northrend\NerubianBuildings,36,0,0,0,0,0,0,0,0,0,0,0,0,0,0,0,0,0,0,0,0,0,0,36,0,0
C:\Users\ehsra\Documents\GitHub\WMVxTOPNG\ModelsTree\World\wmo\Northrend\Stormpeaks,0,3,0,0,0,0,0,0,0,0,0,0,0,0,0,0,0,0,0,0,0,0,0,0,0,0
C:\Users\ehsra\Documents\GitHub\WMVxTOPNG\ModelsTree\World\wmo\Northrend\Stormpeaks\GiantBattle,26,0,0,0,0,0,0,0,0,0,0,0,0,0,0,0,0,0,0,0,0,0,0,26,0,0
C:\Users\ehsra\Documents\GitHub\WMVxTOPNG\ModelsTree\World\wmo\Northrend\Stormpeaks\IronGiant,2,0,0,0,0,0,0,0,0,0,0,0,0,0,0,0,0,0,0,0,0,0,0,2,0,0
C:\Users\ehsra\Documents\GitHub\WMVxTOPNG\ModelsTree\World\wmo\Northrend\Stormpeaks\Nests,2,0,0,0,0,0,0,0,0,0,0,0,0,0,0,0,0,0,0,0,0,0,0,2,0,0
C:\Users\ehsra\Documents\GitHub\WMVxTOPNG\ModelsTree\World\wmo\Northrend\StrandOfTheAncients,5,0,0,0,0,0,0,0,0,0,0,0,0,0,0,0,0,0,0,0,0,0,0,5,0,0
C:\Users\ehsra\Documents\GitHub\WMVxTOPNG\ModelsTree\World\wmo\Northrend\TitanPit,2,0,0,0,0,0,0,0,0,0,0,0,0,0,0,0,0,0,0,0,0,0,0,2,0,0
C:\Users\ehsra\Documents\GitHub\WMVxTOPNG\ModelsTree\World\wmo\Northrend\VrykulBuildings,4,0,0,0,0,0,0,0,0,0,0,0,0,0,0,0,0,0,0,0,0,0,0,4,0,0
C:\Users\ehsra\Documents\GitHub\WMVxTOPNG\ModelsTree\World\wmo\Northrend\Wintergrasp,93,0,0,0,0,0,0,0,0,0,0,0,0,0,0,0,0,0,0,0,0,0,0,93,0,0
C:\Users\ehsra\Documents\GitHub\WMVxTOPNG\ModelsTree\World\wmo\Outland,0,22,0,0,0,0,0,0,0,0,0,0,0,0,0,0,0,0,0,0,0,0,0,0,0,0
C:\Users\ehsra\Documents\GitHub\WMVxTOPNG\ModelsTree\World\wmo\Outland\AncOrcBuildings,30,0,0,0,0,0,0,0,0,0,0,0,0,0,0,0,0,0,0,0,0,0,0,30,0,0
C:\Users\ehsra\Documents\GitHub\WMVxTOPNG\ModelsTree\World\wmo\Outland\ArokkoaBuildings,14,0,0,0,0,0,0,0,0,0,0,0,0,0,0,0,0,0,0,0,0,0,0,14,0,0
C:\Users\ehsra\Documents\GitHub\WMVxTOPNG\ModelsTree\World\wmo\Outland\bladesedge,0,3,0,0,0,0,0,0,0,0,0,0,0,0,0,0,0,0,0,0,0,0,0,0,0,0
C:\Users\ehsra\Documents\GitHub\WMVxTOPNG\ModelsTree\World\wmo\Outland\bladesedge\bridge,2,0,0,0,0,0,0,0,0,0,0,0,0,0,0,0,0,0,0,0,0,0,0,2,0,0
C:\Users\ehsra\Documents\GitHub\WMVxTOPNG\ModelsTree\World\wmo\Outland\bladesedge\DarkPortal,2,0,0,0,0,0,0,0,0,0,0,0,0,0,0,0,0,0,0,0,0,0,0,2,0,0
C:\Users\ehsra\Documents\GitHub\WMVxTOPNG\ModelsTree\World\wmo\Outland\bladesedge\OgreRock,2,0,0,0,0,0,0,0,0,0,0,0,0,0,0,0,0,0,0,0,0,0,0,2,0,0
C:\Users\ehsra\Documents\GitHub\WMVxTOPNG\ModelsTree\World\wmo\Outland\BrokenBuildings,18,0,0,0,0,0,0,0,0,0,0,0,0,0,0,0,0,0,0,0,0,0,0,18,0,0
C:\Users\ehsra\Documents\GitHub\WMVxTOPNG\ModelsTree\World\wmo\Outland\DarkPortal,11,0,0,0,0,2,0,0,0,0,1,0,0,1,0,0,0,0,0,0,0,0,0,7,0,0
C:\Users\ehsra\Documents\GitHub\WMVxTOPNG\ModelsTree\World\wmo\Outland\DraeniBuildings,69,0,0,0,0,0,0,0,0,0,0,0,0,0,0,0,0,0,0,0,0,0,0,69,0,0
C:\Users\ehsra\Documents\GitHub\WMVxTOPNG\ModelsTree\World\wmo\Outland\FloatingBuildings,2,0,0,0,0,0,0,0,0,0,0,0,0,0,0,0,0,0,0,0,0,0,0,2,0,0
C:\Users\ehsra\Documents\GitHub\WMVxTOPNG\ModelsTree\World\wmo\Outland\FloatingRocks,6,0,0,0,0,0,0,0,0,0,0,0,0,0,0,0,0,0,0,0,0,0,0,6,0,0
C:\Users\ehsra\Documents\GitHub\WMVxTOPNG\ModelsTree\World\wmo\Outland\HumanBuildings,15,0,0,0,0,0,0,0,0,0,0,0,0,0,0,0,0,0,0,0,0,0,0,15,0,0
C:\Users\ehsra\Documents\GitHub\WMVxTOPNG\ModelsTree\World\wmo\Outland\HumanTank,6,0,0,0,0,0,0,0,0,0,0,0,0,0,0,0,0,0,0,0,0,0,0,6,0,0
C:\Users\ehsra\Documents\GitHub\WMVxTOPNG\ModelsTree\World\wmo\Outland\KilJaedenThrone,2,0,0,0,0,0,0,0,0,0,0,0,0,0,0,0,0,0,0,0,0,0,0,2,0,0
C:\Users\ehsra\Documents\GitHub\WMVxTOPNG\ModelsTree\World\wmo\Outland\LostOnes,10,0,0,0,0,0,0,0,0,0,0,0,0,0,0,0,0,0,0,0,0,0,0,10,0,0
C:\Users\ehsra\Documents\GitHub\WMVxTOPNG\ModelsTree\World\wmo\Outland\Nagrand,0,2,0,0,0,0,0,0,0,0,0,0,0,0,0,0,0,0,0,0,0,0,0,0,0,0
C:\Users\ehsra\Documents\GitHub\WMVxTOPNG\ModelsTree\World\wmo\Outland\Nagrand\DarkPortal,2,0,0,0,0,0,0,0,0,0,0,0,0,0,0,0,0,0,0,0,0,0,0,2,0,0
C:\Users\ehsra\Documents\GitHub\WMVxTOPNG\ModelsTree\World\wmo\Outland\Nagrand\Docks,2,0,0,0,0,0,0,0,0,0,0,0,0,0,0,0,0,0,0,0,0,0,0,2,0,0
C:\Users\ehsra\Documents\GitHub\WMVxTOPNG\ModelsTree\World\wmo\Outland\Neterstorm,0,4,0,0,0,0,0,0,0,0,0,0,0,0,0,0,0,0,0,0,0,0,0,0,0,0
C:\Users\ehsra\Documents\GitHub\WMVxTOPNG\ModelsTree\World\wmo\Outland\Neterstorm\Area52,3,0,0,0,0,0,0,0,0,0,0,0,0,0,0,0,0,0,0,0,0,0,0,3,0,0
C:\Users\ehsra\Documents\GitHub\WMVxTOPNG\ModelsTree\World\wmo\Outland\Neterstorm\BioDomes,32,0,0,0,0,0,0,0,0,0,0,0,0,0,0,0,0,0,0,0,0,0,0,32,0,0
C:\Users\ehsra\Documents\GitHub\WMVxTOPNG\ModelsTree\World\wmo\Outland\Neterstorm\Bridges,6,0,0,0,0,0,0,0,0,0,0,0,0,0,0,0,0,0,0,0,0,0,0,6,0,0
C:\Users\ehsra\Documents\GitHub\WMVxTOPNG\ModelsTree\World\wmo\Outland\Neterstorm\GoblinBuildings,16,0,0,0,0,0,0,0,0,0,0,0,0,0,0,0,0,0,0,0,0,0,0,16,0,0
C:\Users\ehsra\Documents\GitHub\WMVxTOPNG\ModelsTree\World\wmo\Outland\NetherMicros,30,0,0,0,0,0,0,0,0,0,0,0,0,0,0,0,0,0,0,0,0,0,0,30,0,0
C:\Users\ehsra\Documents\GitHub\WMVxTOPNG\ModelsTree\World\wmo\Outland\OrcBuildings,57,0,0,0,0,0,0,0,0,0,0,0,0,0,0,0,0,0,0,0,0,0,0,57,0,0
C:\Users\ehsra\Documents\GitHub\WMVxTOPNG\ModelsTree\World\wmo\Outland\Shadowmoon,0,4,0,0,0,0,0,0,0,0,0,0,0,0,0,0,0,0,0,0,0,0,0,0,0,0
C:\Users\ehsra\Documents\GitHub\WMVxTOPNG\ModelsTree\World\wmo\Outland\Shadowmoon\CoilfangMicro,10,0,0,0,0,0,0,0,0,0,0,0,0,0,0,0,0,0,0,0,0,0,0,10,0,0
C:\Users\ehsra\Documents\GitHub\WMVxTOPNG\ModelsTree\World\wmo\Outland\Shadowmoon\Prison,8,0,0,0,0,0,0,0,0,0,0,0,0,0,0,0,0,0,0,0,0,0,0,8,0,0
C:\Users\ehsra\Documents\GitHub\WMVxTOPNG\ModelsTree\World\wmo\Outland\Shadowmoon\Rocks,4,0,0,0,0,0,0,0,0,0,0,0,0,0,0,0,0,0,0,0,0,0,0,4,0,0
C:\Users\ehsra\Documents\GitHub\WMVxTOPNG\ModelsTree\World\wmo\Outland\Shadowmoon\Slagpit,7,0,0,0,0,0,0,0,0,0,0,0,0,0,0,0,0,0,0,0,0,0,0,7,0,0
C:\Users\ehsra\Documents\GitHub\WMVxTOPNG\ModelsTree\World\wmo\Outland\SporeBuildings,3,0,0,0,0,0,0,0,0,0,0,0,0,0,0,0,0,0,0,0,0,0,0,3,0,0
C:\Users\ehsra\Documents\GitHub\WMVxTOPNG\ModelsTree\World\wmo\Outland\Terokkar,34,1,0,0,0,0,0,0,0,0,0,0,0,0,0,0,0,0,0,0,0,0,0,34,0,0
C:\Users\ehsra\Documents\GitHub\WMVxTOPNG\ModelsTree\World\wmo\Outland\Terokkar\Boneshrine,2,0,0,0,0,0,0,0,0,0,0,0,0,0,0,0,0,0,0,0,0,0,0,2,0,0
C:\Users\ehsra\Documents\GitHub\WMVxTOPNG\ModelsTree\World\wmo\Outland\TrollBuildings,10,0,0,0,0,0,0,0,0,0,0,0,0,0,0,0,0,0,0,0,0,0,0,10,0,0
C:\Users\ehsra\Documents\GitHub\WMVxTOPNG\ModelsTree\World\wmo\Outland\Zangar,0,5,0,0,0,0,0,0,0,0,0,0,0,0,0,0,0,0,0,0,0,0,0,0,0,0
C:\Users\ehsra\Documents\GitHub\WMVxTOPNG\ModelsTree\World\wmo\Outland\Zangar\Bridge,2,0,0,0,0,0,0,0,0,0,0,0,0,0,0,0,0,0,0,0,0,0,0,2,0,0
C:\Users\ehsra\Documents\GitHub\WMVxTOPNG\ModelsTree\World\wmo\Outland\Zangar\DarkPortal,2,0,0,0,0,0,0,0,0,0,0,0,0,0,0,0,0,0,0,0,0,0,0,2,0,0
C:\Users\ehsra\Documents\GitHub\WMVxTOPNG\ModelsTree\World\wmo\Outland\Zangar\HordeBase,18,0,0,0,0,0,0,0,0,0,0,0,0,0,0,0,0,0,0,0,0,0,0,18,0,0
C:\Users\ehsra\Documents\GitHub\WMVxTOPNG\ModelsTree\World\wmo\Outland\Zangar\Road,60,0,0,0,0,0,0,0,0,0,0,0,0,0,0,0,0,0,0,0,0,0,0,60,0,0
C:\Users\ehsra\Documents\GitHub\WMVxTOPNG\ModelsTree\World\wmo\Outland\Zangar\Staircase,4,0,0,0,0,0,0,0,0,0,0,0,0,0,0,0,0,0,0,0,0,0,0,4,0,0
C:\Users\ehsra\Documents\GitHub\WMVxTOPNG\ModelsTree\World\wmo\Outland\ZangarMushroomBase,13,0,0,0,0,0,0,0,0,0,0,0,0,0,0,0,0,0,0,0,0,0,0,13,0,0
C:\Users\ehsra\Documents\GitHub\WMVxTOPNG\ModelsTree\World\wmo\PlayerHousing,0,1,0,0,0,0,0,0,0,0,0,0,0,0,0,0,0,0,0,0,0,0,0,0,0,0
C:\Users\ehsra\Documents\GitHub\WMVxTOPNG\ModelsTree\World\wmo\PlayerHousing\Human,4,0,0,0,0,0,0,0,0,0,0,0,0,0,0,0,0,0,0,0,0,0,0,4,0,0
C:\Users\ehsra\Documents\GitHub\WMVxTOPNG\ModelsTree\World\wmo\PvP,0,4,0,0,0,0,0,0,0,0,0,0,0,0,0,0,0,0,0,0,0,0,0,0,0,0
C:\Users\ehsra\Documents\GitHub\WMVxTOPNG\ModelsTree\World\wmo\PvP\Alterac,0,1,0,0,0,0,0,0,0,0,0,0,0,0,0,0,0,0,0,0,0,0,0,0,0,0
C:\Users\ehsra\Documents\GitHub\WMVxTOPNG\ModelsTree\World\wmo\PvP\Alterac\Walls,4,0,0,0,0,0,0,0,0,0,0,0,0,0,0,0,0,0,0,0,0,0,0,4,0,0
C:\Users\ehsra\Documents\GitHub\WMVxTOPNG\ModelsTree\World\wmo\PvP\Buildings,0,9,0,0,0,0,0,0,0,0,0,0,0,0,0,0,0,0,0,0,0,0,0,0,0,0
C:\Users\ehsra\Documents\GitHub\WMVxTOPNG\ModelsTree\World\wmo\PvP\Buildings\AncientOrcArena,4,0,0,0,0,0,0,0,0,0,0,0,0,0,0,0,0,0,0,0,0,0,0,4,0,0
C:\Users\ehsra\Documents\GitHub\WMVxTOPNG\ModelsTree\World\wmo\PvP\Buildings\CTF,48,0,0,0,0,0,0,0,0,0,0,0,0,0,0,0,0,0,0,0,0,0,0,48,0,0
C:\Users\ehsra\Documents\GitHub\WMVxTOPNG\ModelsTree\World\wmo\PvP\Buildings\Dalaran,3,0,0,0,0,0,0,0,0,0,0,0,0,0,0,0,0,0,0,0,0,0,0,3,0,0
C:\Users\ehsra\Documents\GitHub\WMVxTOPNG\ModelsTree\World\wmo\PvP\Buildings\DwarfStronghold,3,0,0,0,0,0,0,0,0,0,0,0,0,0,0,0,0,0,0,0,0,0,0,3,0,0
C:\Users\ehsra\Documents\GitHub\WMVxTOPNG\ModelsTree\World\wmo\PvP\Buildings\Lordaeron,6,0,0,0,0,0,0,0,0,0,0,0,0,0,0,0,0,0,0,0,0,0,0,6,0,0
C:\Users\ehsra\Documents\GitHub\WMVxTOPNG\ModelsTree\World\wmo\PvP\Buildings\OrcBarracksPvP,9,0,0,0,0,0,0,0,0,0,0,0,0,0,0,0,0,0,0,0,0,0,0,9,0,0
C:\Users\ehsra\Documents\GitHub\WMVxTOPNG\ModelsTree\World\wmo\PvP\Buildings\OrcTower,6,0,0,0,0,0,0,0,0,0,0,0,0,0,0,0,0,0,0,0,0,0,0,6,0,0
C:\Users\ehsra\Documents\GitHub\WMVxTOPNG\ModelsTree\World\wmo\PvP\Buildings\Orgrimmar,2,0,0,0,0,0,0,0,0,0,0,0,0,0,0,0,0,0,0,0,0,0,0,2,0,0
C:\Users\ehsra\Documents\GitHub\WMVxTOPNG\ModelsTree\World\wmo\PvP\Buildings\TaurenGate,2,0,0,0,0,0,0,0,0,0,0,0,0,0,0,0,0,0,0,0,0,0,0,2,0,0
C:\Users\ehsra\Documents\GitHub\WMVxTOPNG\ModelsTree\World\wmo\PvP\Fence,4,0,0,0,0,0,0,0,0,0,0,0,0,0,0,0,0,0,0,0,0,0,0,4,0,0
C:\Users\ehsra\Documents\GitHub\WMVxTOPNG\ModelsTree\World\wmo\PvP\Northrendpvp,2,0,0,0,0,0,0,0,0,0,0,0,0,0,0,0,0,0,0,0,0,0,0,2,0,0
C:\Users\ehsra\Documents\GitHub\WMVxTOPNG\ModelsTree\World\wmo\Test,3,0,0,0,0,0,0,0,0,0,0,0,0,0,0,0,0,0,0,0,0,0,0,3,0,0
C:\Users\ehsra\Documents\GitHub\WMVxTOPNG\ModelsTree\World\wmo\transports,0,14,0,0,0,0,0,0,0,0,0,0,0,0,0,0,0,0,0,0,0,0,0,0,0,0
C:\Users\ehsra\Documents\GitHub\WMVxTOPNG\ModelsTree\World\wmo\transports\BlackCitadel,3,0,0,0,0,0,0,0,0,0,0,0,0,0,0,0,0,0,0,0,0,0,0,3,0,0
C:\Users\ehsra\Documents\GitHub\WMVxTOPNG\ModelsTree\World\wmo\transports\Crashed_zeppelin,6,0,0,0,0,0,0,0,0,0,0,0,0,0,0,0,0,0,0,0,0,0,0,6,0,0
C:\Users\ehsra\Documents\GitHub\WMVxTOPNG\ModelsTree\World\wmo\transports\icebreaker,8,0,0,0,0,0,0,0,0,0,0,0,0,0,0,0,0,0,0,0,0,0,0,8,0,0
C:\Users\ehsra\Documents\GitHub\WMVxTOPNG\ModelsTree\World\wmo\transports\passengership,5,0,0,0,0,0,0,0,0,0,0,0,0,0,0,0,0,0,0,0,0,0,0,5,0,0
C:\Users\ehsra\Documents\GitHub\WMVxTOPNG\ModelsTree\World\wmo\transports\transport_horde_zeppelin,2,0,0,0,0,0,0,0,0,0,0,0,0,0,0,0,0,0,0,0,0,0,0,2,0,0
C:\Users\ehsra\Documents\GitHub\WMVxTOPNG\ModelsTree\World\wmo\transports\transport_ship,5,0,0,0,0,0,0,0,0,0,0,0,0,0,0,0,0,0,0,0,0,0,0,5,0,0
C:\Users\ehsra\Documents\GitHub\WMVxTOPNG\ModelsTree\World\wmo\transports\transport_ship_NE,4,0,0,0,0,0,0,0,0,0,0,0,0,0,0,0,0,0,0,0,0,0,0,4,0,0
C:\Users\ehsra\Documents\GitHub\WMVxTOPNG\ModelsTree\World\wmo\transports\transport_ship_Pirate,8,0,0,0,0,0,0,0,0,0,0,0,0,0,0,0,0,0,0,0,0,0,0,8,0,0
C:\Users\ehsra\Documents\GitHub\WMVxTOPNG\ModelsTree\World\wmo\transports\transport_ship_UD,8,0,0,0,0,0,0,0,0,0,0,0,0,0,0,0,0,0,0,0,0,0,0,8,0,0
C:\Users\ehsra\Documents\GitHub\WMVxTOPNG\ModelsTree\World\wmo\transports\transport_zeppelin,3,0,0,0,0,0,0,0,0,0,0,0,0,0,0,0,0,0,0,0,0,0,0,3,0,0
C:\Users\ehsra\Documents\GitHub\WMVxTOPNG\ModelsTree\World\wmo\transports\Tuskarrboat,4,0,0,0,0,0,0,0,0,0,0,0,0,0,0,0,0,0,0,0,0,0,0,4,0,0
C:\Users\ehsra\Documents\GitHub\WMVxTOPNG\ModelsTree\World\wmo\transports\Undead,8,0,0,0,0,0,0,0,0,0,0,0,0,0,0,0,0,0,0,0,0,0,0,8,0,0
C:\Users\ehsra\Documents\GitHub\WMVxTOPNG\ModelsTree\World\wmo\transports\VrykulBoats,8,0,0,0,0,0,0,0,0,0,0,0,0,0,0,0,0,0,0,0,0,0,0,8,0,0
C:\Users\ehsra\Documents\GitHub\WMVxTOPNG\ModelsTree\World\wmo\transports\WMO_elevators,62,0,0,0,0,0,0,0,0,0,0,0,0,0,0,0,0,0,0,0,0,0,0,62,0,0
C:\Users\ehsra\Documents\GitHub\WMVxTOPNG\ModelsTree\WTF,1,0,0,0,0,0,0,0,0,0,0,0,0,0,0,0,0,0,0,0,0,0,0,0,1,0
C:\Users\ehsra\Documents\GitHub\WMVxTOPNG\ModelsTree\XTEXTURES,0,9,0,0,0,0,0,0,0,0,0,0,0,0,0,0,0,0,0,0,0,0,0,0,0,0
C:\Users\ehsra\Documents\GitHub\WMVxTOPNG\ModelsTree\XTEXTURES\caustic,29,0,0,0,0,29,0,0,0,0,0,0,0,0,0,0,0,0,0,0,0,0,0,0,0,0
C:\Users\ehsra\Documents\GitHub\WMVxTOPNG\ModelsTree\XTEXTURES\FX,2,0,0,0,0,2,0,0,0,0,0,0,0,0,0,0,0,0,0,0,0,0,0,0,0,0
C:\Users\ehsra\Documents\GitHub\WMVxTOPNG\ModelsTree\XTEXTURES\LAVA,30,0,0,0,0,30,0,0,0,0,0,0,0,0,0,0,0,0,0,0,0,0,0,0,0,0
C:\Users\ehsra\Documents\GitHub\WMVxTOPNG\ModelsTree\XTEXTURES\LavaGreen,30,0,0,0,0,30,0,0,0,0,0,0,0,0,0,0,0,0,0,0,0,0,0,0,0,0
C:\Users\ehsra\Documents\GitHub\WMVxTOPNG\ModelsTree\XTEXTURES\LavaOrange,30,0,0,0,0,30,0,0,0,0,0,0,0,0,0,0,0,0,0,0,0,0,0,0,0,0
C:\Users\ehsra\Documents\GitHub\WMVxTOPNG\ModelsTree\XTEXTURES\ocean,30,0,0,0,0,30,0,0,0,0,0,0,0,0,0,0,0,0,0,0,0,0,0,0,0,0
C:\Users\ehsra\Documents\GitHub\WMVxTOPNG\ModelsTree\XTEXTURES\river,106,0,0,0,0,106,0,0,0,0,0,0,0,0,0,0,0,0,0,0,0,0,0,0,0,0
C:\Users\ehsra\Documents\GitHub\WMVxTOPNG\ModelsTree\XTEXTURES\SLIME,30,0,0,0,0,30,0,0,0,0,0,0,0,0,0,0,0,0,0,0,0,0,0,0,0,0
C:\Users\ehsra\Documents\GitHub\WMVxTOPNG\ModelsTree\XTEXTURES\splash,2,0,0,0,0,2,0,0,0,0,0,0,0,0,0,0,0,0,0,0,0,0,0,0,0,0
C:\Users\ehsra\Documents\GitHub\WMVxTOPNG\ModelsTree\_shaders,0,3,0,0,0,0,0,0,0,0,0,0,0,0,0,0,0,0,0,0,0,0,0,0,0,0
C:\Users\ehsra\Documents\GitHub\WMVxTOPNG\ModelsTree\_shaders\effects,4,0,0,0,0,0,0,0,0,0,0,0,0,0,0,0,0,0,0,0,0,4,0,0,0,0
C:\Users\ehsra\Documents\GitHub\WMVxTOPNG\ModelsTree\_shaders\pixel,0,7,0,0,0,0,0,0,0,0,0,0,0,0,0,0,0,0,0,0,0,0,0,0,0,0
C:\Users\ehsra\Documents\GitHub\WMVxTOPNG\ModelsTree\_shaders\pixel\arbfp1,61,0,0,0,0,0,61,0,0,0,0,0,0,0,0,0,0,0,0,0,0,0,0,0,0,0
C:\Users\ehsra\Documents\GitHub\WMVxTOPNG\ModelsTree\_shaders\pixel\nvrc,2,0,0,0,0,0,2,0,0,0,0,0,0,0,0,0,0,0,0,0,0,0,0,0,0,0
C:\Users\ehsra\Documents\GitHub\WMVxTOPNG\ModelsTree\_shaders\pixel\nvts,55,0,0,0,0,0,55,0,0,0,0,0,0,0,0,0,0,0,0,0,0,0,0,0,0,0
C:\Users\ehsra\Documents\GitHub\WMVxTOPNG\ModelsTree\_shaders\pixel\ps_1_1,53,0,0,0,0,0,53,0,0,0,0,0,0,0,0,0,0,0,0,0,0,0,0,0,0,0
C:\Users\ehsra\Documents\GitHub\WMVxTOPNG\ModelsTree\_shaders\pixel\ps_1_4,20,0,0,0,0,0,20,0,0,0,0,0,0,0,0,0,0,0,0,0,0,0,0,0,0,0
C:\Users\ehsra\Documents\GitHub\WMVxTOPNG\ModelsTree\_shaders\pixel\ps_2_0,59,0,0,0,0,0,59,0,0,0,0,0,0,0,0,0,0,0,0,0,0,0,0,0,0,0
C:\Users\ehsra\Documents\GitHub\WMVxTOPNG\ModelsTree\_shaders\pixel\ps_3_0,45,0,0,0,0,0,45,0,0,0,0,0,0,0,0,0,0,0,0,0,0,0,0,0,0,0
C:\Users\ehsra\Documents\GitHub\WMVxTOPNG\ModelsTree\_shaders\vertex,0,5,0,0,0,0,0,0,0,0,0,0,0,0,0,0,0,0,0,0,0,0,0,0,0,0
C:\Users\ehsra\Documents\GitHub\WMVxTOPNG\ModelsTree\_shaders\vertex\arbvp1,32,0,0,0,0,0,32,0,0,0,0,0,0,0,0,0,0,0,0,0,0,0,0,0,0,0
C:\Users\ehsra\Documents\GitHub\WMVxTOPNG\ModelsTree\_shaders\vertex\arbvp1_cg12,32,0,0,0,0,0,32,0,0,0,0,0,0,0,0,0,0,0,0,0,0,0,0,0,0,0
C:\Users\ehsra\Documents\GitHub\WMVxTOPNG\ModelsTree\_shaders\vertex\vs_1_1,30,0,0,0,0,0,30,0,0,0,0,0,0,0,0,0,0,0,0,0,0,0,0,0,0,0
C:\Users\ehsra\Documents\GitHub\WMVxTOPNG\ModelsTree\_shaders\vertex\vs_2_0,31,0,0,0,0,0,31,0,0,0,0,0,0,0,0,0,0,0,0,0,0,0,0,0,0,0
C:\Users\ehsra\Documents\GitHub\WMVxTOPNG\ModelsTree\_shaders\vertex\vs_3_0,23,0,0,0,0,0,23,0,0,0,0,0,0,0,0,0,0,0,0,0,0,0,0,0,0,0
